event_get_version(0x7ffe83b2a698, 0x48a608, 0x48a4c0, 0)            = 0x7fd30f9109ed
strncmp("2.1.11-stable", "1.", 2)                                   = 1
signal(SIGINT, 0x4151ac)                                            = 0
signal(SIGTERM, 0x4151ac)                                           = 0
__pmc_depAdd(5111, 5115, 0, 0)                                      = 0
__pmc_depAdd(5114, 5115, 0, 0)                                      = 0
__pmc_funcBegin(0x4841d7, 0, 0, 0)                                  = 0
__pmc_dummy_begin(0, 0, 0, 1)                                       = 0
pthread_mutex_init(0x497650, 0, 0, 0)                               = 0
__pmc_printStoreAddr(0x497688, 4, 5115, 1789)                       = 0
__pmc_funcEnd(0x4841d7, 0, 0, 0)                                    = 0
__pmc_dummy_end(0, 0, 0, 0x4841d7)                                  = 0
setbuf(0x7fd30f5405c0, 0)                                           = <void>
getopt_long(5, 0x7ffe83b2abb8, "a:Ap:s:U:m:Mc:khiVrvdl:u:P:f:n:t"..., 0x7ffe83b2a6a0, 0) = 112
atoi(0x7ffe83b2b8b8, 112, 0x4835ac, 0)                              = 0x170475
getopt_long(5, 0x7ffe83b2abb8, "a:Ap:s:U:m:Mc:khiVrvdl:u:P:f:n:t"..., 0x7ffe83b2a6a0, 0) = 117
getopt_long(5, 0x7ffe83b2abb8, "a:Ap:s:U:m:Mc:khiVrvdl:u:P:f:n:t"..., 0x7ffe83b2a6a0, 0) = -1
getrlimit(7, 0x7ffe83b2a330, 20, 0x80000)                           = 0
setrlimit(7, 0x7ffe83b2a330, 0, 0x7fd30f466f94)                     = 0
getuid()                                                            = 0
getpwnam("root")                                                    = 0x7fd30f542460
setgid(0)                                                           = 0
setuid(0)                                                           = 0
event_init(0, 0x47d550, 0, 0)                                       = 0x18f7890
pthread_key_create(0x4a0940, 0, 0x7fd30f924210, 0x18f6f00)          = 0
pthread_create(0x499508, 0, 0x46c348, 0)                            = 0
pthread_mutex_lock(0x498000, 0x7fd30f31efb0, 0, 0x7fd30f31f700)     = 0
pthread_mutex_unlock(0x498000, 0x7fd30f31efb0, 0, 0)                = 0
memset(0x49df80, '\0', 168)                                         = 0x49df80
memset(0x49e040, '\0', 48)                                          = 0x49e040
time(0)                                                             = 1725578279
memset(0x498160, '\0', 2048)                                        = 0x498160
calloc(65536, 8)                                                    = 0x7fd30ea9e010
pthread_mutex_lock(0x498000, 0x81000, 0x81002, 0x7fd30f46bb06)      = 0
pthread_mutex_unlock(0x498000, 0x81000, 0x80000, 16)                = 0
dup(1, 0, 0, 16)                                                    = 6
getrlimit(7, 0x7ffe83b2a220, 1034, 0x7fd30f461abb)                  = 0
close(6)                                                            = 0
calloc(1024, 8)                                                     = 0x18f7cc0
memset(0x48ace0, '\0', 3072)                                        = 0x48ace0
getenv("T_MEMD_INITIAL_MALLOC")                                     = nil
sigignore(13, 0x60658, 0x4838a4, 4)                                 = 0
pthread_mutex_init(0x49e0a0, 0, 0x49e0a0, 0)                        = 0
pthread_mutex_init(0x49e0c8, 0, 0x49e0a0, 0)                        = 0
pthread_mutex_init(0x49e0f0, 0, 0x49e0a0, 0)                        = 0
pthread_mutex_init(0x49e118, 0, 0x49e0a0, 0)                        = 0
pthread_mutex_init(0x49e140, 0, 0x49e0a0, 0)                        = 0
pthread_mutex_init(0x49e168, 0, 0x49e0a0, 0)                        = 0
pthread_mutex_init(0x49e190, 0, 0x49e0a0, 0)                        = 0
pthread_mutex_init(0x49e1b8, 0, 0x49e0a0, 0)                        = 0
pthread_mutex_init(0x49e1e0, 0, 0x49e0a0, 0)                        = 0
pthread_mutex_init(0x49e208, 0, 0x49e0a0, 0)                        = 0
pthread_mutex_init(0x49e230, 0, 0x49e0a0, 0)                        = 0
pthread_mutex_init(0x49e258, 0, 0x49e0a0, 0)                        = 0
pthread_mutex_init(0x49e280, 0, 0x49e0a0, 0)                        = 0
pthread_mutex_init(0x49e2a8, 0, 0x49e0a0, 0)                        = 0
pthread_mutex_init(0x49e2d0, 0, 0x49e0a0, 0)                        = 0
pthread_mutex_init(0x49e2f8, 0, 0x49e0a0, 0)                        = 0
pthread_mutex_init(0x49e320, 0, 0x49e0a0, 0)                        = 0
pthread_mutex_init(0x49e348, 0, 0x49e0a0, 0)                        = 0
pthread_mutex_init(0x49e370, 0, 0x49e0a0, 0)                        = 0
pthread_mutex_init(0x49e398, 0, 0x49e0a0, 0)                        = 0
pthread_mutex_init(0x49e3c0, 0, 0x49e0a0, 0)                        = 0
pthread_mutex_init(0x49e3e8, 0, 0x49e0a0, 0)                        = 0
pthread_mutex_init(0x49e410, 0, 0x49e0a0, 0)                        = 0
pthread_mutex_init(0x49e438, 0, 0x49e0a0, 0)                        = 0
pthread_mutex_init(0x49e460, 0, 0x49e0a0, 0)                        = 0
pthread_mutex_init(0x49e488, 0, 0x49e0a0, 0)                        = 0
pthread_mutex_init(0x49e4b0, 0, 0x49e0a0, 0)                        = 0
pthread_mutex_init(0x49e4d8, 0, 0x49e0a0, 0)                        = 0
pthread_mutex_init(0x49e500, 0, 0x49e0a0, 0)                        = 0
pthread_mutex_init(0x49e528, 0, 0x49e0a0, 0)                        = 0
pthread_mutex_init(0x49e550, 0, 0x49e0a0, 0)                        = 0
pthread_mutex_init(0x49e578, 0, 0x49e0a0, 0)                        = 0
pthread_mutex_init(0x49e5a0, 0, 0x49e0a0, 0)                        = 0
pthread_mutex_init(0x49e5c8, 0, 0x49e0a0, 0)                        = 0
pthread_mutex_init(0x49e5f0, 0, 0x49e0a0, 0)                        = 0
pthread_mutex_init(0x49e618, 0, 0x49e0a0, 0)                        = 0
pthread_mutex_init(0x49e640, 0, 0x49e0a0, 0)                        = 0
pthread_mutex_init(0x49e668, 0, 0x49e0a0, 0)                        = 0
pthread_mutex_init(0x49e690, 0, 0x49e0a0, 0)                        = 0
pthread_mutex_init(0x49e6b8, 0, 0x49e0a0, 0)                        = 0
pthread_mutex_init(0x49e6e0, 0, 0x49e0a0, 0)                        = 0
pthread_mutex_init(0x49e708, 0, 0x49e0a0, 0)                        = 0
pthread_mutex_init(0x49e730, 0, 0x49e0a0, 0)                        = 0
pthread_mutex_init(0x49e758, 0, 0x49e0a0, 0)                        = 0
pthread_mutex_init(0x49e780, 0, 0x49e0a0, 0)                        = 0
pthread_mutex_init(0x49e7a8, 0, 0x49e0a0, 0)                        = 0
pthread_mutex_init(0x49e7d0, 0, 0x49e0a0, 0)                        = 0
pthread_mutex_init(0x49e7f8, 0, 0x49e0a0, 0)                        = 0
pthread_mutex_init(0x49e820, 0, 0x49e0a0, 0)                        = 0
pthread_mutex_init(0x49e848, 0, 0x49e0a0, 0)                        = 0
pthread_mutex_init(0x49e870, 0, 0x49e0a0, 0)                        = 0
pthread_mutex_init(0x49e898, 0, 0x49e0a0, 0)                        = 0
pthread_mutex_init(0x49e8c0, 0, 0x49e0a0, 0)                        = 0
pthread_mutex_init(0x49e8e8, 0, 0x49e0a0, 0)                        = 0
pthread_mutex_init(0x49e910, 0, 0x49e0a0, 0)                        = 0
pthread_mutex_init(0x49e938, 0, 0x49e0a0, 0)                        = 0
pthread_mutex_init(0x49e960, 0, 0x49e0a0, 0)                        = 0
pthread_mutex_init(0x49e988, 0, 0x49e0a0, 0)                        = 0
pthread_mutex_init(0x49e9b0, 0, 0x49e0a0, 0)                        = 0
pthread_mutex_init(0x49e9d8, 0, 0x49e0a0, 0)                        = 0
pthread_mutex_init(0x49ea00, 0, 0x49e0a0, 0)                        = 0
pthread_mutex_init(0x49ea28, 0, 0x49e0a0, 0)                        = 0
pthread_mutex_init(0x49ea50, 0, 0x49e0a0, 0)                        = 0
pthread_mutex_init(0x49ea78, 0, 0x49e0a0, 0)                        = 0
pthread_mutex_init(0x49eaa0, 0, 0x49e0a0, 0)                        = 0
pthread_mutex_init(0x49eac8, 0, 0x49e0a0, 0)                        = 0
pthread_mutex_init(0x49eaf0, 0, 0x49e0a0, 0)                        = 0
pthread_mutex_init(0x49eb18, 0, 0x49e0a0, 0)                        = 0
pthread_mutex_init(0x49eb40, 0, 0x49e0a0, 0)                        = 0
pthread_mutex_init(0x49eb68, 0, 0x49e0a0, 0)                        = 0
pthread_mutex_init(0x49eb90, 0, 0x49e0a0, 0)                        = 0
pthread_mutex_init(0x49ebb8, 0, 0x49e0a0, 0)                        = 0
pthread_mutex_init(0x49ebe0, 0, 0x49e0a0, 0)                        = 0
pthread_mutex_init(0x49ec08, 0, 0x49e0a0, 0)                        = 0
pthread_mutex_init(0x49ec30, 0, 0x49e0a0, 0)                        = 0
pthread_mutex_init(0x49ec58, 0, 0x49e0a0, 0)                        = 0
pthread_mutex_init(0x49ec80, 0, 0x49e0a0, 0)                        = 0
pthread_mutex_init(0x49eca8, 0, 0x49e0a0, 0)                        = 0
pthread_mutex_init(0x49ecd0, 0, 0x49e0a0, 0)                        = 0
pthread_mutex_init(0x49ecf8, 0, 0x49e0a0, 0)                        = 0
pthread_mutex_init(0x49ed20, 0, 0x49e0a0, 0)                        = 0
pthread_mutex_init(0x49ed48, 0, 0x49e0a0, 0)                        = 0
pthread_mutex_init(0x49ed70, 0, 0x49e0a0, 0)                        = 0
pthread_mutex_init(0x49ed98, 0, 0x49e0a0, 0)                        = 0
pthread_mutex_init(0x49edc0, 0, 0x49e0a0, 0)                        = 0
pthread_mutex_init(0x49ede8, 0, 0x49e0a0, 0)                        = 0
pthread_mutex_init(0x49ee10, 0, 0x49e0a0, 0)                        = 0
pthread_mutex_init(0x49ee38, 0, 0x49e0a0, 0)                        = 0
pthread_mutex_init(0x49ee60, 0, 0x49e0a0, 0)                        = 0
pthread_mutex_init(0x49ee88, 0, 0x49e0a0, 0)                        = 0
pthread_mutex_init(0x49eeb0, 0, 0x49e0a0, 0)                        = 0
pthread_mutex_init(0x49eed8, 0, 0x49e0a0, 0)                        = 0
pthread_mutex_init(0x49ef00, 0, 0x49e0a0, 0)                        = 0
pthread_mutex_init(0x49ef28, 0, 0x49e0a0, 0)                        = 0
pthread_mutex_init(0x49ef50, 0, 0x49e0a0, 0)                        = 0
pthread_mutex_init(0x49ef78, 0, 0x49e0a0, 0)                        = 0
pthread_mutex_init(0x49efa0, 0, 0x49e0a0, 0)                        = 0
pthread_mutex_init(0x49efc8, 0, 0x49e0a0, 0)                        = 0
pthread_mutex_init(0x49eff0, 0, 0x49e0a0, 0)                        = 0
pthread_mutex_init(0x49f018, 0, 0x49e0a0, 0)                        = 0
pthread_mutex_init(0x49f040, 0, 0x49e0a0, 0)                        = 0
pthread_mutex_init(0x49f068, 0, 0x49e0a0, 0)                        = 0
pthread_mutex_init(0x49f090, 0, 0x49e0a0, 0)                        = 0
pthread_mutex_init(0x49f0b8, 0, 0x49e0a0, 0)                        = 0
pthread_mutex_init(0x49f0e0, 0, 0x49e0a0, 0)                        = 0
pthread_mutex_init(0x49f108, 0, 0x49e0a0, 0)                        = 0
pthread_mutex_init(0x49f130, 0, 0x49e0a0, 0)                        = 0
pthread_mutex_init(0x49f158, 0, 0x49e0a0, 0)                        = 0
pthread_mutex_init(0x49f180, 0, 0x49e0a0, 0)                        = 0
pthread_mutex_init(0x49f1a8, 0, 0x49e0a0, 0)                        = 0
pthread_mutex_init(0x49f1d0, 0, 0x49e0a0, 0)                        = 0
pthread_mutex_init(0x49f1f8, 0, 0x49e0a0, 0)                        = 0
pthread_mutex_init(0x49f220, 0, 0x49e0a0, 0)                        = 0
pthread_mutex_init(0x49f248, 0, 0x49e0a0, 0)                        = 0
pthread_mutex_init(0x49f270, 0, 0x49e0a0, 0)                        = 0
pthread_mutex_init(0x49f298, 0, 0x49e0a0, 0)                        = 0
pthread_mutex_init(0x49f2c0, 0, 0x49e0a0, 0)                        = 0
pthread_mutex_init(0x49f2e8, 0, 0x49e0a0, 0)                        = 0
pthread_mutex_init(0x49f310, 0, 0x49e0a0, 0)                        = 0
pthread_mutex_init(0x49f338, 0, 0x49e0a0, 0)                        = 0
pthread_mutex_init(0x49f360, 0, 0x49e0a0, 0)                        = 0
pthread_mutex_init(0x49f388, 0, 0x49e0a0, 0)                        = 0
pthread_mutex_init(0x49f3b0, 0, 0x49e0a0, 0)                        = 0
pthread_mutex_init(0x49f3d8, 0, 0x49e0a0, 0)                        = 0
pthread_mutex_init(0x49f400, 0, 0x49e0a0, 0)                        = 0
pthread_mutex_init(0x49f428, 0, 0x49e0a0, 0)                        = 0
pthread_mutex_init(0x49f450, 0, 0x49e0a0, 0)                        = 0
pthread_mutex_init(0x49f478, 0, 0x49e0a0, 0)                        = 0
pthread_mutex_init(0x49f4a0, 0, 0x49e0a0, 0)                        = 0
pthread_mutex_init(0x49f4c8, 0, 0x49e0a0, 0)                        = 0
pthread_mutex_init(0x49f4f0, 0, 0x49e0a0, 0)                        = 0
pthread_mutex_init(0x49f518, 0, 0x49e0a0, 0)                        = 0
pthread_mutex_init(0x49f540, 0, 0x49e0a0, 0)                        = 0
pthread_mutex_init(0x49f568, 0, 0x49e0a0, 0)                        = 0
pthread_mutex_init(0x49f590, 0, 0x49e0a0, 0)                        = 0
pthread_mutex_init(0x49f5b8, 0, 0x49e0a0, 0)                        = 0
pthread_mutex_init(0x49f5e0, 0, 0x49e0a0, 0)                        = 0
pthread_mutex_init(0x49f608, 0, 0x49e0a0, 0)                        = 0
pthread_mutex_init(0x49f630, 0, 0x49e0a0, 0)                        = 0
pthread_mutex_init(0x49f658, 0, 0x49e0a0, 0)                        = 0
pthread_mutex_init(0x49f680, 0, 0x49e0a0, 0)                        = 0
pthread_mutex_init(0x49f6a8, 0, 0x49e0a0, 0)                        = 0
pthread_mutex_init(0x49f6d0, 0, 0x49e0a0, 0)                        = 0
pthread_mutex_init(0x49f6f8, 0, 0x49e0a0, 0)                        = 0
pthread_mutex_init(0x49f720, 0, 0x49e0a0, 0)                        = 0
pthread_mutex_init(0x49f748, 0, 0x49e0a0, 0)                        = 0
pthread_mutex_init(0x49f770, 0, 0x49e0a0, 0)                        = 0
pthread_mutex_init(0x49f798, 0, 0x49e0a0, 0)                        = 0
pthread_mutex_init(0x49f7c0, 0, 0x49e0a0, 0)                        = 0
pthread_mutex_init(0x49f7e8, 0, 0x49e0a0, 0)                        = 0
pthread_mutex_init(0x49f810, 0, 0x49e0a0, 0)                        = 0
pthread_mutex_init(0x49f838, 0, 0x49e0a0, 0)                        = 0
pthread_mutex_init(0x49f860, 0, 0x49e0a0, 0)                        = 0
pthread_mutex_init(0x49f888, 0, 0x49e0a0, 0)                        = 0
pthread_mutex_init(0x49f8b0, 0, 0x49e0a0, 0)                        = 0
pthread_mutex_init(0x49f8d8, 0, 0x49e0a0, 0)                        = 0
pthread_mutex_init(0x49f900, 0, 0x49e0a0, 0)                        = 0
pthread_mutex_init(0x49f928, 0, 0x49e0a0, 0)                        = 0
pthread_mutex_init(0x49f950, 0, 0x49e0a0, 0)                        = 0
pthread_mutex_init(0x49f978, 0, 0x49e0a0, 0)                        = 0
pthread_mutex_init(0x49f9a0, 0, 0x49e0a0, 0)                        = 0
pthread_mutex_init(0x49f9c8, 0, 0x49e0a0, 0)                        = 0
pthread_mutex_init(0x49f9f0, 0, 0x49e0a0, 0)                        = 0
pthread_mutex_init(0x49fa18, 0, 0x49e0a0, 0)                        = 0
pthread_mutex_init(0x49fa40, 0, 0x49e0a0, 0)                        = 0
pthread_mutex_init(0x49fa68, 0, 0x49e0a0, 0)                        = 0
pthread_mutex_init(0x49fa90, 0, 0x49e0a0, 0)                        = 0
pthread_mutex_init(0x49fab8, 0, 0x49e0a0, 0)                        = 0
pthread_mutex_init(0x49fae0, 0, 0x49e0a0, 0)                        = 0
pthread_mutex_init(0x49fb08, 0, 0x49e0a0, 0)                        = 0
pthread_mutex_init(0x49fb30, 0, 0x49e0a0, 0)                        = 0
pthread_mutex_init(0x49fb58, 0, 0x49e0a0, 0)                        = 0
pthread_mutex_init(0x49fb80, 0, 0x49e0a0, 0)                        = 0
pthread_mutex_init(0x49fba8, 0, 0x49e0a0, 0)                        = 0
pthread_mutex_init(0x49fbd0, 0, 0x49e0a0, 0)                        = 0
pthread_mutex_init(0x49fbf8, 0, 0x49e0a0, 0)                        = 0
pthread_mutex_init(0x49fc20, 0, 0x49e0a0, 0)                        = 0
pthread_mutex_init(0x49fc48, 0, 0x49e0a0, 0)                        = 0
pthread_mutex_init(0x49fc70, 0, 0x49e0a0, 0)                        = 0
pthread_mutex_init(0x49fc98, 0, 0x49e0a0, 0)                        = 0
pthread_mutex_init(0x49fcc0, 0, 0x49e0a0, 0)                        = 0
pthread_mutex_init(0x49fce8, 0, 0x49e0a0, 0)                        = 0
pthread_mutex_init(0x49fd10, 0, 0x49e0a0, 0)                        = 0
pthread_mutex_init(0x49fd38, 0, 0x49e0a0, 0)                        = 0
pthread_mutex_init(0x49fd60, 0, 0x49e0a0, 0)                        = 0
pthread_mutex_init(0x49fd88, 0, 0x49e0a0, 0)                        = 0
pthread_mutex_init(0x49fdb0, 0, 0x49e0a0, 0)                        = 0
pthread_mutex_init(0x49fdd8, 0, 0x49e0a0, 0)                        = 0
pthread_mutex_init(0x49fe00, 0, 0x49e0a0, 0)                        = 0
pthread_mutex_init(0x49fe28, 0, 0x49e0a0, 0)                        = 0
pthread_mutex_init(0x49fe50, 0, 0x49e0a0, 0)                        = 0
pthread_mutex_init(0x49fe78, 0, 0x49e0a0, 0)                        = 0
pthread_mutex_init(0x49fea0, 0, 0x49e0a0, 0)                        = 0
pthread_mutex_init(0x49fec8, 0, 0x49e0a0, 0)                        = 0
pthread_mutex_init(0x49fef0, 0, 0x49e0a0, 0)                        = 0
pthread_mutex_init(0x49ff18, 0, 0x49e0a0, 0)                        = 0
pthread_mutex_init(0x49ff40, 0, 0x49e0a0, 0)                        = 0
pthread_mutex_init(0x49ff68, 0, 0x49e0a0, 0)                        = 0
pthread_mutex_init(0x49ff90, 0, 0x49e0a0, 0)                        = 0
pthread_mutex_init(0x49ffb8, 0, 0x49e0a0, 0)                        = 0
pthread_mutex_init(0x49ffe0, 0, 0x49e0a0, 0)                        = 0
pthread_mutex_init(0x4a0008, 0, 0x49e0a0, 0)                        = 0
pthread_mutex_init(0x4a0030, 0, 0x49e0a0, 0)                        = 0
pthread_mutex_init(0x4a0058, 0, 0x49e0a0, 0)                        = 0
pthread_mutex_init(0x4a0080, 0, 0x49e0a0, 0)                        = 0
pthread_mutex_init(0x4a00a8, 0, 0x49e0a0, 0)                        = 0
pthread_mutex_init(0x4a00d0, 0, 0x49e0a0, 0)                        = 0
pthread_mutex_init(0x4a00f8, 0, 0x49e0a0, 0)                        = 0
pthread_mutex_init(0x4a0120, 0, 0x49e0a0, 0)                        = 0
pthread_mutex_init(0x4a0148, 0, 0x49e0a0, 0)                        = 0
pthread_mutex_init(0x4a0170, 0, 0x49e0a0, 0)                        = 0
pthread_mutex_init(0x4a0198, 0, 0x49e0a0, 0)                        = 0
pthread_mutex_init(0x4a01c0, 0, 0x49e0a0, 0)                        = 0
pthread_mutex_init(0x4a01e8, 0, 0x49e0a0, 0)                        = 0
pthread_mutex_init(0x4a0210, 0, 0x49e0a0, 0)                        = 0
pthread_mutex_init(0x4a0238, 0, 0x49e0a0, 0)                        = 0
pthread_mutex_init(0x4a0260, 0, 0x49e0a0, 0)                        = 0
pthread_mutex_init(0x4a0288, 0, 0x49e0a0, 0)                        = 0
pthread_mutex_init(0x4a02b0, 0, 0x49e0a0, 0)                        = 0
pthread_mutex_init(0x4a02d8, 0, 0x49e0a0, 0)                        = 0
pthread_mutex_init(0x4a0300, 0, 0x49e0a0, 0)                        = 0
pthread_mutex_init(0x4a0328, 0, 0x49e0a0, 0)                        = 0
pthread_mutex_init(0x4a0350, 0, 0x49e0a0, 0)                        = 0
pthread_mutex_init(0x4a0378, 0, 0x49e0a0, 0)                        = 0
pthread_mutex_init(0x4a03a0, 0, 0x49e0a0, 0)                        = 0
pthread_mutex_init(0x4a03c8, 0, 0x49e0a0, 0)                        = 0
pthread_mutex_init(0x4a03f0, 0, 0x49e0a0, 0)                        = 0
pthread_mutex_init(0x4a0418, 0, 0x49e0a0, 0)                        = 0
pthread_mutex_init(0x4a0440, 0, 0x49e0a0, 0)                        = 0
pthread_mutex_init(0x4a0468, 0, 0x49e0a0, 0)                        = 0
pthread_mutex_init(0x4a0490, 0, 0x49e0a0, 0)                        = 0
pthread_mutex_init(0x4a04b8, 0, 0x49e0a0, 0)                        = 0
pthread_mutex_init(0x4a04e0, 0, 0x49e0a0, 0)                        = 0
pthread_mutex_init(0x4a0508, 0, 0x49e0a0, 0)                        = 0
pthread_mutex_init(0x4a0530, 0, 0x49e0a0, 0)                        = 0
pthread_mutex_init(0x4a0558, 0, 0x49e0a0, 0)                        = 0
pthread_mutex_init(0x4a0580, 0, 0x49e0a0, 0)                        = 0
pthread_mutex_init(0x4a05a8, 0, 0x49e0a0, 0)                        = 0
pthread_mutex_init(0x4a05d0, 0, 0x49e0a0, 0)                        = 0
pthread_mutex_init(0x4a05f8, 0, 0x49e0a0, 0)                        = 0
pthread_mutex_init(0x4a0620, 0, 0x49e0a0, 0)                        = 0
pthread_mutex_init(0x4a0648, 0, 0x49e0a0, 0)                        = 0
pthread_mutex_init(0x4a0670, 0, 0x49e0a0, 0)                        = 0
pthread_mutex_init(0x4a0698, 0, 0x49e0a0, 0)                        = 0
pthread_mutex_init(0x4a06c0, 0, 0x49e0a0, 0)                        = 0
pthread_mutex_init(0x4a06e8, 0, 0x49e0a0, 0)                        = 0
pthread_mutex_init(0x4a0710, 0, 0x49e0a0, 0)                        = 0
pthread_mutex_init(0x4a0738, 0, 0x49e0a0, 0)                        = 0
pthread_mutex_init(0x4a0760, 0, 0x49e0a0, 0)                        = 0
pthread_mutex_init(0x4a0788, 0, 0x49e0a0, 0)                        = 0
pthread_mutex_init(0x4a07b0, 0, 0x49e0a0, 0)                        = 0
pthread_mutex_init(0x4a07d8, 0, 0x49e0a0, 0)                        = 0
pthread_mutex_init(0x4a0800, 0, 0x49e0a0, 0)                        = 0
pthread_mutex_init(0x4a0828, 0, 0x49e0a0, 0)                        = 0
pthread_mutex_init(0x4a0850, 0, 0x49e0a0, 0)                        = 0
pthread_mutex_init(0x4a0878, 0, 0x49e0a0, 0)                        = 0
pthread_mutex_init(0x498040, 0, 0x49e0a0, 0)                        = 0
pthread_mutex_init(0x4980e0, 0, 0x49e0a0, 0)                        = 0
pthread_cond_init(0x498120, 0, 0x49e0a0, 0)                         = 0
pthread_mutex_init(0x498080, 0, 0x49e0a0, 0)                        = 0
calloc(4096, 40)                                                    = 0x7fd30ea75010
pthread_mutex_init(0x7fd30ea75010, 0, 0, 0x7fd30ea75010)            = 0
pthread_mutex_init(0x7fd30ea75038, 0, 1, 0x7fd30ea75010)            = 0
pthread_mutex_init(0x7fd30ea75060, 0, 2, 0x7fd30ea75010)            = 0
pthread_mutex_init(0x7fd30ea75088, 0, 3, 0x7fd30ea75010)            = 0
pthread_mutex_init(0x7fd30ea750b0, 0, 4, 0x7fd30ea75010)            = 0
pthread_mutex_init(0x7fd30ea750d8, 0, 5, 0x7fd30ea75010)            = 0
pthread_mutex_init(0x7fd30ea75100, 0, 6, 0x7fd30ea75010)            = 0
pthread_mutex_init(0x7fd30ea75128, 0, 7, 0x7fd30ea75010)            = 0
pthread_mutex_init(0x7fd30ea75150, 0, 8, 0x7fd30ea75010)            = 0
pthread_mutex_init(0x7fd30ea75178, 0, 9, 0x7fd30ea75010)            = 0
pthread_mutex_init(0x7fd30ea751a0, 0, 10, 0x7fd30ea75010)           = 0
pthread_mutex_init(0x7fd30ea751c8, 0, 11, 0x7fd30ea75010)           = 0
pthread_mutex_init(0x7fd30ea751f0, 0, 12, 0x7fd30ea75010)           = 0
pthread_mutex_init(0x7fd30ea75218, 0, 13, 0x7fd30ea75010)           = 0
pthread_mutex_init(0x7fd30ea75240, 0, 14, 0x7fd30ea75010)           = 0
pthread_mutex_init(0x7fd30ea75268, 0, 15, 0x7fd30ea75010)           = 0
pthread_mutex_init(0x7fd30ea75290, 0, 16, 0x7fd30ea75010)           = 0
pthread_mutex_init(0x7fd30ea752b8, 0, 17, 0x7fd30ea75010)           = 0
pthread_mutex_init(0x7fd30ea752e0, 0, 18, 0x7fd30ea75010)           = 0
pthread_mutex_init(0x7fd30ea75308, 0, 19, 0x7fd30ea75010)           = 0
pthread_mutex_init(0x7fd30ea75330, 0, 20, 0x7fd30ea75010)           = 0
pthread_mutex_init(0x7fd30ea75358, 0, 21, 0x7fd30ea75010)           = 0
pthread_mutex_init(0x7fd30ea75380, 0, 22, 0x7fd30ea75010)           = 0
pthread_mutex_init(0x7fd30ea753a8, 0, 23, 0x7fd30ea75010)           = 0
pthread_mutex_init(0x7fd30ea753d0, 0, 24, 0x7fd30ea75010)           = 0
pthread_mutex_init(0x7fd30ea753f8, 0, 25, 0x7fd30ea75010)           = 0
pthread_mutex_init(0x7fd30ea75420, 0, 26, 0x7fd30ea75010)           = 0
pthread_mutex_init(0x7fd30ea75448, 0, 27, 0x7fd30ea75010)           = 0
pthread_mutex_init(0x7fd30ea75470, 0, 28, 0x7fd30ea75010)           = 0
pthread_mutex_init(0x7fd30ea75498, 0, 29, 0x7fd30ea75010)           = 0
pthread_mutex_init(0x7fd30ea754c0, 0, 30, 0x7fd30ea75010)           = 0
pthread_mutex_init(0x7fd30ea754e8, 0, 31, 0x7fd30ea75010)           = 0
pthread_mutex_init(0x7fd30ea75510, 0, 32, 0x7fd30ea75010)           = 0
pthread_mutex_init(0x7fd30ea75538, 0, 33, 0x7fd30ea75010)           = 0
pthread_mutex_init(0x7fd30ea75560, 0, 34, 0x7fd30ea75010)           = 0
pthread_mutex_init(0x7fd30ea75588, 0, 35, 0x7fd30ea75010)           = 0
pthread_mutex_init(0x7fd30ea755b0, 0, 36, 0x7fd30ea75010)           = 0
pthread_mutex_init(0x7fd30ea755d8, 0, 37, 0x7fd30ea75010)           = 0
pthread_mutex_init(0x7fd30ea75600, 0, 38, 0x7fd30ea75010)           = 0
pthread_mutex_init(0x7fd30ea75628, 0, 39, 0x7fd30ea75010)           = 0
pthread_mutex_init(0x7fd30ea75650, 0, 40, 0x7fd30ea75010)           = 0
pthread_mutex_init(0x7fd30ea75678, 0, 41, 0x7fd30ea75010)           = 0
pthread_mutex_init(0x7fd30ea756a0, 0, 42, 0x7fd30ea75010)           = 0
pthread_mutex_init(0x7fd30ea756c8, 0, 43, 0x7fd30ea75010)           = 0
pthread_mutex_init(0x7fd30ea756f0, 0, 44, 0x7fd30ea75010)           = 0
pthread_mutex_init(0x7fd30ea75718, 0, 45, 0x7fd30ea75010)           = 0
pthread_mutex_init(0x7fd30ea75740, 0, 46, 0x7fd30ea75010)           = 0
pthread_mutex_init(0x7fd30ea75768, 0, 47, 0x7fd30ea75010)           = 0
pthread_mutex_init(0x7fd30ea75790, 0, 48, 0x7fd30ea75010)           = 0
pthread_mutex_init(0x7fd30ea757b8, 0, 49, 0x7fd30ea75010)           = 0
pthread_mutex_init(0x7fd30ea757e0, 0, 50, 0x7fd30ea75010)           = 0
pthread_mutex_init(0x7fd30ea75808, 0, 51, 0x7fd30ea75010)           = 0
pthread_mutex_init(0x7fd30ea75830, 0, 52, 0x7fd30ea75010)           = 0
pthread_mutex_init(0x7fd30ea75858, 0, 53, 0x7fd30ea75010)           = 0
pthread_mutex_init(0x7fd30ea75880, 0, 54, 0x7fd30ea75010)           = 0
pthread_mutex_init(0x7fd30ea758a8, 0, 55, 0x7fd30ea75010)           = 0
pthread_mutex_init(0x7fd30ea758d0, 0, 56, 0x7fd30ea75010)           = 0
pthread_mutex_init(0x7fd30ea758f8, 0, 57, 0x7fd30ea75010)           = 0
pthread_mutex_init(0x7fd30ea75920, 0, 58, 0x7fd30ea75010)           = 0
pthread_mutex_init(0x7fd30ea75948, 0, 59, 0x7fd30ea75010)           = 0
pthread_mutex_init(0x7fd30ea75970, 0, 60, 0x7fd30ea75010)           = 0
pthread_mutex_init(0x7fd30ea75998, 0, 61, 0x7fd30ea75010)           = 0
pthread_mutex_init(0x7fd30ea759c0, 0, 62, 0x7fd30ea75010)           = 0
pthread_mutex_init(0x7fd30ea759e8, 0, 63, 0x7fd30ea75010)           = 0
pthread_mutex_init(0x7fd30ea75a10, 0, 64, 0x7fd30ea75010)           = 0
pthread_mutex_init(0x7fd30ea75a38, 0, 65, 0x7fd30ea75010)           = 0
pthread_mutex_init(0x7fd30ea75a60, 0, 66, 0x7fd30ea75010)           = 0
pthread_mutex_init(0x7fd30ea75a88, 0, 67, 0x7fd30ea75010)           = 0
pthread_mutex_init(0x7fd30ea75ab0, 0, 68, 0x7fd30ea75010)           = 0
pthread_mutex_init(0x7fd30ea75ad8, 0, 69, 0x7fd30ea75010)           = 0
pthread_mutex_init(0x7fd30ea75b00, 0, 70, 0x7fd30ea75010)           = 0
pthread_mutex_init(0x7fd30ea75b28, 0, 71, 0x7fd30ea75010)           = 0
pthread_mutex_init(0x7fd30ea75b50, 0, 72, 0x7fd30ea75010)           = 0
pthread_mutex_init(0x7fd30ea75b78, 0, 73, 0x7fd30ea75010)           = 0
pthread_mutex_init(0x7fd30ea75ba0, 0, 74, 0x7fd30ea75010)           = 0
pthread_mutex_init(0x7fd30ea75bc8, 0, 75, 0x7fd30ea75010)           = 0
pthread_mutex_init(0x7fd30ea75bf0, 0, 76, 0x7fd30ea75010)           = 0
pthread_mutex_init(0x7fd30ea75c18, 0, 77, 0x7fd30ea75010)           = 0
pthread_mutex_init(0x7fd30ea75c40, 0, 78, 0x7fd30ea75010)           = 0
pthread_mutex_init(0x7fd30ea75c68, 0, 79, 0x7fd30ea75010)           = 0
pthread_mutex_init(0x7fd30ea75c90, 0, 80, 0x7fd30ea75010)           = 0
pthread_mutex_init(0x7fd30ea75cb8, 0, 81, 0x7fd30ea75010)           = 0
pthread_mutex_init(0x7fd30ea75ce0, 0, 82, 0x7fd30ea75010)           = 0
pthread_mutex_init(0x7fd30ea75d08, 0, 83, 0x7fd30ea75010)           = 0
pthread_mutex_init(0x7fd30ea75d30, 0, 84, 0x7fd30ea75010)           = 0
pthread_mutex_init(0x7fd30ea75d58, 0, 85, 0x7fd30ea75010)           = 0
pthread_mutex_init(0x7fd30ea75d80, 0, 86, 0x7fd30ea75010)           = 0
pthread_mutex_init(0x7fd30ea75da8, 0, 87, 0x7fd30ea75010)           = 0
pthread_mutex_init(0x7fd30ea75dd0, 0, 88, 0x7fd30ea75010)           = 0
pthread_mutex_init(0x7fd30ea75df8, 0, 89, 0x7fd30ea75010)           = 0
pthread_mutex_init(0x7fd30ea75e20, 0, 90, 0x7fd30ea75010)           = 0
pthread_mutex_init(0x7fd30ea75e48, 0, 91, 0x7fd30ea75010)           = 0
pthread_mutex_init(0x7fd30ea75e70, 0, 92, 0x7fd30ea75010)           = 0
pthread_mutex_init(0x7fd30ea75e98, 0, 93, 0x7fd30ea75010)           = 0
pthread_mutex_init(0x7fd30ea75ec0, 0, 94, 0x7fd30ea75010)           = 0
pthread_mutex_init(0x7fd30ea75ee8, 0, 95, 0x7fd30ea75010)           = 0
pthread_mutex_init(0x7fd30ea75f10, 0, 96, 0x7fd30ea75010)           = 0
pthread_mutex_init(0x7fd30ea75f38, 0, 97, 0x7fd30ea75010)           = 0
pthread_mutex_init(0x7fd30ea75f60, 0, 98, 0x7fd30ea75010)           = 0
pthread_mutex_init(0x7fd30ea75f88, 0, 99, 0x7fd30ea75010)           = 0
pthread_mutex_init(0x7fd30ea75fb0, 0, 100, 0x7fd30ea75010)          = 0
pthread_mutex_init(0x7fd30ea75fd8, 0, 101, 0x7fd30ea75010)          = 0
pthread_mutex_init(0x7fd30ea76000, 0, 102, 0x7fd30ea75010)          = 0
pthread_mutex_init(0x7fd30ea76028, 0, 103, 0x7fd30ea75010)          = 0
pthread_mutex_init(0x7fd30ea76050, 0, 104, 0x7fd30ea75010)          = 0
pthread_mutex_init(0x7fd30ea76078, 0, 105, 0x7fd30ea75010)          = 0
pthread_mutex_init(0x7fd30ea760a0, 0, 106, 0x7fd30ea75010)          = 0
pthread_mutex_init(0x7fd30ea760c8, 0, 107, 0x7fd30ea75010)          = 0
pthread_mutex_init(0x7fd30ea760f0, 0, 108, 0x7fd30ea75010)          = 0
pthread_mutex_init(0x7fd30ea76118, 0, 109, 0x7fd30ea75010)          = 0
pthread_mutex_init(0x7fd30ea76140, 0, 110, 0x7fd30ea75010)          = 0
pthread_mutex_init(0x7fd30ea76168, 0, 111, 0x7fd30ea75010)          = 0
pthread_mutex_init(0x7fd30ea76190, 0, 112, 0x7fd30ea75010)          = 0
pthread_mutex_init(0x7fd30ea761b8, 0, 113, 0x7fd30ea75010)          = 0
pthread_mutex_init(0x7fd30ea761e0, 0, 114, 0x7fd30ea75010)          = 0
pthread_mutex_init(0x7fd30ea76208, 0, 115, 0x7fd30ea75010)          = 0
pthread_mutex_init(0x7fd30ea76230, 0, 116, 0x7fd30ea75010)          = 0
pthread_mutex_init(0x7fd30ea76258, 0, 117, 0x7fd30ea75010)          = 0
pthread_mutex_init(0x7fd30ea76280, 0, 118, 0x7fd30ea75010)          = 0
pthread_mutex_init(0x7fd30ea762a8, 0, 119, 0x7fd30ea75010)          = 0
pthread_mutex_init(0x7fd30ea762d0, 0, 120, 0x7fd30ea75010)          = 0
pthread_mutex_init(0x7fd30ea762f8, 0, 121, 0x7fd30ea75010)          = 0
pthread_mutex_init(0x7fd30ea76320, 0, 122, 0x7fd30ea75010)          = 0
pthread_mutex_init(0x7fd30ea76348, 0, 123, 0x7fd30ea75010)          = 0
pthread_mutex_init(0x7fd30ea76370, 0, 124, 0x7fd30ea75010)          = 0
pthread_mutex_init(0x7fd30ea76398, 0, 125, 0x7fd30ea75010)          = 0
pthread_mutex_init(0x7fd30ea763c0, 0, 126, 0x7fd30ea75010)          = 0
pthread_mutex_init(0x7fd30ea763e8, 0, 127, 0x7fd30ea75010)          = 0
pthread_mutex_init(0x7fd30ea76410, 0, 128, 0x7fd30ea75010)          = 0
pthread_mutex_init(0x7fd30ea76438, 0, 129, 0x7fd30ea75010)          = 0
pthread_mutex_init(0x7fd30ea76460, 0, 130, 0x7fd30ea75010)          = 0
pthread_mutex_init(0x7fd30ea76488, 0, 131, 0x7fd30ea75010)          = 0
pthread_mutex_init(0x7fd30ea764b0, 0, 132, 0x7fd30ea75010)          = 0
pthread_mutex_init(0x7fd30ea764d8, 0, 133, 0x7fd30ea75010)          = 0
pthread_mutex_init(0x7fd30ea76500, 0, 134, 0x7fd30ea75010)          = 0
pthread_mutex_init(0x7fd30ea76528, 0, 135, 0x7fd30ea75010)          = 0
pthread_mutex_init(0x7fd30ea76550, 0, 136, 0x7fd30ea75010)          = 0
pthread_mutex_init(0x7fd30ea76578, 0, 137, 0x7fd30ea75010)          = 0
pthread_mutex_init(0x7fd30ea765a0, 0, 138, 0x7fd30ea75010)          = 0
pthread_mutex_init(0x7fd30ea765c8, 0, 139, 0x7fd30ea75010)          = 0
pthread_mutex_init(0x7fd30ea765f0, 0, 140, 0x7fd30ea75010)          = 0
pthread_mutex_init(0x7fd30ea76618, 0, 141, 0x7fd30ea75010)          = 0
pthread_mutex_init(0x7fd30ea76640, 0, 142, 0x7fd30ea75010)          = 0
pthread_mutex_init(0x7fd30ea76668, 0, 143, 0x7fd30ea75010)          = 0
pthread_mutex_init(0x7fd30ea76690, 0, 144, 0x7fd30ea75010)          = 0
pthread_mutex_init(0x7fd30ea766b8, 0, 145, 0x7fd30ea75010)          = 0
pthread_mutex_init(0x7fd30ea766e0, 0, 146, 0x7fd30ea75010)          = 0
pthread_mutex_init(0x7fd30ea76708, 0, 147, 0x7fd30ea75010)          = 0
pthread_mutex_init(0x7fd30ea76730, 0, 148, 0x7fd30ea75010)          = 0
pthread_mutex_init(0x7fd30ea76758, 0, 149, 0x7fd30ea75010)          = 0
pthread_mutex_init(0x7fd30ea76780, 0, 150, 0x7fd30ea75010)          = 0
pthread_mutex_init(0x7fd30ea767a8, 0, 151, 0x7fd30ea75010)          = 0
pthread_mutex_init(0x7fd30ea767d0, 0, 152, 0x7fd30ea75010)          = 0
pthread_mutex_init(0x7fd30ea767f8, 0, 153, 0x7fd30ea75010)          = 0
pthread_mutex_init(0x7fd30ea76820, 0, 154, 0x7fd30ea75010)          = 0
pthread_mutex_init(0x7fd30ea76848, 0, 155, 0x7fd30ea75010)          = 0
pthread_mutex_init(0x7fd30ea76870, 0, 156, 0x7fd30ea75010)          = 0
pthread_mutex_init(0x7fd30ea76898, 0, 157, 0x7fd30ea75010)          = 0
pthread_mutex_init(0x7fd30ea768c0, 0, 158, 0x7fd30ea75010)          = 0
pthread_mutex_init(0x7fd30ea768e8, 0, 159, 0x7fd30ea75010)          = 0
pthread_mutex_init(0x7fd30ea76910, 0, 160, 0x7fd30ea75010)          = 0
pthread_mutex_init(0x7fd30ea76938, 0, 161, 0x7fd30ea75010)          = 0
pthread_mutex_init(0x7fd30ea76960, 0, 162, 0x7fd30ea75010)          = 0
pthread_mutex_init(0x7fd30ea76988, 0, 163, 0x7fd30ea75010)          = 0
pthread_mutex_init(0x7fd30ea769b0, 0, 164, 0x7fd30ea75010)          = 0
pthread_mutex_init(0x7fd30ea769d8, 0, 165, 0x7fd30ea75010)          = 0
pthread_mutex_init(0x7fd30ea76a00, 0, 166, 0x7fd30ea75010)          = 0
pthread_mutex_init(0x7fd30ea76a28, 0, 167, 0x7fd30ea75010)          = 0
pthread_mutex_init(0x7fd30ea76a50, 0, 168, 0x7fd30ea75010)          = 0
pthread_mutex_init(0x7fd30ea76a78, 0, 169, 0x7fd30ea75010)          = 0
pthread_mutex_init(0x7fd30ea76aa0, 0, 170, 0x7fd30ea75010)          = 0
pthread_mutex_init(0x7fd30ea76ac8, 0, 171, 0x7fd30ea75010)          = 0
pthread_mutex_init(0x7fd30ea76af0, 0, 172, 0x7fd30ea75010)          = 0
pthread_mutex_init(0x7fd30ea76b18, 0, 173, 0x7fd30ea75010)          = 0
pthread_mutex_init(0x7fd30ea76b40, 0, 174, 0x7fd30ea75010)          = 0
pthread_mutex_init(0x7fd30ea76b68, 0, 175, 0x7fd30ea75010)          = 0
pthread_mutex_init(0x7fd30ea76b90, 0, 176, 0x7fd30ea75010)          = 0
pthread_mutex_init(0x7fd30ea76bb8, 0, 177, 0x7fd30ea75010)          = 0
pthread_mutex_init(0x7fd30ea76be0, 0, 178, 0x7fd30ea75010)          = 0
pthread_mutex_init(0x7fd30ea76c08, 0, 179, 0x7fd30ea75010)          = 0
pthread_mutex_init(0x7fd30ea76c30, 0, 180, 0x7fd30ea75010)          = 0
pthread_mutex_init(0x7fd30ea76c58, 0, 181, 0x7fd30ea75010)          = 0
pthread_mutex_init(0x7fd30ea76c80, 0, 182, 0x7fd30ea75010)          = 0
pthread_mutex_init(0x7fd30ea76ca8, 0, 183, 0x7fd30ea75010)          = 0
pthread_mutex_init(0x7fd30ea76cd0, 0, 184, 0x7fd30ea75010)          = 0
pthread_mutex_init(0x7fd30ea76cf8, 0, 185, 0x7fd30ea75010)          = 0
pthread_mutex_init(0x7fd30ea76d20, 0, 186, 0x7fd30ea75010)          = 0
pthread_mutex_init(0x7fd30ea76d48, 0, 187, 0x7fd30ea75010)          = 0
pthread_mutex_init(0x7fd30ea76d70, 0, 188, 0x7fd30ea75010)          = 0
pthread_mutex_init(0x7fd30ea76d98, 0, 189, 0x7fd30ea75010)          = 0
pthread_mutex_init(0x7fd30ea76dc0, 0, 190, 0x7fd30ea75010)          = 0
pthread_mutex_init(0x7fd30ea76de8, 0, 191, 0x7fd30ea75010)          = 0
pthread_mutex_init(0x7fd30ea76e10, 0, 192, 0x7fd30ea75010)          = 0
pthread_mutex_init(0x7fd30ea76e38, 0, 193, 0x7fd30ea75010)          = 0
pthread_mutex_init(0x7fd30ea76e60, 0, 194, 0x7fd30ea75010)          = 0
pthread_mutex_init(0x7fd30ea76e88, 0, 195, 0x7fd30ea75010)          = 0
pthread_mutex_init(0x7fd30ea76eb0, 0, 196, 0x7fd30ea75010)          = 0
pthread_mutex_init(0x7fd30ea76ed8, 0, 197, 0x7fd30ea75010)          = 0
pthread_mutex_init(0x7fd30ea76f00, 0, 198, 0x7fd30ea75010)          = 0
pthread_mutex_init(0x7fd30ea76f28, 0, 199, 0x7fd30ea75010)          = 0
pthread_mutex_init(0x7fd30ea76f50, 0, 200, 0x7fd30ea75010)          = 0
pthread_mutex_init(0x7fd30ea76f78, 0, 201, 0x7fd30ea75010)          = 0
pthread_mutex_init(0x7fd30ea76fa0, 0, 202, 0x7fd30ea75010)          = 0
pthread_mutex_init(0x7fd30ea76fc8, 0, 203, 0x7fd30ea75010)          = 0
pthread_mutex_init(0x7fd30ea76ff0, 0, 204, 0x7fd30ea75010)          = 0
pthread_mutex_init(0x7fd30ea77018, 0, 205, 0x7fd30ea75010)          = 0
pthread_mutex_init(0x7fd30ea77040, 0, 206, 0x7fd30ea75010)          = 0
pthread_mutex_init(0x7fd30ea77068, 0, 207, 0x7fd30ea75010)          = 0
pthread_mutex_init(0x7fd30ea77090, 0, 208, 0x7fd30ea75010)          = 0
pthread_mutex_init(0x7fd30ea770b8, 0, 209, 0x7fd30ea75010)          = 0
pthread_mutex_init(0x7fd30ea770e0, 0, 210, 0x7fd30ea75010)          = 0
pthread_mutex_init(0x7fd30ea77108, 0, 211, 0x7fd30ea75010)          = 0
pthread_mutex_init(0x7fd30ea77130, 0, 212, 0x7fd30ea75010)          = 0
pthread_mutex_init(0x7fd30ea77158, 0, 213, 0x7fd30ea75010)          = 0
pthread_mutex_init(0x7fd30ea77180, 0, 214, 0x7fd30ea75010)          = 0
pthread_mutex_init(0x7fd30ea771a8, 0, 215, 0x7fd30ea75010)          = 0
pthread_mutex_init(0x7fd30ea771d0, 0, 216, 0x7fd30ea75010)          = 0
pthread_mutex_init(0x7fd30ea771f8, 0, 217, 0x7fd30ea75010)          = 0
pthread_mutex_init(0x7fd30ea77220, 0, 218, 0x7fd30ea75010)          = 0
pthread_mutex_init(0x7fd30ea77248, 0, 219, 0x7fd30ea75010)          = 0
pthread_mutex_init(0x7fd30ea77270, 0, 220, 0x7fd30ea75010)          = 0
pthread_mutex_init(0x7fd30ea77298, 0, 221, 0x7fd30ea75010)          = 0
pthread_mutex_init(0x7fd30ea772c0, 0, 222, 0x7fd30ea75010)          = 0
pthread_mutex_init(0x7fd30ea772e8, 0, 223, 0x7fd30ea75010)          = 0
pthread_mutex_init(0x7fd30ea77310, 0, 224, 0x7fd30ea75010)          = 0
pthread_mutex_init(0x7fd30ea77338, 0, 225, 0x7fd30ea75010)          = 0
pthread_mutex_init(0x7fd30ea77360, 0, 226, 0x7fd30ea75010)          = 0
pthread_mutex_init(0x7fd30ea77388, 0, 227, 0x7fd30ea75010)          = 0
pthread_mutex_init(0x7fd30ea773b0, 0, 228, 0x7fd30ea75010)          = 0
pthread_mutex_init(0x7fd30ea773d8, 0, 229, 0x7fd30ea75010)          = 0
pthread_mutex_init(0x7fd30ea77400, 0, 230, 0x7fd30ea75010)          = 0
pthread_mutex_init(0x7fd30ea77428, 0, 231, 0x7fd30ea75010)          = 0
pthread_mutex_init(0x7fd30ea77450, 0, 232, 0x7fd30ea75010)          = 0
pthread_mutex_init(0x7fd30ea77478, 0, 233, 0x7fd30ea75010)          = 0
pthread_mutex_init(0x7fd30ea774a0, 0, 234, 0x7fd30ea75010)          = 0
pthread_mutex_init(0x7fd30ea774c8, 0, 235, 0x7fd30ea75010)          = 0
pthread_mutex_init(0x7fd30ea774f0, 0, 236, 0x7fd30ea75010)          = 0
pthread_mutex_init(0x7fd30ea77518, 0, 237, 0x7fd30ea75010)          = 0
pthread_mutex_init(0x7fd30ea77540, 0, 238, 0x7fd30ea75010)          = 0
pthread_mutex_init(0x7fd30ea77568, 0, 239, 0x7fd30ea75010)          = 0
pthread_mutex_init(0x7fd30ea77590, 0, 240, 0x7fd30ea75010)          = 0
pthread_mutex_init(0x7fd30ea775b8, 0, 241, 0x7fd30ea75010)          = 0
pthread_mutex_init(0x7fd30ea775e0, 0, 242, 0x7fd30ea75010)          = 0
pthread_mutex_init(0x7fd30ea77608, 0, 243, 0x7fd30ea75010)          = 0
pthread_mutex_init(0x7fd30ea77630, 0, 244, 0x7fd30ea75010)          = 0
pthread_mutex_init(0x7fd30ea77658, 0, 245, 0x7fd30ea75010)          = 0
pthread_mutex_init(0x7fd30ea77680, 0, 246, 0x7fd30ea75010)          = 0
pthread_mutex_init(0x7fd30ea776a8, 0, 247, 0x7fd30ea75010)          = 0
pthread_mutex_init(0x7fd30ea776d0, 0, 248, 0x7fd30ea75010)          = 0
pthread_mutex_init(0x7fd30ea776f8, 0, 249, 0x7fd30ea75010)          = 0
pthread_mutex_init(0x7fd30ea77720, 0, 250, 0x7fd30ea75010)          = 0
pthread_mutex_init(0x7fd30ea77748, 0, 251, 0x7fd30ea75010)          = 0
pthread_mutex_init(0x7fd30ea77770, 0, 252, 0x7fd30ea75010)          = 0
pthread_mutex_init(0x7fd30ea77798, 0, 253, 0x7fd30ea75010)          = 0
pthread_mutex_init(0x7fd30ea777c0, 0, 254, 0x7fd30ea75010)          = 0
pthread_mutex_init(0x7fd30ea777e8, 0, 255, 0x7fd30ea75010)          = 0
pthread_mutex_init(0x7fd30ea77810, 0, 256, 0x7fd30ea75010)          = 0
pthread_mutex_init(0x7fd30ea77838, 0, 257, 0x7fd30ea75010)          = 0
pthread_mutex_init(0x7fd30ea77860, 0, 258, 0x7fd30ea75010)          = 0
pthread_mutex_init(0x7fd30ea77888, 0, 259, 0x7fd30ea75010)          = 0
pthread_mutex_init(0x7fd30ea778b0, 0, 260, 0x7fd30ea75010)          = 0
pthread_mutex_init(0x7fd30ea778d8, 0, 261, 0x7fd30ea75010)          = 0
pthread_mutex_init(0x7fd30ea77900, 0, 262, 0x7fd30ea75010)          = 0
pthread_mutex_init(0x7fd30ea77928, 0, 263, 0x7fd30ea75010)          = 0
pthread_mutex_init(0x7fd30ea77950, 0, 264, 0x7fd30ea75010)          = 0
pthread_mutex_init(0x7fd30ea77978, 0, 265, 0x7fd30ea75010)          = 0
pthread_mutex_init(0x7fd30ea779a0, 0, 266, 0x7fd30ea75010)          = 0
pthread_mutex_init(0x7fd30ea779c8, 0, 267, 0x7fd30ea75010)          = 0
pthread_mutex_init(0x7fd30ea779f0, 0, 268, 0x7fd30ea75010)          = 0
pthread_mutex_init(0x7fd30ea77a18, 0, 269, 0x7fd30ea75010)          = 0
pthread_mutex_init(0x7fd30ea77a40, 0, 270, 0x7fd30ea75010)          = 0
pthread_mutex_init(0x7fd30ea77a68, 0, 271, 0x7fd30ea75010)          = 0
pthread_mutex_init(0x7fd30ea77a90, 0, 272, 0x7fd30ea75010)          = 0
pthread_mutex_init(0x7fd30ea77ab8, 0, 273, 0x7fd30ea75010)          = 0
pthread_mutex_init(0x7fd30ea77ae0, 0, 274, 0x7fd30ea75010)          = 0
pthread_mutex_init(0x7fd30ea77b08, 0, 275, 0x7fd30ea75010)          = 0
pthread_mutex_init(0x7fd30ea77b30, 0, 276, 0x7fd30ea75010)          = 0
pthread_mutex_init(0x7fd30ea77b58, 0, 277, 0x7fd30ea75010)          = 0
pthread_mutex_init(0x7fd30ea77b80, 0, 278, 0x7fd30ea75010)          = 0
pthread_mutex_init(0x7fd30ea77ba8, 0, 279, 0x7fd30ea75010)          = 0
pthread_mutex_init(0x7fd30ea77bd0, 0, 280, 0x7fd30ea75010)          = 0
pthread_mutex_init(0x7fd30ea77bf8, 0, 281, 0x7fd30ea75010)          = 0
pthread_mutex_init(0x7fd30ea77c20, 0, 282, 0x7fd30ea75010)          = 0
pthread_mutex_init(0x7fd30ea77c48, 0, 283, 0x7fd30ea75010)          = 0
pthread_mutex_init(0x7fd30ea77c70, 0, 284, 0x7fd30ea75010)          = 0
pthread_mutex_init(0x7fd30ea77c98, 0, 285, 0x7fd30ea75010)          = 0
pthread_mutex_init(0x7fd30ea77cc0, 0, 286, 0x7fd30ea75010)          = 0
pthread_mutex_init(0x7fd30ea77ce8, 0, 287, 0x7fd30ea75010)          = 0
pthread_mutex_init(0x7fd30ea77d10, 0, 288, 0x7fd30ea75010)          = 0
pthread_mutex_init(0x7fd30ea77d38, 0, 289, 0x7fd30ea75010)          = 0
pthread_mutex_init(0x7fd30ea77d60, 0, 290, 0x7fd30ea75010)          = 0
pthread_mutex_init(0x7fd30ea77d88, 0, 291, 0x7fd30ea75010)          = 0
pthread_mutex_init(0x7fd30ea77db0, 0, 292, 0x7fd30ea75010)          = 0
pthread_mutex_init(0x7fd30ea77dd8, 0, 293, 0x7fd30ea75010)          = 0
pthread_mutex_init(0x7fd30ea77e00, 0, 294, 0x7fd30ea75010)          = 0
pthread_mutex_init(0x7fd30ea77e28, 0, 295, 0x7fd30ea75010)          = 0
pthread_mutex_init(0x7fd30ea77e50, 0, 296, 0x7fd30ea75010)          = 0
pthread_mutex_init(0x7fd30ea77e78, 0, 297, 0x7fd30ea75010)          = 0
pthread_mutex_init(0x7fd30ea77ea0, 0, 298, 0x7fd30ea75010)          = 0
pthread_mutex_init(0x7fd30ea77ec8, 0, 299, 0x7fd30ea75010)          = 0
pthread_mutex_init(0x7fd30ea77ef0, 0, 300, 0x7fd30ea75010)          = 0
pthread_mutex_init(0x7fd30ea77f18, 0, 301, 0x7fd30ea75010)          = 0
pthread_mutex_init(0x7fd30ea77f40, 0, 302, 0x7fd30ea75010)          = 0
pthread_mutex_init(0x7fd30ea77f68, 0, 303, 0x7fd30ea75010)          = 0
pthread_mutex_init(0x7fd30ea77f90, 0, 304, 0x7fd30ea75010)          = 0
pthread_mutex_init(0x7fd30ea77fb8, 0, 305, 0x7fd30ea75010)          = 0
pthread_mutex_init(0x7fd30ea77fe0, 0, 306, 0x7fd30ea75010)          = 0
pthread_mutex_init(0x7fd30ea78008, 0, 307, 0x7fd30ea75010)          = 0
pthread_mutex_init(0x7fd30ea78030, 0, 308, 0x7fd30ea75010)          = 0
pthread_mutex_init(0x7fd30ea78058, 0, 309, 0x7fd30ea75010)          = 0
pthread_mutex_init(0x7fd30ea78080, 0, 310, 0x7fd30ea75010)          = 0
pthread_mutex_init(0x7fd30ea780a8, 0, 311, 0x7fd30ea75010)          = 0
pthread_mutex_init(0x7fd30ea780d0, 0, 312, 0x7fd30ea75010)          = 0
pthread_mutex_init(0x7fd30ea780f8, 0, 313, 0x7fd30ea75010)          = 0
pthread_mutex_init(0x7fd30ea78120, 0, 314, 0x7fd30ea75010)          = 0
pthread_mutex_init(0x7fd30ea78148, 0, 315, 0x7fd30ea75010)          = 0
pthread_mutex_init(0x7fd30ea78170, 0, 316, 0x7fd30ea75010)          = 0
pthread_mutex_init(0x7fd30ea78198, 0, 317, 0x7fd30ea75010)          = 0
pthread_mutex_init(0x7fd30ea781c0, 0, 318, 0x7fd30ea75010)          = 0
pthread_mutex_init(0x7fd30ea781e8, 0, 319, 0x7fd30ea75010)          = 0
pthread_mutex_init(0x7fd30ea78210, 0, 320, 0x7fd30ea75010)          = 0
pthread_mutex_init(0x7fd30ea78238, 0, 321, 0x7fd30ea75010)          = 0
pthread_mutex_init(0x7fd30ea78260, 0, 322, 0x7fd30ea75010)          = 0
pthread_mutex_init(0x7fd30ea78288, 0, 323, 0x7fd30ea75010)          = 0
pthread_mutex_init(0x7fd30ea782b0, 0, 324, 0x7fd30ea75010)          = 0
pthread_mutex_init(0x7fd30ea782d8, 0, 325, 0x7fd30ea75010)          = 0
pthread_mutex_init(0x7fd30ea78300, 0, 326, 0x7fd30ea75010)          = 0
pthread_mutex_init(0x7fd30ea78328, 0, 327, 0x7fd30ea75010)          = 0
pthread_mutex_init(0x7fd30ea78350, 0, 328, 0x7fd30ea75010)          = 0
pthread_mutex_init(0x7fd30ea78378, 0, 329, 0x7fd30ea75010)          = 0
pthread_mutex_init(0x7fd30ea783a0, 0, 330, 0x7fd30ea75010)          = 0
pthread_mutex_init(0x7fd30ea783c8, 0, 331, 0x7fd30ea75010)          = 0
pthread_mutex_init(0x7fd30ea783f0, 0, 332, 0x7fd30ea75010)          = 0
pthread_mutex_init(0x7fd30ea78418, 0, 333, 0x7fd30ea75010)          = 0
pthread_mutex_init(0x7fd30ea78440, 0, 334, 0x7fd30ea75010)          = 0
pthread_mutex_init(0x7fd30ea78468, 0, 335, 0x7fd30ea75010)          = 0
pthread_mutex_init(0x7fd30ea78490, 0, 336, 0x7fd30ea75010)          = 0
pthread_mutex_init(0x7fd30ea784b8, 0, 337, 0x7fd30ea75010)          = 0
pthread_mutex_init(0x7fd30ea784e0, 0, 338, 0x7fd30ea75010)          = 0
pthread_mutex_init(0x7fd30ea78508, 0, 339, 0x7fd30ea75010)          = 0
pthread_mutex_init(0x7fd30ea78530, 0, 340, 0x7fd30ea75010)          = 0
pthread_mutex_init(0x7fd30ea78558, 0, 341, 0x7fd30ea75010)          = 0
pthread_mutex_init(0x7fd30ea78580, 0, 342, 0x7fd30ea75010)          = 0
pthread_mutex_init(0x7fd30ea785a8, 0, 343, 0x7fd30ea75010)          = 0
pthread_mutex_init(0x7fd30ea785d0, 0, 344, 0x7fd30ea75010)          = 0
pthread_mutex_init(0x7fd30ea785f8, 0, 345, 0x7fd30ea75010)          = 0
pthread_mutex_init(0x7fd30ea78620, 0, 346, 0x7fd30ea75010)          = 0
pthread_mutex_init(0x7fd30ea78648, 0, 347, 0x7fd30ea75010)          = 0
pthread_mutex_init(0x7fd30ea78670, 0, 348, 0x7fd30ea75010)          = 0
pthread_mutex_init(0x7fd30ea78698, 0, 349, 0x7fd30ea75010)          = 0
pthread_mutex_init(0x7fd30ea786c0, 0, 350, 0x7fd30ea75010)          = 0
pthread_mutex_init(0x7fd30ea786e8, 0, 351, 0x7fd30ea75010)          = 0
pthread_mutex_init(0x7fd30ea78710, 0, 352, 0x7fd30ea75010)          = 0
pthread_mutex_init(0x7fd30ea78738, 0, 353, 0x7fd30ea75010)          = 0
pthread_mutex_init(0x7fd30ea78760, 0, 354, 0x7fd30ea75010)          = 0
pthread_mutex_init(0x7fd30ea78788, 0, 355, 0x7fd30ea75010)          = 0
pthread_mutex_init(0x7fd30ea787b0, 0, 356, 0x7fd30ea75010)          = 0
pthread_mutex_init(0x7fd30ea787d8, 0, 357, 0x7fd30ea75010)          = 0
pthread_mutex_init(0x7fd30ea78800, 0, 358, 0x7fd30ea75010)          = 0
pthread_mutex_init(0x7fd30ea78828, 0, 359, 0x7fd30ea75010)          = 0
pthread_mutex_init(0x7fd30ea78850, 0, 360, 0x7fd30ea75010)          = 0
pthread_mutex_init(0x7fd30ea78878, 0, 361, 0x7fd30ea75010)          = 0
pthread_mutex_init(0x7fd30ea788a0, 0, 362, 0x7fd30ea75010)          = 0
pthread_mutex_init(0x7fd30ea788c8, 0, 363, 0x7fd30ea75010)          = 0
pthread_mutex_init(0x7fd30ea788f0, 0, 364, 0x7fd30ea75010)          = 0
pthread_mutex_init(0x7fd30ea78918, 0, 365, 0x7fd30ea75010)          = 0
pthread_mutex_init(0x7fd30ea78940, 0, 366, 0x7fd30ea75010)          = 0
pthread_mutex_init(0x7fd30ea78968, 0, 367, 0x7fd30ea75010)          = 0
pthread_mutex_init(0x7fd30ea78990, 0, 368, 0x7fd30ea75010)          = 0
pthread_mutex_init(0x7fd30ea789b8, 0, 369, 0x7fd30ea75010)          = 0
pthread_mutex_init(0x7fd30ea789e0, 0, 370, 0x7fd30ea75010)          = 0
pthread_mutex_init(0x7fd30ea78a08, 0, 371, 0x7fd30ea75010)          = 0
pthread_mutex_init(0x7fd30ea78a30, 0, 372, 0x7fd30ea75010)          = 0
pthread_mutex_init(0x7fd30ea78a58, 0, 373, 0x7fd30ea75010)          = 0
pthread_mutex_init(0x7fd30ea78a80, 0, 374, 0x7fd30ea75010)          = 0
pthread_mutex_init(0x7fd30ea78aa8, 0, 375, 0x7fd30ea75010)          = 0
pthread_mutex_init(0x7fd30ea78ad0, 0, 376, 0x7fd30ea75010)          = 0
pthread_mutex_init(0x7fd30ea78af8, 0, 377, 0x7fd30ea75010)          = 0
pthread_mutex_init(0x7fd30ea78b20, 0, 378, 0x7fd30ea75010)          = 0
pthread_mutex_init(0x7fd30ea78b48, 0, 379, 0x7fd30ea75010)          = 0
pthread_mutex_init(0x7fd30ea78b70, 0, 380, 0x7fd30ea75010)          = 0
pthread_mutex_init(0x7fd30ea78b98, 0, 381, 0x7fd30ea75010)          = 0
pthread_mutex_init(0x7fd30ea78bc0, 0, 382, 0x7fd30ea75010)          = 0
pthread_mutex_init(0x7fd30ea78be8, 0, 383, 0x7fd30ea75010)          = 0
pthread_mutex_init(0x7fd30ea78c10, 0, 384, 0x7fd30ea75010)          = 0
pthread_mutex_init(0x7fd30ea78c38, 0, 385, 0x7fd30ea75010)          = 0
pthread_mutex_init(0x7fd30ea78c60, 0, 386, 0x7fd30ea75010)          = 0
pthread_mutex_init(0x7fd30ea78c88, 0, 387, 0x7fd30ea75010)          = 0
pthread_mutex_init(0x7fd30ea78cb0, 0, 388, 0x7fd30ea75010)          = 0
pthread_mutex_init(0x7fd30ea78cd8, 0, 389, 0x7fd30ea75010)          = 0
pthread_mutex_init(0x7fd30ea78d00, 0, 390, 0x7fd30ea75010)          = 0
pthread_mutex_init(0x7fd30ea78d28, 0, 391, 0x7fd30ea75010)          = 0
pthread_mutex_init(0x7fd30ea78d50, 0, 392, 0x7fd30ea75010)          = 0
pthread_mutex_init(0x7fd30ea78d78, 0, 393, 0x7fd30ea75010)          = 0
pthread_mutex_init(0x7fd30ea78da0, 0, 394, 0x7fd30ea75010)          = 0
pthread_mutex_init(0x7fd30ea78dc8, 0, 395, 0x7fd30ea75010)          = 0
pthread_mutex_init(0x7fd30ea78df0, 0, 396, 0x7fd30ea75010)          = 0
pthread_mutex_init(0x7fd30ea78e18, 0, 397, 0x7fd30ea75010)          = 0
pthread_mutex_init(0x7fd30ea78e40, 0, 398, 0x7fd30ea75010)          = 0
pthread_mutex_init(0x7fd30ea78e68, 0, 399, 0x7fd30ea75010)          = 0
pthread_mutex_init(0x7fd30ea78e90, 0, 400, 0x7fd30ea75010)          = 0
pthread_mutex_init(0x7fd30ea78eb8, 0, 401, 0x7fd30ea75010)          = 0
pthread_mutex_init(0x7fd30ea78ee0, 0, 402, 0x7fd30ea75010)          = 0
pthread_mutex_init(0x7fd30ea78f08, 0, 403, 0x7fd30ea75010)          = 0
pthread_mutex_init(0x7fd30ea78f30, 0, 404, 0x7fd30ea75010)          = 0
pthread_mutex_init(0x7fd30ea78f58, 0, 405, 0x7fd30ea75010)          = 0
pthread_mutex_init(0x7fd30ea78f80, 0, 406, 0x7fd30ea75010)          = 0
pthread_mutex_init(0x7fd30ea78fa8, 0, 407, 0x7fd30ea75010)          = 0
pthread_mutex_init(0x7fd30ea78fd0, 0, 408, 0x7fd30ea75010)          = 0
pthread_mutex_init(0x7fd30ea78ff8, 0, 409, 0x7fd30ea75010)          = 0
pthread_mutex_init(0x7fd30ea79020, 0, 410, 0x7fd30ea75010)          = 0
pthread_mutex_init(0x7fd30ea79048, 0, 411, 0x7fd30ea75010)          = 0
pthread_mutex_init(0x7fd30ea79070, 0, 412, 0x7fd30ea75010)          = 0
pthread_mutex_init(0x7fd30ea79098, 0, 413, 0x7fd30ea75010)          = 0
pthread_mutex_init(0x7fd30ea790c0, 0, 414, 0x7fd30ea75010)          = 0
pthread_mutex_init(0x7fd30ea790e8, 0, 415, 0x7fd30ea75010)          = 0
pthread_mutex_init(0x7fd30ea79110, 0, 416, 0x7fd30ea75010)          = 0
pthread_mutex_init(0x7fd30ea79138, 0, 417, 0x7fd30ea75010)          = 0
pthread_mutex_init(0x7fd30ea79160, 0, 418, 0x7fd30ea75010)          = 0
pthread_mutex_init(0x7fd30ea79188, 0, 419, 0x7fd30ea75010)          = 0
pthread_mutex_init(0x7fd30ea791b0, 0, 420, 0x7fd30ea75010)          = 0
pthread_mutex_init(0x7fd30ea791d8, 0, 421, 0x7fd30ea75010)          = 0
pthread_mutex_init(0x7fd30ea79200, 0, 422, 0x7fd30ea75010)          = 0
pthread_mutex_init(0x7fd30ea79228, 0, 423, 0x7fd30ea75010)          = 0
pthread_mutex_init(0x7fd30ea79250, 0, 424, 0x7fd30ea75010)          = 0
pthread_mutex_init(0x7fd30ea79278, 0, 425, 0x7fd30ea75010)          = 0
pthread_mutex_init(0x7fd30ea792a0, 0, 426, 0x7fd30ea75010)          = 0
pthread_mutex_init(0x7fd30ea792c8, 0, 427, 0x7fd30ea75010)          = 0
pthread_mutex_init(0x7fd30ea792f0, 0, 428, 0x7fd30ea75010)          = 0
pthread_mutex_init(0x7fd30ea79318, 0, 429, 0x7fd30ea75010)          = 0
pthread_mutex_init(0x7fd30ea79340, 0, 430, 0x7fd30ea75010)          = 0
pthread_mutex_init(0x7fd30ea79368, 0, 431, 0x7fd30ea75010)          = 0
pthread_mutex_init(0x7fd30ea79390, 0, 432, 0x7fd30ea75010)          = 0
pthread_mutex_init(0x7fd30ea793b8, 0, 433, 0x7fd30ea75010)          = 0
pthread_mutex_init(0x7fd30ea793e0, 0, 434, 0x7fd30ea75010)          = 0
pthread_mutex_init(0x7fd30ea79408, 0, 435, 0x7fd30ea75010)          = 0
pthread_mutex_init(0x7fd30ea79430, 0, 436, 0x7fd30ea75010)          = 0
pthread_mutex_init(0x7fd30ea79458, 0, 437, 0x7fd30ea75010)          = 0
pthread_mutex_init(0x7fd30ea79480, 0, 438, 0x7fd30ea75010)          = 0
pthread_mutex_init(0x7fd30ea794a8, 0, 439, 0x7fd30ea75010)          = 0
pthread_mutex_init(0x7fd30ea794d0, 0, 440, 0x7fd30ea75010)          = 0
pthread_mutex_init(0x7fd30ea794f8, 0, 441, 0x7fd30ea75010)          = 0
pthread_mutex_init(0x7fd30ea79520, 0, 442, 0x7fd30ea75010)          = 0
pthread_mutex_init(0x7fd30ea79548, 0, 443, 0x7fd30ea75010)          = 0
pthread_mutex_init(0x7fd30ea79570, 0, 444, 0x7fd30ea75010)          = 0
pthread_mutex_init(0x7fd30ea79598, 0, 445, 0x7fd30ea75010)          = 0
pthread_mutex_init(0x7fd30ea795c0, 0, 446, 0x7fd30ea75010)          = 0
pthread_mutex_init(0x7fd30ea795e8, 0, 447, 0x7fd30ea75010)          = 0
pthread_mutex_init(0x7fd30ea79610, 0, 448, 0x7fd30ea75010)          = 0
pthread_mutex_init(0x7fd30ea79638, 0, 449, 0x7fd30ea75010)          = 0
pthread_mutex_init(0x7fd30ea79660, 0, 450, 0x7fd30ea75010)          = 0
pthread_mutex_init(0x7fd30ea79688, 0, 451, 0x7fd30ea75010)          = 0
pthread_mutex_init(0x7fd30ea796b0, 0, 452, 0x7fd30ea75010)          = 0
pthread_mutex_init(0x7fd30ea796d8, 0, 453, 0x7fd30ea75010)          = 0
pthread_mutex_init(0x7fd30ea79700, 0, 454, 0x7fd30ea75010)          = 0
pthread_mutex_init(0x7fd30ea79728, 0, 455, 0x7fd30ea75010)          = 0
pthread_mutex_init(0x7fd30ea79750, 0, 456, 0x7fd30ea75010)          = 0
pthread_mutex_init(0x7fd30ea79778, 0, 457, 0x7fd30ea75010)          = 0
pthread_mutex_init(0x7fd30ea797a0, 0, 458, 0x7fd30ea75010)          = 0
pthread_mutex_init(0x7fd30ea797c8, 0, 459, 0x7fd30ea75010)          = 0
pthread_mutex_init(0x7fd30ea797f0, 0, 460, 0x7fd30ea75010)          = 0
pthread_mutex_init(0x7fd30ea79818, 0, 461, 0x7fd30ea75010)          = 0
pthread_mutex_init(0x7fd30ea79840, 0, 462, 0x7fd30ea75010)          = 0
pthread_mutex_init(0x7fd30ea79868, 0, 463, 0x7fd30ea75010)          = 0
pthread_mutex_init(0x7fd30ea79890, 0, 464, 0x7fd30ea75010)          = 0
pthread_mutex_init(0x7fd30ea798b8, 0, 465, 0x7fd30ea75010)          = 0
pthread_mutex_init(0x7fd30ea798e0, 0, 466, 0x7fd30ea75010)          = 0
pthread_mutex_init(0x7fd30ea79908, 0, 467, 0x7fd30ea75010)          = 0
pthread_mutex_init(0x7fd30ea79930, 0, 468, 0x7fd30ea75010)          = 0
pthread_mutex_init(0x7fd30ea79958, 0, 469, 0x7fd30ea75010)          = 0
pthread_mutex_init(0x7fd30ea79980, 0, 470, 0x7fd30ea75010)          = 0
pthread_mutex_init(0x7fd30ea799a8, 0, 471, 0x7fd30ea75010)          = 0
pthread_mutex_init(0x7fd30ea799d0, 0, 472, 0x7fd30ea75010)          = 0
pthread_mutex_init(0x7fd30ea799f8, 0, 473, 0x7fd30ea75010)          = 0
pthread_mutex_init(0x7fd30ea79a20, 0, 474, 0x7fd30ea75010)          = 0
pthread_mutex_init(0x7fd30ea79a48, 0, 475, 0x7fd30ea75010)          = 0
pthread_mutex_init(0x7fd30ea79a70, 0, 476, 0x7fd30ea75010)          = 0
pthread_mutex_init(0x7fd30ea79a98, 0, 477, 0x7fd30ea75010)          = 0
pthread_mutex_init(0x7fd30ea79ac0, 0, 478, 0x7fd30ea75010)          = 0
pthread_mutex_init(0x7fd30ea79ae8, 0, 479, 0x7fd30ea75010)          = 0
pthread_mutex_init(0x7fd30ea79b10, 0, 480, 0x7fd30ea75010)          = 0
pthread_mutex_init(0x7fd30ea79b38, 0, 481, 0x7fd30ea75010)          = 0
pthread_mutex_init(0x7fd30ea79b60, 0, 482, 0x7fd30ea75010)          = 0
pthread_mutex_init(0x7fd30ea79b88, 0, 483, 0x7fd30ea75010)          = 0
pthread_mutex_init(0x7fd30ea79bb0, 0, 484, 0x7fd30ea75010)          = 0
pthread_mutex_init(0x7fd30ea79bd8, 0, 485, 0x7fd30ea75010)          = 0
pthread_mutex_init(0x7fd30ea79c00, 0, 486, 0x7fd30ea75010)          = 0
pthread_mutex_init(0x7fd30ea79c28, 0, 487, 0x7fd30ea75010)          = 0
pthread_mutex_init(0x7fd30ea79c50, 0, 488, 0x7fd30ea75010)          = 0
pthread_mutex_init(0x7fd30ea79c78, 0, 489, 0x7fd30ea75010)          = 0
pthread_mutex_init(0x7fd30ea79ca0, 0, 490, 0x7fd30ea75010)          = 0
pthread_mutex_init(0x7fd30ea79cc8, 0, 491, 0x7fd30ea75010)          = 0
pthread_mutex_init(0x7fd30ea79cf0, 0, 492, 0x7fd30ea75010)          = 0
pthread_mutex_init(0x7fd30ea79d18, 0, 493, 0x7fd30ea75010)          = 0
pthread_mutex_init(0x7fd30ea79d40, 0, 494, 0x7fd30ea75010)          = 0
pthread_mutex_init(0x7fd30ea79d68, 0, 495, 0x7fd30ea75010)          = 0
pthread_mutex_init(0x7fd30ea79d90, 0, 496, 0x7fd30ea75010)          = 0
pthread_mutex_init(0x7fd30ea79db8, 0, 497, 0x7fd30ea75010)          = 0
pthread_mutex_init(0x7fd30ea79de0, 0, 498, 0x7fd30ea75010)          = 0
pthread_mutex_init(0x7fd30ea79e08, 0, 499, 0x7fd30ea75010)          = 0
pthread_mutex_init(0x7fd30ea79e30, 0, 500, 0x7fd30ea75010)          = 0
pthread_mutex_init(0x7fd30ea79e58, 0, 501, 0x7fd30ea75010)          = 0
pthread_mutex_init(0x7fd30ea79e80, 0, 502, 0x7fd30ea75010)          = 0
pthread_mutex_init(0x7fd30ea79ea8, 0, 503, 0x7fd30ea75010)          = 0
pthread_mutex_init(0x7fd30ea79ed0, 0, 504, 0x7fd30ea75010)          = 0
pthread_mutex_init(0x7fd30ea79ef8, 0, 505, 0x7fd30ea75010)          = 0
pthread_mutex_init(0x7fd30ea79f20, 0, 506, 0x7fd30ea75010)          = 0
pthread_mutex_init(0x7fd30ea79f48, 0, 507, 0x7fd30ea75010)          = 0
pthread_mutex_init(0x7fd30ea79f70, 0, 508, 0x7fd30ea75010)          = 0
pthread_mutex_init(0x7fd30ea79f98, 0, 509, 0x7fd30ea75010)          = 0
pthread_mutex_init(0x7fd30ea79fc0, 0, 510, 0x7fd30ea75010)          = 0
pthread_mutex_init(0x7fd30ea79fe8, 0, 511, 0x7fd30ea75010)          = 0
pthread_mutex_init(0x7fd30ea7a010, 0, 512, 0x7fd30ea75010)          = 0
pthread_mutex_init(0x7fd30ea7a038, 0, 513, 0x7fd30ea75010)          = 0
pthread_mutex_init(0x7fd30ea7a060, 0, 514, 0x7fd30ea75010)          = 0
pthread_mutex_init(0x7fd30ea7a088, 0, 515, 0x7fd30ea75010)          = 0
pthread_mutex_init(0x7fd30ea7a0b0, 0, 516, 0x7fd30ea75010)          = 0
pthread_mutex_init(0x7fd30ea7a0d8, 0, 517, 0x7fd30ea75010)          = 0
pthread_mutex_init(0x7fd30ea7a100, 0, 518, 0x7fd30ea75010)          = 0
pthread_mutex_init(0x7fd30ea7a128, 0, 519, 0x7fd30ea75010)          = 0
pthread_mutex_init(0x7fd30ea7a150, 0, 520, 0x7fd30ea75010)          = 0
pthread_mutex_init(0x7fd30ea7a178, 0, 521, 0x7fd30ea75010)          = 0
pthread_mutex_init(0x7fd30ea7a1a0, 0, 522, 0x7fd30ea75010)          = 0
pthread_mutex_init(0x7fd30ea7a1c8, 0, 523, 0x7fd30ea75010)          = 0
pthread_mutex_init(0x7fd30ea7a1f0, 0, 524, 0x7fd30ea75010)          = 0
pthread_mutex_init(0x7fd30ea7a218, 0, 525, 0x7fd30ea75010)          = 0
pthread_mutex_init(0x7fd30ea7a240, 0, 526, 0x7fd30ea75010)          = 0
pthread_mutex_init(0x7fd30ea7a268, 0, 527, 0x7fd30ea75010)          = 0
pthread_mutex_init(0x7fd30ea7a290, 0, 528, 0x7fd30ea75010)          = 0
pthread_mutex_init(0x7fd30ea7a2b8, 0, 529, 0x7fd30ea75010)          = 0
pthread_mutex_init(0x7fd30ea7a2e0, 0, 530, 0x7fd30ea75010)          = 0
pthread_mutex_init(0x7fd30ea7a308, 0, 531, 0x7fd30ea75010)          = 0
pthread_mutex_init(0x7fd30ea7a330, 0, 532, 0x7fd30ea75010)          = 0
pthread_mutex_init(0x7fd30ea7a358, 0, 533, 0x7fd30ea75010)          = 0
pthread_mutex_init(0x7fd30ea7a380, 0, 534, 0x7fd30ea75010)          = 0
pthread_mutex_init(0x7fd30ea7a3a8, 0, 535, 0x7fd30ea75010)          = 0
pthread_mutex_init(0x7fd30ea7a3d0, 0, 536, 0x7fd30ea75010)          = 0
pthread_mutex_init(0x7fd30ea7a3f8, 0, 537, 0x7fd30ea75010)          = 0
pthread_mutex_init(0x7fd30ea7a420, 0, 538, 0x7fd30ea75010)          = 0
pthread_mutex_init(0x7fd30ea7a448, 0, 539, 0x7fd30ea75010)          = 0
pthread_mutex_init(0x7fd30ea7a470, 0, 540, 0x7fd30ea75010)          = 0
pthread_mutex_init(0x7fd30ea7a498, 0, 541, 0x7fd30ea75010)          = 0
pthread_mutex_init(0x7fd30ea7a4c0, 0, 542, 0x7fd30ea75010)          = 0
pthread_mutex_init(0x7fd30ea7a4e8, 0, 543, 0x7fd30ea75010)          = 0
pthread_mutex_init(0x7fd30ea7a510, 0, 544, 0x7fd30ea75010)          = 0
pthread_mutex_init(0x7fd30ea7a538, 0, 545, 0x7fd30ea75010)          = 0
pthread_mutex_init(0x7fd30ea7a560, 0, 546, 0x7fd30ea75010)          = 0
pthread_mutex_init(0x7fd30ea7a588, 0, 547, 0x7fd30ea75010)          = 0
pthread_mutex_init(0x7fd30ea7a5b0, 0, 548, 0x7fd30ea75010)          = 0
pthread_mutex_init(0x7fd30ea7a5d8, 0, 549, 0x7fd30ea75010)          = 0
pthread_mutex_init(0x7fd30ea7a600, 0, 550, 0x7fd30ea75010)          = 0
pthread_mutex_init(0x7fd30ea7a628, 0, 551, 0x7fd30ea75010)          = 0
pthread_mutex_init(0x7fd30ea7a650, 0, 552, 0x7fd30ea75010)          = 0
pthread_mutex_init(0x7fd30ea7a678, 0, 553, 0x7fd30ea75010)          = 0
pthread_mutex_init(0x7fd30ea7a6a0, 0, 554, 0x7fd30ea75010)          = 0
pthread_mutex_init(0x7fd30ea7a6c8, 0, 555, 0x7fd30ea75010)          = 0
pthread_mutex_init(0x7fd30ea7a6f0, 0, 556, 0x7fd30ea75010)          = 0
pthread_mutex_init(0x7fd30ea7a718, 0, 557, 0x7fd30ea75010)          = 0
pthread_mutex_init(0x7fd30ea7a740, 0, 558, 0x7fd30ea75010)          = 0
pthread_mutex_init(0x7fd30ea7a768, 0, 559, 0x7fd30ea75010)          = 0
pthread_mutex_init(0x7fd30ea7a790, 0, 560, 0x7fd30ea75010)          = 0
pthread_mutex_init(0x7fd30ea7a7b8, 0, 561, 0x7fd30ea75010)          = 0
pthread_mutex_init(0x7fd30ea7a7e0, 0, 562, 0x7fd30ea75010)          = 0
pthread_mutex_init(0x7fd30ea7a808, 0, 563, 0x7fd30ea75010)          = 0
pthread_mutex_init(0x7fd30ea7a830, 0, 564, 0x7fd30ea75010)          = 0
pthread_mutex_init(0x7fd30ea7a858, 0, 565, 0x7fd30ea75010)          = 0
pthread_mutex_init(0x7fd30ea7a880, 0, 566, 0x7fd30ea75010)          = 0
pthread_mutex_init(0x7fd30ea7a8a8, 0, 567, 0x7fd30ea75010)          = 0
pthread_mutex_init(0x7fd30ea7a8d0, 0, 568, 0x7fd30ea75010)          = 0
pthread_mutex_init(0x7fd30ea7a8f8, 0, 569, 0x7fd30ea75010)          = 0
pthread_mutex_init(0x7fd30ea7a920, 0, 570, 0x7fd30ea75010)          = 0
pthread_mutex_init(0x7fd30ea7a948, 0, 571, 0x7fd30ea75010)          = 0
pthread_mutex_init(0x7fd30ea7a970, 0, 572, 0x7fd30ea75010)          = 0
pthread_mutex_init(0x7fd30ea7a998, 0, 573, 0x7fd30ea75010)          = 0
pthread_mutex_init(0x7fd30ea7a9c0, 0, 574, 0x7fd30ea75010)          = 0
pthread_mutex_init(0x7fd30ea7a9e8, 0, 575, 0x7fd30ea75010)          = 0
pthread_mutex_init(0x7fd30ea7aa10, 0, 576, 0x7fd30ea75010)          = 0
pthread_mutex_init(0x7fd30ea7aa38, 0, 577, 0x7fd30ea75010)          = 0
pthread_mutex_init(0x7fd30ea7aa60, 0, 578, 0x7fd30ea75010)          = 0
pthread_mutex_init(0x7fd30ea7aa88, 0, 579, 0x7fd30ea75010)          = 0
pthread_mutex_init(0x7fd30ea7aab0, 0, 580, 0x7fd30ea75010)          = 0
pthread_mutex_init(0x7fd30ea7aad8, 0, 581, 0x7fd30ea75010)          = 0
pthread_mutex_init(0x7fd30ea7ab00, 0, 582, 0x7fd30ea75010)          = 0
pthread_mutex_init(0x7fd30ea7ab28, 0, 583, 0x7fd30ea75010)          = 0
pthread_mutex_init(0x7fd30ea7ab50, 0, 584, 0x7fd30ea75010)          = 0
pthread_mutex_init(0x7fd30ea7ab78, 0, 585, 0x7fd30ea75010)          = 0
pthread_mutex_init(0x7fd30ea7aba0, 0, 586, 0x7fd30ea75010)          = 0
pthread_mutex_init(0x7fd30ea7abc8, 0, 587, 0x7fd30ea75010)          = 0
pthread_mutex_init(0x7fd30ea7abf0, 0, 588, 0x7fd30ea75010)          = 0
pthread_mutex_init(0x7fd30ea7ac18, 0, 589, 0x7fd30ea75010)          = 0
pthread_mutex_init(0x7fd30ea7ac40, 0, 590, 0x7fd30ea75010)          = 0
pthread_mutex_init(0x7fd30ea7ac68, 0, 591, 0x7fd30ea75010)          = 0
pthread_mutex_init(0x7fd30ea7ac90, 0, 592, 0x7fd30ea75010)          = 0
pthread_mutex_init(0x7fd30ea7acb8, 0, 593, 0x7fd30ea75010)          = 0
pthread_mutex_init(0x7fd30ea7ace0, 0, 594, 0x7fd30ea75010)          = 0
pthread_mutex_init(0x7fd30ea7ad08, 0, 595, 0x7fd30ea75010)          = 0
pthread_mutex_init(0x7fd30ea7ad30, 0, 596, 0x7fd30ea75010)          = 0
pthread_mutex_init(0x7fd30ea7ad58, 0, 597, 0x7fd30ea75010)          = 0
pthread_mutex_init(0x7fd30ea7ad80, 0, 598, 0x7fd30ea75010)          = 0
pthread_mutex_init(0x7fd30ea7ada8, 0, 599, 0x7fd30ea75010)          = 0
pthread_mutex_init(0x7fd30ea7add0, 0, 600, 0x7fd30ea75010)          = 0
pthread_mutex_init(0x7fd30ea7adf8, 0, 601, 0x7fd30ea75010)          = 0
pthread_mutex_init(0x7fd30ea7ae20, 0, 602, 0x7fd30ea75010)          = 0
pthread_mutex_init(0x7fd30ea7ae48, 0, 603, 0x7fd30ea75010)          = 0
pthread_mutex_init(0x7fd30ea7ae70, 0, 604, 0x7fd30ea75010)          = 0
pthread_mutex_init(0x7fd30ea7ae98, 0, 605, 0x7fd30ea75010)          = 0
pthread_mutex_init(0x7fd30ea7aec0, 0, 606, 0x7fd30ea75010)          = 0
pthread_mutex_init(0x7fd30ea7aee8, 0, 607, 0x7fd30ea75010)          = 0
pthread_mutex_init(0x7fd30ea7af10, 0, 608, 0x7fd30ea75010)          = 0
pthread_mutex_init(0x7fd30ea7af38, 0, 609, 0x7fd30ea75010)          = 0
pthread_mutex_init(0x7fd30ea7af60, 0, 610, 0x7fd30ea75010)          = 0
pthread_mutex_init(0x7fd30ea7af88, 0, 611, 0x7fd30ea75010)          = 0
pthread_mutex_init(0x7fd30ea7afb0, 0, 612, 0x7fd30ea75010)          = 0
pthread_mutex_init(0x7fd30ea7afd8, 0, 613, 0x7fd30ea75010)          = 0
pthread_mutex_init(0x7fd30ea7b000, 0, 614, 0x7fd30ea75010)          = 0
pthread_mutex_init(0x7fd30ea7b028, 0, 615, 0x7fd30ea75010)          = 0
pthread_mutex_init(0x7fd30ea7b050, 0, 616, 0x7fd30ea75010)          = 0
pthread_mutex_init(0x7fd30ea7b078, 0, 617, 0x7fd30ea75010)          = 0
pthread_mutex_init(0x7fd30ea7b0a0, 0, 618, 0x7fd30ea75010)          = 0
pthread_mutex_init(0x7fd30ea7b0c8, 0, 619, 0x7fd30ea75010)          = 0
pthread_mutex_init(0x7fd30ea7b0f0, 0, 620, 0x7fd30ea75010)          = 0
pthread_mutex_init(0x7fd30ea7b118, 0, 621, 0x7fd30ea75010)          = 0
pthread_mutex_init(0x7fd30ea7b140, 0, 622, 0x7fd30ea75010)          = 0
pthread_mutex_init(0x7fd30ea7b168, 0, 623, 0x7fd30ea75010)          = 0
pthread_mutex_init(0x7fd30ea7b190, 0, 624, 0x7fd30ea75010)          = 0
pthread_mutex_init(0x7fd30ea7b1b8, 0, 625, 0x7fd30ea75010)          = 0
pthread_mutex_init(0x7fd30ea7b1e0, 0, 626, 0x7fd30ea75010)          = 0
pthread_mutex_init(0x7fd30ea7b208, 0, 627, 0x7fd30ea75010)          = 0
pthread_mutex_init(0x7fd30ea7b230, 0, 628, 0x7fd30ea75010)          = 0
pthread_mutex_init(0x7fd30ea7b258, 0, 629, 0x7fd30ea75010)          = 0
pthread_mutex_init(0x7fd30ea7b280, 0, 630, 0x7fd30ea75010)          = 0
pthread_mutex_init(0x7fd30ea7b2a8, 0, 631, 0x7fd30ea75010)          = 0
pthread_mutex_init(0x7fd30ea7b2d0, 0, 632, 0x7fd30ea75010)          = 0
pthread_mutex_init(0x7fd30ea7b2f8, 0, 633, 0x7fd30ea75010)          = 0
pthread_mutex_init(0x7fd30ea7b320, 0, 634, 0x7fd30ea75010)          = 0
pthread_mutex_init(0x7fd30ea7b348, 0, 635, 0x7fd30ea75010)          = 0
pthread_mutex_init(0x7fd30ea7b370, 0, 636, 0x7fd30ea75010)          = 0
pthread_mutex_init(0x7fd30ea7b398, 0, 637, 0x7fd30ea75010)          = 0
pthread_mutex_init(0x7fd30ea7b3c0, 0, 638, 0x7fd30ea75010)          = 0
pthread_mutex_init(0x7fd30ea7b3e8, 0, 639, 0x7fd30ea75010)          = 0
pthread_mutex_init(0x7fd30ea7b410, 0, 640, 0x7fd30ea75010)          = 0
pthread_mutex_init(0x7fd30ea7b438, 0, 641, 0x7fd30ea75010)          = 0
pthread_mutex_init(0x7fd30ea7b460, 0, 642, 0x7fd30ea75010)          = 0
pthread_mutex_init(0x7fd30ea7b488, 0, 643, 0x7fd30ea75010)          = 0
pthread_mutex_init(0x7fd30ea7b4b0, 0, 644, 0x7fd30ea75010)          = 0
pthread_mutex_init(0x7fd30ea7b4d8, 0, 645, 0x7fd30ea75010)          = 0
pthread_mutex_init(0x7fd30ea7b500, 0, 646, 0x7fd30ea75010)          = 0
pthread_mutex_init(0x7fd30ea7b528, 0, 647, 0x7fd30ea75010)          = 0
pthread_mutex_init(0x7fd30ea7b550, 0, 648, 0x7fd30ea75010)          = 0
pthread_mutex_init(0x7fd30ea7b578, 0, 649, 0x7fd30ea75010)          = 0
pthread_mutex_init(0x7fd30ea7b5a0, 0, 650, 0x7fd30ea75010)          = 0
pthread_mutex_init(0x7fd30ea7b5c8, 0, 651, 0x7fd30ea75010)          = 0
pthread_mutex_init(0x7fd30ea7b5f0, 0, 652, 0x7fd30ea75010)          = 0
pthread_mutex_init(0x7fd30ea7b618, 0, 653, 0x7fd30ea75010)          = 0
pthread_mutex_init(0x7fd30ea7b640, 0, 654, 0x7fd30ea75010)          = 0
pthread_mutex_init(0x7fd30ea7b668, 0, 655, 0x7fd30ea75010)          = 0
pthread_mutex_init(0x7fd30ea7b690, 0, 656, 0x7fd30ea75010)          = 0
pthread_mutex_init(0x7fd30ea7b6b8, 0, 657, 0x7fd30ea75010)          = 0
pthread_mutex_init(0x7fd30ea7b6e0, 0, 658, 0x7fd30ea75010)          = 0
pthread_mutex_init(0x7fd30ea7b708, 0, 659, 0x7fd30ea75010)          = 0
pthread_mutex_init(0x7fd30ea7b730, 0, 660, 0x7fd30ea75010)          = 0
pthread_mutex_init(0x7fd30ea7b758, 0, 661, 0x7fd30ea75010)          = 0
pthread_mutex_init(0x7fd30ea7b780, 0, 662, 0x7fd30ea75010)          = 0
pthread_mutex_init(0x7fd30ea7b7a8, 0, 663, 0x7fd30ea75010)          = 0
pthread_mutex_init(0x7fd30ea7b7d0, 0, 664, 0x7fd30ea75010)          = 0
pthread_mutex_init(0x7fd30ea7b7f8, 0, 665, 0x7fd30ea75010)          = 0
pthread_mutex_init(0x7fd30ea7b820, 0, 666, 0x7fd30ea75010)          = 0
pthread_mutex_init(0x7fd30ea7b848, 0, 667, 0x7fd30ea75010)          = 0
pthread_mutex_init(0x7fd30ea7b870, 0, 668, 0x7fd30ea75010)          = 0
pthread_mutex_init(0x7fd30ea7b898, 0, 669, 0x7fd30ea75010)          = 0
pthread_mutex_init(0x7fd30ea7b8c0, 0, 670, 0x7fd30ea75010)          = 0
pthread_mutex_init(0x7fd30ea7b8e8, 0, 671, 0x7fd30ea75010)          = 0
pthread_mutex_init(0x7fd30ea7b910, 0, 672, 0x7fd30ea75010)          = 0
pthread_mutex_init(0x7fd30ea7b938, 0, 673, 0x7fd30ea75010)          = 0
pthread_mutex_init(0x7fd30ea7b960, 0, 674, 0x7fd30ea75010)          = 0
pthread_mutex_init(0x7fd30ea7b988, 0, 675, 0x7fd30ea75010)          = 0
pthread_mutex_init(0x7fd30ea7b9b0, 0, 676, 0x7fd30ea75010)          = 0
pthread_mutex_init(0x7fd30ea7b9d8, 0, 677, 0x7fd30ea75010)          = 0
pthread_mutex_init(0x7fd30ea7ba00, 0, 678, 0x7fd30ea75010)          = 0
pthread_mutex_init(0x7fd30ea7ba28, 0, 679, 0x7fd30ea75010)          = 0
pthread_mutex_init(0x7fd30ea7ba50, 0, 680, 0x7fd30ea75010)          = 0
pthread_mutex_init(0x7fd30ea7ba78, 0, 681, 0x7fd30ea75010)          = 0
pthread_mutex_init(0x7fd30ea7baa0, 0, 682, 0x7fd30ea75010)          = 0
pthread_mutex_init(0x7fd30ea7bac8, 0, 683, 0x7fd30ea75010)          = 0
pthread_mutex_init(0x7fd30ea7baf0, 0, 684, 0x7fd30ea75010)          = 0
pthread_mutex_init(0x7fd30ea7bb18, 0, 685, 0x7fd30ea75010)          = 0
pthread_mutex_init(0x7fd30ea7bb40, 0, 686, 0x7fd30ea75010)          = 0
pthread_mutex_init(0x7fd30ea7bb68, 0, 687, 0x7fd30ea75010)          = 0
pthread_mutex_init(0x7fd30ea7bb90, 0, 688, 0x7fd30ea75010)          = 0
pthread_mutex_init(0x7fd30ea7bbb8, 0, 689, 0x7fd30ea75010)          = 0
pthread_mutex_init(0x7fd30ea7bbe0, 0, 690, 0x7fd30ea75010)          = 0
pthread_mutex_init(0x7fd30ea7bc08, 0, 691, 0x7fd30ea75010)          = 0
pthread_mutex_init(0x7fd30ea7bc30, 0, 692, 0x7fd30ea75010)          = 0
pthread_mutex_init(0x7fd30ea7bc58, 0, 693, 0x7fd30ea75010)          = 0
pthread_mutex_init(0x7fd30ea7bc80, 0, 694, 0x7fd30ea75010)          = 0
pthread_mutex_init(0x7fd30ea7bca8, 0, 695, 0x7fd30ea75010)          = 0
pthread_mutex_init(0x7fd30ea7bcd0, 0, 696, 0x7fd30ea75010)          = 0
pthread_mutex_init(0x7fd30ea7bcf8, 0, 697, 0x7fd30ea75010)          = 0
pthread_mutex_init(0x7fd30ea7bd20, 0, 698, 0x7fd30ea75010)          = 0
pthread_mutex_init(0x7fd30ea7bd48, 0, 699, 0x7fd30ea75010)          = 0
pthread_mutex_init(0x7fd30ea7bd70, 0, 700, 0x7fd30ea75010)          = 0
pthread_mutex_init(0x7fd30ea7bd98, 0, 701, 0x7fd30ea75010)          = 0
pthread_mutex_init(0x7fd30ea7bdc0, 0, 702, 0x7fd30ea75010)          = 0
pthread_mutex_init(0x7fd30ea7bde8, 0, 703, 0x7fd30ea75010)          = 0
pthread_mutex_init(0x7fd30ea7be10, 0, 704, 0x7fd30ea75010)          = 0
pthread_mutex_init(0x7fd30ea7be38, 0, 705, 0x7fd30ea75010)          = 0
pthread_mutex_init(0x7fd30ea7be60, 0, 706, 0x7fd30ea75010)          = 0
pthread_mutex_init(0x7fd30ea7be88, 0, 707, 0x7fd30ea75010)          = 0
pthread_mutex_init(0x7fd30ea7beb0, 0, 708, 0x7fd30ea75010)          = 0
pthread_mutex_init(0x7fd30ea7bed8, 0, 709, 0x7fd30ea75010)          = 0
pthread_mutex_init(0x7fd30ea7bf00, 0, 710, 0x7fd30ea75010)          = 0
pthread_mutex_init(0x7fd30ea7bf28, 0, 711, 0x7fd30ea75010)          = 0
pthread_mutex_init(0x7fd30ea7bf50, 0, 712, 0x7fd30ea75010)          = 0
pthread_mutex_init(0x7fd30ea7bf78, 0, 713, 0x7fd30ea75010)          = 0
pthread_mutex_init(0x7fd30ea7bfa0, 0, 714, 0x7fd30ea75010)          = 0
pthread_mutex_init(0x7fd30ea7bfc8, 0, 715, 0x7fd30ea75010)          = 0
pthread_mutex_init(0x7fd30ea7bff0, 0, 716, 0x7fd30ea75010)          = 0
pthread_mutex_init(0x7fd30ea7c018, 0, 717, 0x7fd30ea75010)          = 0
pthread_mutex_init(0x7fd30ea7c040, 0, 718, 0x7fd30ea75010)          = 0
pthread_mutex_init(0x7fd30ea7c068, 0, 719, 0x7fd30ea75010)          = 0
pthread_mutex_init(0x7fd30ea7c090, 0, 720, 0x7fd30ea75010)          = 0
pthread_mutex_init(0x7fd30ea7c0b8, 0, 721, 0x7fd30ea75010)          = 0
pthread_mutex_init(0x7fd30ea7c0e0, 0, 722, 0x7fd30ea75010)          = 0
pthread_mutex_init(0x7fd30ea7c108, 0, 723, 0x7fd30ea75010)          = 0
pthread_mutex_init(0x7fd30ea7c130, 0, 724, 0x7fd30ea75010)          = 0
pthread_mutex_init(0x7fd30ea7c158, 0, 725, 0x7fd30ea75010)          = 0
pthread_mutex_init(0x7fd30ea7c180, 0, 726, 0x7fd30ea75010)          = 0
pthread_mutex_init(0x7fd30ea7c1a8, 0, 727, 0x7fd30ea75010)          = 0
pthread_mutex_init(0x7fd30ea7c1d0, 0, 728, 0x7fd30ea75010)          = 0
pthread_mutex_init(0x7fd30ea7c1f8, 0, 729, 0x7fd30ea75010)          = 0
pthread_mutex_init(0x7fd30ea7c220, 0, 730, 0x7fd30ea75010)          = 0
pthread_mutex_init(0x7fd30ea7c248, 0, 731, 0x7fd30ea75010)          = 0
pthread_mutex_init(0x7fd30ea7c270, 0, 732, 0x7fd30ea75010)          = 0
pthread_mutex_init(0x7fd30ea7c298, 0, 733, 0x7fd30ea75010)          = 0
pthread_mutex_init(0x7fd30ea7c2c0, 0, 734, 0x7fd30ea75010)          = 0
pthread_mutex_init(0x7fd30ea7c2e8, 0, 735, 0x7fd30ea75010)          = 0
pthread_mutex_init(0x7fd30ea7c310, 0, 736, 0x7fd30ea75010)          = 0
pthread_mutex_init(0x7fd30ea7c338, 0, 737, 0x7fd30ea75010)          = 0
pthread_mutex_init(0x7fd30ea7c360, 0, 738, 0x7fd30ea75010)          = 0
pthread_mutex_init(0x7fd30ea7c388, 0, 739, 0x7fd30ea75010)          = 0
pthread_mutex_init(0x7fd30ea7c3b0, 0, 740, 0x7fd30ea75010)          = 0
pthread_mutex_init(0x7fd30ea7c3d8, 0, 741, 0x7fd30ea75010)          = 0
pthread_mutex_init(0x7fd30ea7c400, 0, 742, 0x7fd30ea75010)          = 0
pthread_mutex_init(0x7fd30ea7c428, 0, 743, 0x7fd30ea75010)          = 0
pthread_mutex_init(0x7fd30ea7c450, 0, 744, 0x7fd30ea75010)          = 0
pthread_mutex_init(0x7fd30ea7c478, 0, 745, 0x7fd30ea75010)          = 0
pthread_mutex_init(0x7fd30ea7c4a0, 0, 746, 0x7fd30ea75010)          = 0
pthread_mutex_init(0x7fd30ea7c4c8, 0, 747, 0x7fd30ea75010)          = 0
pthread_mutex_init(0x7fd30ea7c4f0, 0, 748, 0x7fd30ea75010)          = 0
pthread_mutex_init(0x7fd30ea7c518, 0, 749, 0x7fd30ea75010)          = 0
pthread_mutex_init(0x7fd30ea7c540, 0, 750, 0x7fd30ea75010)          = 0
pthread_mutex_init(0x7fd30ea7c568, 0, 751, 0x7fd30ea75010)          = 0
pthread_mutex_init(0x7fd30ea7c590, 0, 752, 0x7fd30ea75010)          = 0
pthread_mutex_init(0x7fd30ea7c5b8, 0, 753, 0x7fd30ea75010)          = 0
pthread_mutex_init(0x7fd30ea7c5e0, 0, 754, 0x7fd30ea75010)          = 0
pthread_mutex_init(0x7fd30ea7c608, 0, 755, 0x7fd30ea75010)          = 0
pthread_mutex_init(0x7fd30ea7c630, 0, 756, 0x7fd30ea75010)          = 0
pthread_mutex_init(0x7fd30ea7c658, 0, 757, 0x7fd30ea75010)          = 0
pthread_mutex_init(0x7fd30ea7c680, 0, 758, 0x7fd30ea75010)          = 0
pthread_mutex_init(0x7fd30ea7c6a8, 0, 759, 0x7fd30ea75010)          = 0
pthread_mutex_init(0x7fd30ea7c6d0, 0, 760, 0x7fd30ea75010)          = 0
pthread_mutex_init(0x7fd30ea7c6f8, 0, 761, 0x7fd30ea75010)          = 0
pthread_mutex_init(0x7fd30ea7c720, 0, 762, 0x7fd30ea75010)          = 0
pthread_mutex_init(0x7fd30ea7c748, 0, 763, 0x7fd30ea75010)          = 0
pthread_mutex_init(0x7fd30ea7c770, 0, 764, 0x7fd30ea75010)          = 0
pthread_mutex_init(0x7fd30ea7c798, 0, 765, 0x7fd30ea75010)          = 0
pthread_mutex_init(0x7fd30ea7c7c0, 0, 766, 0x7fd30ea75010)          = 0
pthread_mutex_init(0x7fd30ea7c7e8, 0, 767, 0x7fd30ea75010)          = 0
pthread_mutex_init(0x7fd30ea7c810, 0, 768, 0x7fd30ea75010)          = 0
pthread_mutex_init(0x7fd30ea7c838, 0, 769, 0x7fd30ea75010)          = 0
pthread_mutex_init(0x7fd30ea7c860, 0, 770, 0x7fd30ea75010)          = 0
pthread_mutex_init(0x7fd30ea7c888, 0, 771, 0x7fd30ea75010)          = 0
pthread_mutex_init(0x7fd30ea7c8b0, 0, 772, 0x7fd30ea75010)          = 0
pthread_mutex_init(0x7fd30ea7c8d8, 0, 773, 0x7fd30ea75010)          = 0
pthread_mutex_init(0x7fd30ea7c900, 0, 774, 0x7fd30ea75010)          = 0
pthread_mutex_init(0x7fd30ea7c928, 0, 775, 0x7fd30ea75010)          = 0
pthread_mutex_init(0x7fd30ea7c950, 0, 776, 0x7fd30ea75010)          = 0
pthread_mutex_init(0x7fd30ea7c978, 0, 777, 0x7fd30ea75010)          = 0
pthread_mutex_init(0x7fd30ea7c9a0, 0, 778, 0x7fd30ea75010)          = 0
pthread_mutex_init(0x7fd30ea7c9c8, 0, 779, 0x7fd30ea75010)          = 0
pthread_mutex_init(0x7fd30ea7c9f0, 0, 780, 0x7fd30ea75010)          = 0
pthread_mutex_init(0x7fd30ea7ca18, 0, 781, 0x7fd30ea75010)          = 0
pthread_mutex_init(0x7fd30ea7ca40, 0, 782, 0x7fd30ea75010)          = 0
pthread_mutex_init(0x7fd30ea7ca68, 0, 783, 0x7fd30ea75010)          = 0
pthread_mutex_init(0x7fd30ea7ca90, 0, 784, 0x7fd30ea75010)          = 0
pthread_mutex_init(0x7fd30ea7cab8, 0, 785, 0x7fd30ea75010)          = 0
pthread_mutex_init(0x7fd30ea7cae0, 0, 786, 0x7fd30ea75010)          = 0
pthread_mutex_init(0x7fd30ea7cb08, 0, 787, 0x7fd30ea75010)          = 0
pthread_mutex_init(0x7fd30ea7cb30, 0, 788, 0x7fd30ea75010)          = 0
pthread_mutex_init(0x7fd30ea7cb58, 0, 789, 0x7fd30ea75010)          = 0
pthread_mutex_init(0x7fd30ea7cb80, 0, 790, 0x7fd30ea75010)          = 0
pthread_mutex_init(0x7fd30ea7cba8, 0, 791, 0x7fd30ea75010)          = 0
pthread_mutex_init(0x7fd30ea7cbd0, 0, 792, 0x7fd30ea75010)          = 0
pthread_mutex_init(0x7fd30ea7cbf8, 0, 793, 0x7fd30ea75010)          = 0
pthread_mutex_init(0x7fd30ea7cc20, 0, 794, 0x7fd30ea75010)          = 0
pthread_mutex_init(0x7fd30ea7cc48, 0, 795, 0x7fd30ea75010)          = 0
pthread_mutex_init(0x7fd30ea7cc70, 0, 796, 0x7fd30ea75010)          = 0
pthread_mutex_init(0x7fd30ea7cc98, 0, 797, 0x7fd30ea75010)          = 0
pthread_mutex_init(0x7fd30ea7ccc0, 0, 798, 0x7fd30ea75010)          = 0
pthread_mutex_init(0x7fd30ea7cce8, 0, 799, 0x7fd30ea75010)          = 0
pthread_mutex_init(0x7fd30ea7cd10, 0, 800, 0x7fd30ea75010)          = 0
pthread_mutex_init(0x7fd30ea7cd38, 0, 801, 0x7fd30ea75010)          = 0
pthread_mutex_init(0x7fd30ea7cd60, 0, 802, 0x7fd30ea75010)          = 0
pthread_mutex_init(0x7fd30ea7cd88, 0, 803, 0x7fd30ea75010)          = 0
pthread_mutex_init(0x7fd30ea7cdb0, 0, 804, 0x7fd30ea75010)          = 0
pthread_mutex_init(0x7fd30ea7cdd8, 0, 805, 0x7fd30ea75010)          = 0
pthread_mutex_init(0x7fd30ea7ce00, 0, 806, 0x7fd30ea75010)          = 0
pthread_mutex_init(0x7fd30ea7ce28, 0, 807, 0x7fd30ea75010)          = 0
pthread_mutex_init(0x7fd30ea7ce50, 0, 808, 0x7fd30ea75010)          = 0
pthread_mutex_init(0x7fd30ea7ce78, 0, 809, 0x7fd30ea75010)          = 0
pthread_mutex_init(0x7fd30ea7cea0, 0, 810, 0x7fd30ea75010)          = 0
pthread_mutex_init(0x7fd30ea7cec8, 0, 811, 0x7fd30ea75010)          = 0
pthread_mutex_init(0x7fd30ea7cef0, 0, 812, 0x7fd30ea75010)          = 0
pthread_mutex_init(0x7fd30ea7cf18, 0, 813, 0x7fd30ea75010)          = 0
pthread_mutex_init(0x7fd30ea7cf40, 0, 814, 0x7fd30ea75010)          = 0
pthread_mutex_init(0x7fd30ea7cf68, 0, 815, 0x7fd30ea75010)          = 0
pthread_mutex_init(0x7fd30ea7cf90, 0, 816, 0x7fd30ea75010)          = 0
pthread_mutex_init(0x7fd30ea7cfb8, 0, 817, 0x7fd30ea75010)          = 0
pthread_mutex_init(0x7fd30ea7cfe0, 0, 818, 0x7fd30ea75010)          = 0
pthread_mutex_init(0x7fd30ea7d008, 0, 819, 0x7fd30ea75010)          = 0
pthread_mutex_init(0x7fd30ea7d030, 0, 820, 0x7fd30ea75010)          = 0
pthread_mutex_init(0x7fd30ea7d058, 0, 821, 0x7fd30ea75010)          = 0
pthread_mutex_init(0x7fd30ea7d080, 0, 822, 0x7fd30ea75010)          = 0
pthread_mutex_init(0x7fd30ea7d0a8, 0, 823, 0x7fd30ea75010)          = 0
pthread_mutex_init(0x7fd30ea7d0d0, 0, 824, 0x7fd30ea75010)          = 0
pthread_mutex_init(0x7fd30ea7d0f8, 0, 825, 0x7fd30ea75010)          = 0
pthread_mutex_init(0x7fd30ea7d120, 0, 826, 0x7fd30ea75010)          = 0
pthread_mutex_init(0x7fd30ea7d148, 0, 827, 0x7fd30ea75010)          = 0
pthread_mutex_init(0x7fd30ea7d170, 0, 828, 0x7fd30ea75010)          = 0
pthread_mutex_init(0x7fd30ea7d198, 0, 829, 0x7fd30ea75010)          = 0
pthread_mutex_init(0x7fd30ea7d1c0, 0, 830, 0x7fd30ea75010)          = 0
pthread_mutex_init(0x7fd30ea7d1e8, 0, 831, 0x7fd30ea75010)          = 0
pthread_mutex_init(0x7fd30ea7d210, 0, 832, 0x7fd30ea75010)          = 0
pthread_mutex_init(0x7fd30ea7d238, 0, 833, 0x7fd30ea75010)          = 0
pthread_mutex_init(0x7fd30ea7d260, 0, 834, 0x7fd30ea75010)          = 0
pthread_mutex_init(0x7fd30ea7d288, 0, 835, 0x7fd30ea75010)          = 0
pthread_mutex_init(0x7fd30ea7d2b0, 0, 836, 0x7fd30ea75010)          = 0
pthread_mutex_init(0x7fd30ea7d2d8, 0, 837, 0x7fd30ea75010)          = 0
pthread_mutex_init(0x7fd30ea7d300, 0, 838, 0x7fd30ea75010)          = 0
pthread_mutex_init(0x7fd30ea7d328, 0, 839, 0x7fd30ea75010)          = 0
pthread_mutex_init(0x7fd30ea7d350, 0, 840, 0x7fd30ea75010)          = 0
pthread_mutex_init(0x7fd30ea7d378, 0, 841, 0x7fd30ea75010)          = 0
pthread_mutex_init(0x7fd30ea7d3a0, 0, 842, 0x7fd30ea75010)          = 0
pthread_mutex_init(0x7fd30ea7d3c8, 0, 843, 0x7fd30ea75010)          = 0
pthread_mutex_init(0x7fd30ea7d3f0, 0, 844, 0x7fd30ea75010)          = 0
pthread_mutex_init(0x7fd30ea7d418, 0, 845, 0x7fd30ea75010)          = 0
pthread_mutex_init(0x7fd30ea7d440, 0, 846, 0x7fd30ea75010)          = 0
pthread_mutex_init(0x7fd30ea7d468, 0, 847, 0x7fd30ea75010)          = 0
pthread_mutex_init(0x7fd30ea7d490, 0, 848, 0x7fd30ea75010)          = 0
pthread_mutex_init(0x7fd30ea7d4b8, 0, 849, 0x7fd30ea75010)          = 0
pthread_mutex_init(0x7fd30ea7d4e0, 0, 850, 0x7fd30ea75010)          = 0
pthread_mutex_init(0x7fd30ea7d508, 0, 851, 0x7fd30ea75010)          = 0
pthread_mutex_init(0x7fd30ea7d530, 0, 852, 0x7fd30ea75010)          = 0
pthread_mutex_init(0x7fd30ea7d558, 0, 853, 0x7fd30ea75010)          = 0
pthread_mutex_init(0x7fd30ea7d580, 0, 854, 0x7fd30ea75010)          = 0
pthread_mutex_init(0x7fd30ea7d5a8, 0, 855, 0x7fd30ea75010)          = 0
pthread_mutex_init(0x7fd30ea7d5d0, 0, 856, 0x7fd30ea75010)          = 0
pthread_mutex_init(0x7fd30ea7d5f8, 0, 857, 0x7fd30ea75010)          = 0
pthread_mutex_init(0x7fd30ea7d620, 0, 858, 0x7fd30ea75010)          = 0
pthread_mutex_init(0x7fd30ea7d648, 0, 859, 0x7fd30ea75010)          = 0
pthread_mutex_init(0x7fd30ea7d670, 0, 860, 0x7fd30ea75010)          = 0
pthread_mutex_init(0x7fd30ea7d698, 0, 861, 0x7fd30ea75010)          = 0
pthread_mutex_init(0x7fd30ea7d6c0, 0, 862, 0x7fd30ea75010)          = 0
pthread_mutex_init(0x7fd30ea7d6e8, 0, 863, 0x7fd30ea75010)          = 0
pthread_mutex_init(0x7fd30ea7d710, 0, 864, 0x7fd30ea75010)          = 0
pthread_mutex_init(0x7fd30ea7d738, 0, 865, 0x7fd30ea75010)          = 0
pthread_mutex_init(0x7fd30ea7d760, 0, 866, 0x7fd30ea75010)          = 0
pthread_mutex_init(0x7fd30ea7d788, 0, 867, 0x7fd30ea75010)          = 0
pthread_mutex_init(0x7fd30ea7d7b0, 0, 868, 0x7fd30ea75010)          = 0
pthread_mutex_init(0x7fd30ea7d7d8, 0, 869, 0x7fd30ea75010)          = 0
pthread_mutex_init(0x7fd30ea7d800, 0, 870, 0x7fd30ea75010)          = 0
pthread_mutex_init(0x7fd30ea7d828, 0, 871, 0x7fd30ea75010)          = 0
pthread_mutex_init(0x7fd30ea7d850, 0, 872, 0x7fd30ea75010)          = 0
pthread_mutex_init(0x7fd30ea7d878, 0, 873, 0x7fd30ea75010)          = 0
pthread_mutex_init(0x7fd30ea7d8a0, 0, 874, 0x7fd30ea75010)          = 0
pthread_mutex_init(0x7fd30ea7d8c8, 0, 875, 0x7fd30ea75010)          = 0
pthread_mutex_init(0x7fd30ea7d8f0, 0, 876, 0x7fd30ea75010)          = 0
pthread_mutex_init(0x7fd30ea7d918, 0, 877, 0x7fd30ea75010)          = 0
pthread_mutex_init(0x7fd30ea7d940, 0, 878, 0x7fd30ea75010)          = 0
pthread_mutex_init(0x7fd30ea7d968, 0, 879, 0x7fd30ea75010)          = 0
pthread_mutex_init(0x7fd30ea7d990, 0, 880, 0x7fd30ea75010)          = 0
pthread_mutex_init(0x7fd30ea7d9b8, 0, 881, 0x7fd30ea75010)          = 0
pthread_mutex_init(0x7fd30ea7d9e0, 0, 882, 0x7fd30ea75010)          = 0
pthread_mutex_init(0x7fd30ea7da08, 0, 883, 0x7fd30ea75010)          = 0
pthread_mutex_init(0x7fd30ea7da30, 0, 884, 0x7fd30ea75010)          = 0
pthread_mutex_init(0x7fd30ea7da58, 0, 885, 0x7fd30ea75010)          = 0
pthread_mutex_init(0x7fd30ea7da80, 0, 886, 0x7fd30ea75010)          = 0
pthread_mutex_init(0x7fd30ea7daa8, 0, 887, 0x7fd30ea75010)          = 0
pthread_mutex_init(0x7fd30ea7dad0, 0, 888, 0x7fd30ea75010)          = 0
pthread_mutex_init(0x7fd30ea7daf8, 0, 889, 0x7fd30ea75010)          = 0
pthread_mutex_init(0x7fd30ea7db20, 0, 890, 0x7fd30ea75010)          = 0
pthread_mutex_init(0x7fd30ea7db48, 0, 891, 0x7fd30ea75010)          = 0
pthread_mutex_init(0x7fd30ea7db70, 0, 892, 0x7fd30ea75010)          = 0
pthread_mutex_init(0x7fd30ea7db98, 0, 893, 0x7fd30ea75010)          = 0
pthread_mutex_init(0x7fd30ea7dbc0, 0, 894, 0x7fd30ea75010)          = 0
pthread_mutex_init(0x7fd30ea7dbe8, 0, 895, 0x7fd30ea75010)          = 0
pthread_mutex_init(0x7fd30ea7dc10, 0, 896, 0x7fd30ea75010)          = 0
pthread_mutex_init(0x7fd30ea7dc38, 0, 897, 0x7fd30ea75010)          = 0
pthread_mutex_init(0x7fd30ea7dc60, 0, 898, 0x7fd30ea75010)          = 0
pthread_mutex_init(0x7fd30ea7dc88, 0, 899, 0x7fd30ea75010)          = 0
pthread_mutex_init(0x7fd30ea7dcb0, 0, 900, 0x7fd30ea75010)          = 0
pthread_mutex_init(0x7fd30ea7dcd8, 0, 901, 0x7fd30ea75010)          = 0
pthread_mutex_init(0x7fd30ea7dd00, 0, 902, 0x7fd30ea75010)          = 0
pthread_mutex_init(0x7fd30ea7dd28, 0, 903, 0x7fd30ea75010)          = 0
pthread_mutex_init(0x7fd30ea7dd50, 0, 904, 0x7fd30ea75010)          = 0
pthread_mutex_init(0x7fd30ea7dd78, 0, 905, 0x7fd30ea75010)          = 0
pthread_mutex_init(0x7fd30ea7dda0, 0, 906, 0x7fd30ea75010)          = 0
pthread_mutex_init(0x7fd30ea7ddc8, 0, 907, 0x7fd30ea75010)          = 0
pthread_mutex_init(0x7fd30ea7ddf0, 0, 908, 0x7fd30ea75010)          = 0
pthread_mutex_init(0x7fd30ea7de18, 0, 909, 0x7fd30ea75010)          = 0
pthread_mutex_init(0x7fd30ea7de40, 0, 910, 0x7fd30ea75010)          = 0
pthread_mutex_init(0x7fd30ea7de68, 0, 911, 0x7fd30ea75010)          = 0
pthread_mutex_init(0x7fd30ea7de90, 0, 912, 0x7fd30ea75010)          = 0
pthread_mutex_init(0x7fd30ea7deb8, 0, 913, 0x7fd30ea75010)          = 0
pthread_mutex_init(0x7fd30ea7dee0, 0, 914, 0x7fd30ea75010)          = 0
pthread_mutex_init(0x7fd30ea7df08, 0, 915, 0x7fd30ea75010)          = 0
pthread_mutex_init(0x7fd30ea7df30, 0, 916, 0x7fd30ea75010)          = 0
pthread_mutex_init(0x7fd30ea7df58, 0, 917, 0x7fd30ea75010)          = 0
pthread_mutex_init(0x7fd30ea7df80, 0, 918, 0x7fd30ea75010)          = 0
pthread_mutex_init(0x7fd30ea7dfa8, 0, 919, 0x7fd30ea75010)          = 0
pthread_mutex_init(0x7fd30ea7dfd0, 0, 920, 0x7fd30ea75010)          = 0
pthread_mutex_init(0x7fd30ea7dff8, 0, 921, 0x7fd30ea75010)          = 0
pthread_mutex_init(0x7fd30ea7e020, 0, 922, 0x7fd30ea75010)          = 0
pthread_mutex_init(0x7fd30ea7e048, 0, 923, 0x7fd30ea75010)          = 0
pthread_mutex_init(0x7fd30ea7e070, 0, 924, 0x7fd30ea75010)          = 0
pthread_mutex_init(0x7fd30ea7e098, 0, 925, 0x7fd30ea75010)          = 0
pthread_mutex_init(0x7fd30ea7e0c0, 0, 926, 0x7fd30ea75010)          = 0
pthread_mutex_init(0x7fd30ea7e0e8, 0, 927, 0x7fd30ea75010)          = 0
pthread_mutex_init(0x7fd30ea7e110, 0, 928, 0x7fd30ea75010)          = 0
pthread_mutex_init(0x7fd30ea7e138, 0, 929, 0x7fd30ea75010)          = 0
pthread_mutex_init(0x7fd30ea7e160, 0, 930, 0x7fd30ea75010)          = 0
pthread_mutex_init(0x7fd30ea7e188, 0, 931, 0x7fd30ea75010)          = 0
pthread_mutex_init(0x7fd30ea7e1b0, 0, 932, 0x7fd30ea75010)          = 0
pthread_mutex_init(0x7fd30ea7e1d8, 0, 933, 0x7fd30ea75010)          = 0
pthread_mutex_init(0x7fd30ea7e200, 0, 934, 0x7fd30ea75010)          = 0
pthread_mutex_init(0x7fd30ea7e228, 0, 935, 0x7fd30ea75010)          = 0
pthread_mutex_init(0x7fd30ea7e250, 0, 936, 0x7fd30ea75010)          = 0
pthread_mutex_init(0x7fd30ea7e278, 0, 937, 0x7fd30ea75010)          = 0
pthread_mutex_init(0x7fd30ea7e2a0, 0, 938, 0x7fd30ea75010)          = 0
pthread_mutex_init(0x7fd30ea7e2c8, 0, 939, 0x7fd30ea75010)          = 0
pthread_mutex_init(0x7fd30ea7e2f0, 0, 940, 0x7fd30ea75010)          = 0
pthread_mutex_init(0x7fd30ea7e318, 0, 941, 0x7fd30ea75010)          = 0
pthread_mutex_init(0x7fd30ea7e340, 0, 942, 0x7fd30ea75010)          = 0
pthread_mutex_init(0x7fd30ea7e368, 0, 943, 0x7fd30ea75010)          = 0
pthread_mutex_init(0x7fd30ea7e390, 0, 944, 0x7fd30ea75010)          = 0
pthread_mutex_init(0x7fd30ea7e3b8, 0, 945, 0x7fd30ea75010)          = 0
pthread_mutex_init(0x7fd30ea7e3e0, 0, 946, 0x7fd30ea75010)          = 0
pthread_mutex_init(0x7fd30ea7e408, 0, 947, 0x7fd30ea75010)          = 0
pthread_mutex_init(0x7fd30ea7e430, 0, 948, 0x7fd30ea75010)          = 0
pthread_mutex_init(0x7fd30ea7e458, 0, 949, 0x7fd30ea75010)          = 0
pthread_mutex_init(0x7fd30ea7e480, 0, 950, 0x7fd30ea75010)          = 0
pthread_mutex_init(0x7fd30ea7e4a8, 0, 951, 0x7fd30ea75010)          = 0
pthread_mutex_init(0x7fd30ea7e4d0, 0, 952, 0x7fd30ea75010)          = 0
pthread_mutex_init(0x7fd30ea7e4f8, 0, 953, 0x7fd30ea75010)          = 0
pthread_mutex_init(0x7fd30ea7e520, 0, 954, 0x7fd30ea75010)          = 0
pthread_mutex_init(0x7fd30ea7e548, 0, 955, 0x7fd30ea75010)          = 0
pthread_mutex_init(0x7fd30ea7e570, 0, 956, 0x7fd30ea75010)          = 0
pthread_mutex_init(0x7fd30ea7e598, 0, 957, 0x7fd30ea75010)          = 0
pthread_mutex_init(0x7fd30ea7e5c0, 0, 958, 0x7fd30ea75010)          = 0
pthread_mutex_init(0x7fd30ea7e5e8, 0, 959, 0x7fd30ea75010)          = 0
pthread_mutex_init(0x7fd30ea7e610, 0, 960, 0x7fd30ea75010)          = 0
pthread_mutex_init(0x7fd30ea7e638, 0, 961, 0x7fd30ea75010)          = 0
pthread_mutex_init(0x7fd30ea7e660, 0, 962, 0x7fd30ea75010)          = 0
pthread_mutex_init(0x7fd30ea7e688, 0, 963, 0x7fd30ea75010)          = 0
pthread_mutex_init(0x7fd30ea7e6b0, 0, 964, 0x7fd30ea75010)          = 0
pthread_mutex_init(0x7fd30ea7e6d8, 0, 965, 0x7fd30ea75010)          = 0
pthread_mutex_init(0x7fd30ea7e700, 0, 966, 0x7fd30ea75010)          = 0
pthread_mutex_init(0x7fd30ea7e728, 0, 967, 0x7fd30ea75010)          = 0
pthread_mutex_init(0x7fd30ea7e750, 0, 968, 0x7fd30ea75010)          = 0
pthread_mutex_init(0x7fd30ea7e778, 0, 969, 0x7fd30ea75010)          = 0
pthread_mutex_init(0x7fd30ea7e7a0, 0, 970, 0x7fd30ea75010)          = 0
pthread_mutex_init(0x7fd30ea7e7c8, 0, 971, 0x7fd30ea75010)          = 0
pthread_mutex_init(0x7fd30ea7e7f0, 0, 972, 0x7fd30ea75010)          = 0
pthread_mutex_init(0x7fd30ea7e818, 0, 973, 0x7fd30ea75010)          = 0
pthread_mutex_init(0x7fd30ea7e840, 0, 974, 0x7fd30ea75010)          = 0
pthread_mutex_init(0x7fd30ea7e868, 0, 975, 0x7fd30ea75010)          = 0
pthread_mutex_init(0x7fd30ea7e890, 0, 976, 0x7fd30ea75010)          = 0
pthread_mutex_init(0x7fd30ea7e8b8, 0, 977, 0x7fd30ea75010)          = 0
pthread_mutex_init(0x7fd30ea7e8e0, 0, 978, 0x7fd30ea75010)          = 0
pthread_mutex_init(0x7fd30ea7e908, 0, 979, 0x7fd30ea75010)          = 0
pthread_mutex_init(0x7fd30ea7e930, 0, 980, 0x7fd30ea75010)          = 0
pthread_mutex_init(0x7fd30ea7e958, 0, 981, 0x7fd30ea75010)          = 0
pthread_mutex_init(0x7fd30ea7e980, 0, 982, 0x7fd30ea75010)          = 0
pthread_mutex_init(0x7fd30ea7e9a8, 0, 983, 0x7fd30ea75010)          = 0
pthread_mutex_init(0x7fd30ea7e9d0, 0, 984, 0x7fd30ea75010)          = 0
pthread_mutex_init(0x7fd30ea7e9f8, 0, 985, 0x7fd30ea75010)          = 0
pthread_mutex_init(0x7fd30ea7ea20, 0, 986, 0x7fd30ea75010)          = 0
pthread_mutex_init(0x7fd30ea7ea48, 0, 987, 0x7fd30ea75010)          = 0
pthread_mutex_init(0x7fd30ea7ea70, 0, 988, 0x7fd30ea75010)          = 0
pthread_mutex_init(0x7fd30ea7ea98, 0, 989, 0x7fd30ea75010)          = 0
pthread_mutex_init(0x7fd30ea7eac0, 0, 990, 0x7fd30ea75010)          = 0
pthread_mutex_init(0x7fd30ea7eae8, 0, 991, 0x7fd30ea75010)          = 0
pthread_mutex_init(0x7fd30ea7eb10, 0, 992, 0x7fd30ea75010)          = 0
pthread_mutex_init(0x7fd30ea7eb38, 0, 993, 0x7fd30ea75010)          = 0
pthread_mutex_init(0x7fd30ea7eb60, 0, 994, 0x7fd30ea75010)          = 0
pthread_mutex_init(0x7fd30ea7eb88, 0, 995, 0x7fd30ea75010)          = 0
pthread_mutex_init(0x7fd30ea7ebb0, 0, 996, 0x7fd30ea75010)          = 0
pthread_mutex_init(0x7fd30ea7ebd8, 0, 997, 0x7fd30ea75010)          = 0
pthread_mutex_init(0x7fd30ea7ec00, 0, 998, 0x7fd30ea75010)          = 0
pthread_mutex_init(0x7fd30ea7ec28, 0, 999, 0x7fd30ea75010)          = 0
pthread_mutex_init(0x7fd30ea7ec50, 0, 1000, 0x7fd30ea75010)         = 0
pthread_mutex_init(0x7fd30ea7ec78, 0, 1001, 0x7fd30ea75010)         = 0
pthread_mutex_init(0x7fd30ea7eca0, 0, 1002, 0x7fd30ea75010)         = 0
pthread_mutex_init(0x7fd30ea7ecc8, 0, 1003, 0x7fd30ea75010)         = 0
pthread_mutex_init(0x7fd30ea7ecf0, 0, 1004, 0x7fd30ea75010)         = 0
pthread_mutex_init(0x7fd30ea7ed18, 0, 1005, 0x7fd30ea75010)         = 0
pthread_mutex_init(0x7fd30ea7ed40, 0, 1006, 0x7fd30ea75010)         = 0
pthread_mutex_init(0x7fd30ea7ed68, 0, 1007, 0x7fd30ea75010)         = 0
pthread_mutex_init(0x7fd30ea7ed90, 0, 1008, 0x7fd30ea75010)         = 0
pthread_mutex_init(0x7fd30ea7edb8, 0, 1009, 0x7fd30ea75010)         = 0
pthread_mutex_init(0x7fd30ea7ede0, 0, 1010, 0x7fd30ea75010)         = 0
pthread_mutex_init(0x7fd30ea7ee08, 0, 1011, 0x7fd30ea75010)         = 0
pthread_mutex_init(0x7fd30ea7ee30, 0, 1012, 0x7fd30ea75010)         = 0
pthread_mutex_init(0x7fd30ea7ee58, 0, 1013, 0x7fd30ea75010)         = 0
pthread_mutex_init(0x7fd30ea7ee80, 0, 1014, 0x7fd30ea75010)         = 0
pthread_mutex_init(0x7fd30ea7eea8, 0, 1015, 0x7fd30ea75010)         = 0
pthread_mutex_init(0x7fd30ea7eed0, 0, 1016, 0x7fd30ea75010)         = 0
pthread_mutex_init(0x7fd30ea7eef8, 0, 1017, 0x7fd30ea75010)         = 0
pthread_mutex_init(0x7fd30ea7ef20, 0, 1018, 0x7fd30ea75010)         = 0
pthread_mutex_init(0x7fd30ea7ef48, 0, 1019, 0x7fd30ea75010)         = 0
pthread_mutex_init(0x7fd30ea7ef70, 0, 1020, 0x7fd30ea75010)         = 0
pthread_mutex_init(0x7fd30ea7ef98, 0, 1021, 0x7fd30ea75010)         = 0
pthread_mutex_init(0x7fd30ea7efc0, 0, 1022, 0x7fd30ea75010)         = 0
pthread_mutex_init(0x7fd30ea7efe8, 0, 1023, 0x7fd30ea75010)         = 0
pthread_mutex_init(0x7fd30ea7f010, 0, 1024, 0x7fd30ea75010)         = 0
pthread_mutex_init(0x7fd30ea7f038, 0, 1025, 0x7fd30ea75010)         = 0
pthread_mutex_init(0x7fd30ea7f060, 0, 1026, 0x7fd30ea75010)         = 0
pthread_mutex_init(0x7fd30ea7f088, 0, 1027, 0x7fd30ea75010)         = 0
pthread_mutex_init(0x7fd30ea7f0b0, 0, 1028, 0x7fd30ea75010)         = 0
pthread_mutex_init(0x7fd30ea7f0d8, 0, 1029, 0x7fd30ea75010)         = 0
pthread_mutex_init(0x7fd30ea7f100, 0, 1030, 0x7fd30ea75010)         = 0
pthread_mutex_init(0x7fd30ea7f128, 0, 1031, 0x7fd30ea75010)         = 0
pthread_mutex_init(0x7fd30ea7f150, 0, 1032, 0x7fd30ea75010)         = 0
pthread_mutex_init(0x7fd30ea7f178, 0, 1033, 0x7fd30ea75010)         = 0
pthread_mutex_init(0x7fd30ea7f1a0, 0, 1034, 0x7fd30ea75010)         = 0
pthread_mutex_init(0x7fd30ea7f1c8, 0, 1035, 0x7fd30ea75010)         = 0
pthread_mutex_init(0x7fd30ea7f1f0, 0, 1036, 0x7fd30ea75010)         = 0
pthread_mutex_init(0x7fd30ea7f218, 0, 1037, 0x7fd30ea75010)         = 0
pthread_mutex_init(0x7fd30ea7f240, 0, 1038, 0x7fd30ea75010)         = 0
pthread_mutex_init(0x7fd30ea7f268, 0, 1039, 0x7fd30ea75010)         = 0
pthread_mutex_init(0x7fd30ea7f290, 0, 1040, 0x7fd30ea75010)         = 0
pthread_mutex_init(0x7fd30ea7f2b8, 0, 1041, 0x7fd30ea75010)         = 0
pthread_mutex_init(0x7fd30ea7f2e0, 0, 1042, 0x7fd30ea75010)         = 0
pthread_mutex_init(0x7fd30ea7f308, 0, 1043, 0x7fd30ea75010)         = 0
pthread_mutex_init(0x7fd30ea7f330, 0, 1044, 0x7fd30ea75010)         = 0
pthread_mutex_init(0x7fd30ea7f358, 0, 1045, 0x7fd30ea75010)         = 0
pthread_mutex_init(0x7fd30ea7f380, 0, 1046, 0x7fd30ea75010)         = 0
pthread_mutex_init(0x7fd30ea7f3a8, 0, 1047, 0x7fd30ea75010)         = 0
pthread_mutex_init(0x7fd30ea7f3d0, 0, 1048, 0x7fd30ea75010)         = 0
pthread_mutex_init(0x7fd30ea7f3f8, 0, 1049, 0x7fd30ea75010)         = 0
pthread_mutex_init(0x7fd30ea7f420, 0, 1050, 0x7fd30ea75010)         = 0
pthread_mutex_init(0x7fd30ea7f448, 0, 1051, 0x7fd30ea75010)         = 0
pthread_mutex_init(0x7fd30ea7f470, 0, 1052, 0x7fd30ea75010)         = 0
pthread_mutex_init(0x7fd30ea7f498, 0, 1053, 0x7fd30ea75010)         = 0
pthread_mutex_init(0x7fd30ea7f4c0, 0, 1054, 0x7fd30ea75010)         = 0
pthread_mutex_init(0x7fd30ea7f4e8, 0, 1055, 0x7fd30ea75010)         = 0
pthread_mutex_init(0x7fd30ea7f510, 0, 1056, 0x7fd30ea75010)         = 0
pthread_mutex_init(0x7fd30ea7f538, 0, 1057, 0x7fd30ea75010)         = 0
pthread_mutex_init(0x7fd30ea7f560, 0, 1058, 0x7fd30ea75010)         = 0
pthread_mutex_init(0x7fd30ea7f588, 0, 1059, 0x7fd30ea75010)         = 0
pthread_mutex_init(0x7fd30ea7f5b0, 0, 1060, 0x7fd30ea75010)         = 0
pthread_mutex_init(0x7fd30ea7f5d8, 0, 1061, 0x7fd30ea75010)         = 0
pthread_mutex_init(0x7fd30ea7f600, 0, 1062, 0x7fd30ea75010)         = 0
pthread_mutex_init(0x7fd30ea7f628, 0, 1063, 0x7fd30ea75010)         = 0
pthread_mutex_init(0x7fd30ea7f650, 0, 1064, 0x7fd30ea75010)         = 0
pthread_mutex_init(0x7fd30ea7f678, 0, 1065, 0x7fd30ea75010)         = 0
pthread_mutex_init(0x7fd30ea7f6a0, 0, 1066, 0x7fd30ea75010)         = 0
pthread_mutex_init(0x7fd30ea7f6c8, 0, 1067, 0x7fd30ea75010)         = 0
pthread_mutex_init(0x7fd30ea7f6f0, 0, 1068, 0x7fd30ea75010)         = 0
pthread_mutex_init(0x7fd30ea7f718, 0, 1069, 0x7fd30ea75010)         = 0
pthread_mutex_init(0x7fd30ea7f740, 0, 1070, 0x7fd30ea75010)         = 0
pthread_mutex_init(0x7fd30ea7f768, 0, 1071, 0x7fd30ea75010)         = 0
pthread_mutex_init(0x7fd30ea7f790, 0, 1072, 0x7fd30ea75010)         = 0
pthread_mutex_init(0x7fd30ea7f7b8, 0, 1073, 0x7fd30ea75010)         = 0
pthread_mutex_init(0x7fd30ea7f7e0, 0, 1074, 0x7fd30ea75010)         = 0
pthread_mutex_init(0x7fd30ea7f808, 0, 1075, 0x7fd30ea75010)         = 0
pthread_mutex_init(0x7fd30ea7f830, 0, 1076, 0x7fd30ea75010)         = 0
pthread_mutex_init(0x7fd30ea7f858, 0, 1077, 0x7fd30ea75010)         = 0
pthread_mutex_init(0x7fd30ea7f880, 0, 1078, 0x7fd30ea75010)         = 0
pthread_mutex_init(0x7fd30ea7f8a8, 0, 1079, 0x7fd30ea75010)         = 0
pthread_mutex_init(0x7fd30ea7f8d0, 0, 1080, 0x7fd30ea75010)         = 0
pthread_mutex_init(0x7fd30ea7f8f8, 0, 1081, 0x7fd30ea75010)         = 0
pthread_mutex_init(0x7fd30ea7f920, 0, 1082, 0x7fd30ea75010)         = 0
pthread_mutex_init(0x7fd30ea7f948, 0, 1083, 0x7fd30ea75010)         = 0
pthread_mutex_init(0x7fd30ea7f970, 0, 1084, 0x7fd30ea75010)         = 0
pthread_mutex_init(0x7fd30ea7f998, 0, 1085, 0x7fd30ea75010)         = 0
pthread_mutex_init(0x7fd30ea7f9c0, 0, 1086, 0x7fd30ea75010)         = 0
pthread_mutex_init(0x7fd30ea7f9e8, 0, 1087, 0x7fd30ea75010)         = 0
pthread_mutex_init(0x7fd30ea7fa10, 0, 1088, 0x7fd30ea75010)         = 0
pthread_mutex_init(0x7fd30ea7fa38, 0, 1089, 0x7fd30ea75010)         = 0
pthread_mutex_init(0x7fd30ea7fa60, 0, 1090, 0x7fd30ea75010)         = 0
pthread_mutex_init(0x7fd30ea7fa88, 0, 1091, 0x7fd30ea75010)         = 0
pthread_mutex_init(0x7fd30ea7fab0, 0, 1092, 0x7fd30ea75010)         = 0
pthread_mutex_init(0x7fd30ea7fad8, 0, 1093, 0x7fd30ea75010)         = 0
pthread_mutex_init(0x7fd30ea7fb00, 0, 1094, 0x7fd30ea75010)         = 0
pthread_mutex_init(0x7fd30ea7fb28, 0, 1095, 0x7fd30ea75010)         = 0
pthread_mutex_init(0x7fd30ea7fb50, 0, 1096, 0x7fd30ea75010)         = 0
pthread_mutex_init(0x7fd30ea7fb78, 0, 1097, 0x7fd30ea75010)         = 0
pthread_mutex_init(0x7fd30ea7fba0, 0, 1098, 0x7fd30ea75010)         = 0
pthread_mutex_init(0x7fd30ea7fbc8, 0, 1099, 0x7fd30ea75010)         = 0
pthread_mutex_init(0x7fd30ea7fbf0, 0, 1100, 0x7fd30ea75010)         = 0
pthread_mutex_init(0x7fd30ea7fc18, 0, 1101, 0x7fd30ea75010)         = 0
pthread_mutex_init(0x7fd30ea7fc40, 0, 1102, 0x7fd30ea75010)         = 0
pthread_mutex_init(0x7fd30ea7fc68, 0, 1103, 0x7fd30ea75010)         = 0
pthread_mutex_init(0x7fd30ea7fc90, 0, 1104, 0x7fd30ea75010)         = 0
pthread_mutex_init(0x7fd30ea7fcb8, 0, 1105, 0x7fd30ea75010)         = 0
pthread_mutex_init(0x7fd30ea7fce0, 0, 1106, 0x7fd30ea75010)         = 0
pthread_mutex_init(0x7fd30ea7fd08, 0, 1107, 0x7fd30ea75010)         = 0
pthread_mutex_init(0x7fd30ea7fd30, 0, 1108, 0x7fd30ea75010)         = 0
pthread_mutex_init(0x7fd30ea7fd58, 0, 1109, 0x7fd30ea75010)         = 0
pthread_mutex_init(0x7fd30ea7fd80, 0, 1110, 0x7fd30ea75010)         = 0
pthread_mutex_init(0x7fd30ea7fda8, 0, 1111, 0x7fd30ea75010)         = 0
pthread_mutex_init(0x7fd30ea7fdd0, 0, 1112, 0x7fd30ea75010)         = 0
pthread_mutex_init(0x7fd30ea7fdf8, 0, 1113, 0x7fd30ea75010)         = 0
pthread_mutex_init(0x7fd30ea7fe20, 0, 1114, 0x7fd30ea75010)         = 0
pthread_mutex_init(0x7fd30ea7fe48, 0, 1115, 0x7fd30ea75010)         = 0
pthread_mutex_init(0x7fd30ea7fe70, 0, 1116, 0x7fd30ea75010)         = 0
pthread_mutex_init(0x7fd30ea7fe98, 0, 1117, 0x7fd30ea75010)         = 0
pthread_mutex_init(0x7fd30ea7fec0, 0, 1118, 0x7fd30ea75010)         = 0
pthread_mutex_init(0x7fd30ea7fee8, 0, 1119, 0x7fd30ea75010)         = 0
pthread_mutex_init(0x7fd30ea7ff10, 0, 1120, 0x7fd30ea75010)         = 0
pthread_mutex_init(0x7fd30ea7ff38, 0, 1121, 0x7fd30ea75010)         = 0
pthread_mutex_init(0x7fd30ea7ff60, 0, 1122, 0x7fd30ea75010)         = 0
pthread_mutex_init(0x7fd30ea7ff88, 0, 1123, 0x7fd30ea75010)         = 0
pthread_mutex_init(0x7fd30ea7ffb0, 0, 1124, 0x7fd30ea75010)         = 0
pthread_mutex_init(0x7fd30ea7ffd8, 0, 1125, 0x7fd30ea75010)         = 0
pthread_mutex_init(0x7fd30ea80000, 0, 1126, 0x7fd30ea75010)         = 0
pthread_mutex_init(0x7fd30ea80028, 0, 1127, 0x7fd30ea75010)         = 0
pthread_mutex_init(0x7fd30ea80050, 0, 1128, 0x7fd30ea75010)         = 0
pthread_mutex_init(0x7fd30ea80078, 0, 1129, 0x7fd30ea75010)         = 0
pthread_mutex_init(0x7fd30ea800a0, 0, 1130, 0x7fd30ea75010)         = 0
pthread_mutex_init(0x7fd30ea800c8, 0, 1131, 0x7fd30ea75010)         = 0
pthread_mutex_init(0x7fd30ea800f0, 0, 1132, 0x7fd30ea75010)         = 0
pthread_mutex_init(0x7fd30ea80118, 0, 1133, 0x7fd30ea75010)         = 0
pthread_mutex_init(0x7fd30ea80140, 0, 1134, 0x7fd30ea75010)         = 0
pthread_mutex_init(0x7fd30ea80168, 0, 1135, 0x7fd30ea75010)         = 0
pthread_mutex_init(0x7fd30ea80190, 0, 1136, 0x7fd30ea75010)         = 0
pthread_mutex_init(0x7fd30ea801b8, 0, 1137, 0x7fd30ea75010)         = 0
pthread_mutex_init(0x7fd30ea801e0, 0, 1138, 0x7fd30ea75010)         = 0
pthread_mutex_init(0x7fd30ea80208, 0, 1139, 0x7fd30ea75010)         = 0
pthread_mutex_init(0x7fd30ea80230, 0, 1140, 0x7fd30ea75010)         = 0
pthread_mutex_init(0x7fd30ea80258, 0, 1141, 0x7fd30ea75010)         = 0
pthread_mutex_init(0x7fd30ea80280, 0, 1142, 0x7fd30ea75010)         = 0
pthread_mutex_init(0x7fd30ea802a8, 0, 1143, 0x7fd30ea75010)         = 0
pthread_mutex_init(0x7fd30ea802d0, 0, 1144, 0x7fd30ea75010)         = 0
pthread_mutex_init(0x7fd30ea802f8, 0, 1145, 0x7fd30ea75010)         = 0
pthread_mutex_init(0x7fd30ea80320, 0, 1146, 0x7fd30ea75010)         = 0
pthread_mutex_init(0x7fd30ea80348, 0, 1147, 0x7fd30ea75010)         = 0
pthread_mutex_init(0x7fd30ea80370, 0, 1148, 0x7fd30ea75010)         = 0
pthread_mutex_init(0x7fd30ea80398, 0, 1149, 0x7fd30ea75010)         = 0
pthread_mutex_init(0x7fd30ea803c0, 0, 1150, 0x7fd30ea75010)         = 0
pthread_mutex_init(0x7fd30ea803e8, 0, 1151, 0x7fd30ea75010)         = 0
pthread_mutex_init(0x7fd30ea80410, 0, 1152, 0x7fd30ea75010)         = 0
pthread_mutex_init(0x7fd30ea80438, 0, 1153, 0x7fd30ea75010)         = 0
pthread_mutex_init(0x7fd30ea80460, 0, 1154, 0x7fd30ea75010)         = 0
pthread_mutex_init(0x7fd30ea80488, 0, 1155, 0x7fd30ea75010)         = 0
pthread_mutex_init(0x7fd30ea804b0, 0, 1156, 0x7fd30ea75010)         = 0
pthread_mutex_init(0x7fd30ea804d8, 0, 1157, 0x7fd30ea75010)         = 0
pthread_mutex_init(0x7fd30ea80500, 0, 1158, 0x7fd30ea75010)         = 0
pthread_mutex_init(0x7fd30ea80528, 0, 1159, 0x7fd30ea75010)         = 0
pthread_mutex_init(0x7fd30ea80550, 0, 1160, 0x7fd30ea75010)         = 0
pthread_mutex_init(0x7fd30ea80578, 0, 1161, 0x7fd30ea75010)         = 0
pthread_mutex_init(0x7fd30ea805a0, 0, 1162, 0x7fd30ea75010)         = 0
pthread_mutex_init(0x7fd30ea805c8, 0, 1163, 0x7fd30ea75010)         = 0
pthread_mutex_init(0x7fd30ea805f0, 0, 1164, 0x7fd30ea75010)         = 0
pthread_mutex_init(0x7fd30ea80618, 0, 1165, 0x7fd30ea75010)         = 0
pthread_mutex_init(0x7fd30ea80640, 0, 1166, 0x7fd30ea75010)         = 0
pthread_mutex_init(0x7fd30ea80668, 0, 1167, 0x7fd30ea75010)         = 0
pthread_mutex_init(0x7fd30ea80690, 0, 1168, 0x7fd30ea75010)         = 0
pthread_mutex_init(0x7fd30ea806b8, 0, 1169, 0x7fd30ea75010)         = 0
pthread_mutex_init(0x7fd30ea806e0, 0, 1170, 0x7fd30ea75010)         = 0
pthread_mutex_init(0x7fd30ea80708, 0, 1171, 0x7fd30ea75010)         = 0
pthread_mutex_init(0x7fd30ea80730, 0, 1172, 0x7fd30ea75010)         = 0
pthread_mutex_init(0x7fd30ea80758, 0, 1173, 0x7fd30ea75010)         = 0
pthread_mutex_init(0x7fd30ea80780, 0, 1174, 0x7fd30ea75010)         = 0
pthread_mutex_init(0x7fd30ea807a8, 0, 1175, 0x7fd30ea75010)         = 0
pthread_mutex_init(0x7fd30ea807d0, 0, 1176, 0x7fd30ea75010)         = 0
pthread_mutex_init(0x7fd30ea807f8, 0, 1177, 0x7fd30ea75010)         = 0
pthread_mutex_init(0x7fd30ea80820, 0, 1178, 0x7fd30ea75010)         = 0
pthread_mutex_init(0x7fd30ea80848, 0, 1179, 0x7fd30ea75010)         = 0
pthread_mutex_init(0x7fd30ea80870, 0, 1180, 0x7fd30ea75010)         = 0
pthread_mutex_init(0x7fd30ea80898, 0, 1181, 0x7fd30ea75010)         = 0
pthread_mutex_init(0x7fd30ea808c0, 0, 1182, 0x7fd30ea75010)         = 0
pthread_mutex_init(0x7fd30ea808e8, 0, 1183, 0x7fd30ea75010)         = 0
pthread_mutex_init(0x7fd30ea80910, 0, 1184, 0x7fd30ea75010)         = 0
pthread_mutex_init(0x7fd30ea80938, 0, 1185, 0x7fd30ea75010)         = 0
pthread_mutex_init(0x7fd30ea80960, 0, 1186, 0x7fd30ea75010)         = 0
pthread_mutex_init(0x7fd30ea80988, 0, 1187, 0x7fd30ea75010)         = 0
pthread_mutex_init(0x7fd30ea809b0, 0, 1188, 0x7fd30ea75010)         = 0
pthread_mutex_init(0x7fd30ea809d8, 0, 1189, 0x7fd30ea75010)         = 0
pthread_mutex_init(0x7fd30ea80a00, 0, 1190, 0x7fd30ea75010)         = 0
pthread_mutex_init(0x7fd30ea80a28, 0, 1191, 0x7fd30ea75010)         = 0
pthread_mutex_init(0x7fd30ea80a50, 0, 1192, 0x7fd30ea75010)         = 0
pthread_mutex_init(0x7fd30ea80a78, 0, 1193, 0x7fd30ea75010)         = 0
pthread_mutex_init(0x7fd30ea80aa0, 0, 1194, 0x7fd30ea75010)         = 0
pthread_mutex_init(0x7fd30ea80ac8, 0, 1195, 0x7fd30ea75010)         = 0
pthread_mutex_init(0x7fd30ea80af0, 0, 1196, 0x7fd30ea75010)         = 0
pthread_mutex_init(0x7fd30ea80b18, 0, 1197, 0x7fd30ea75010)         = 0
pthread_mutex_init(0x7fd30ea80b40, 0, 1198, 0x7fd30ea75010)         = 0
pthread_mutex_init(0x7fd30ea80b68, 0, 1199, 0x7fd30ea75010)         = 0
pthread_mutex_init(0x7fd30ea80b90, 0, 1200, 0x7fd30ea75010)         = 0
pthread_mutex_init(0x7fd30ea80bb8, 0, 1201, 0x7fd30ea75010)         = 0
pthread_mutex_init(0x7fd30ea80be0, 0, 1202, 0x7fd30ea75010)         = 0
pthread_mutex_init(0x7fd30ea80c08, 0, 1203, 0x7fd30ea75010)         = 0
pthread_mutex_init(0x7fd30ea80c30, 0, 1204, 0x7fd30ea75010)         = 0
pthread_mutex_init(0x7fd30ea80c58, 0, 1205, 0x7fd30ea75010)         = 0
pthread_mutex_init(0x7fd30ea80c80, 0, 1206, 0x7fd30ea75010)         = 0
pthread_mutex_init(0x7fd30ea80ca8, 0, 1207, 0x7fd30ea75010)         = 0
pthread_mutex_init(0x7fd30ea80cd0, 0, 1208, 0x7fd30ea75010)         = 0
pthread_mutex_init(0x7fd30ea80cf8, 0, 1209, 0x7fd30ea75010)         = 0
pthread_mutex_init(0x7fd30ea80d20, 0, 1210, 0x7fd30ea75010)         = 0
pthread_mutex_init(0x7fd30ea80d48, 0, 1211, 0x7fd30ea75010)         = 0
pthread_mutex_init(0x7fd30ea80d70, 0, 1212, 0x7fd30ea75010)         = 0
pthread_mutex_init(0x7fd30ea80d98, 0, 1213, 0x7fd30ea75010)         = 0
pthread_mutex_init(0x7fd30ea80dc0, 0, 1214, 0x7fd30ea75010)         = 0
pthread_mutex_init(0x7fd30ea80de8, 0, 1215, 0x7fd30ea75010)         = 0
pthread_mutex_init(0x7fd30ea80e10, 0, 1216, 0x7fd30ea75010)         = 0
pthread_mutex_init(0x7fd30ea80e38, 0, 1217, 0x7fd30ea75010)         = 0
pthread_mutex_init(0x7fd30ea80e60, 0, 1218, 0x7fd30ea75010)         = 0
pthread_mutex_init(0x7fd30ea80e88, 0, 1219, 0x7fd30ea75010)         = 0
pthread_mutex_init(0x7fd30ea80eb0, 0, 1220, 0x7fd30ea75010)         = 0
pthread_mutex_init(0x7fd30ea80ed8, 0, 1221, 0x7fd30ea75010)         = 0
pthread_mutex_init(0x7fd30ea80f00, 0, 1222, 0x7fd30ea75010)         = 0
pthread_mutex_init(0x7fd30ea80f28, 0, 1223, 0x7fd30ea75010)         = 0
pthread_mutex_init(0x7fd30ea80f50, 0, 1224, 0x7fd30ea75010)         = 0
pthread_mutex_init(0x7fd30ea80f78, 0, 1225, 0x7fd30ea75010)         = 0
pthread_mutex_init(0x7fd30ea80fa0, 0, 1226, 0x7fd30ea75010)         = 0
pthread_mutex_init(0x7fd30ea80fc8, 0, 1227, 0x7fd30ea75010)         = 0
pthread_mutex_init(0x7fd30ea80ff0, 0, 1228, 0x7fd30ea75010)         = 0
pthread_mutex_init(0x7fd30ea81018, 0, 1229, 0x7fd30ea75010)         = 0
pthread_mutex_init(0x7fd30ea81040, 0, 1230, 0x7fd30ea75010)         = 0
pthread_mutex_init(0x7fd30ea81068, 0, 1231, 0x7fd30ea75010)         = 0
pthread_mutex_init(0x7fd30ea81090, 0, 1232, 0x7fd30ea75010)         = 0
pthread_mutex_init(0x7fd30ea810b8, 0, 1233, 0x7fd30ea75010)         = 0
pthread_mutex_init(0x7fd30ea810e0, 0, 1234, 0x7fd30ea75010)         = 0
pthread_mutex_init(0x7fd30ea81108, 0, 1235, 0x7fd30ea75010)         = 0
pthread_mutex_init(0x7fd30ea81130, 0, 1236, 0x7fd30ea75010)         = 0
pthread_mutex_init(0x7fd30ea81158, 0, 1237, 0x7fd30ea75010)         = 0
pthread_mutex_init(0x7fd30ea81180, 0, 1238, 0x7fd30ea75010)         = 0
pthread_mutex_init(0x7fd30ea811a8, 0, 1239, 0x7fd30ea75010)         = 0
pthread_mutex_init(0x7fd30ea811d0, 0, 1240, 0x7fd30ea75010)         = 0
pthread_mutex_init(0x7fd30ea811f8, 0, 1241, 0x7fd30ea75010)         = 0
pthread_mutex_init(0x7fd30ea81220, 0, 1242, 0x7fd30ea75010)         = 0
pthread_mutex_init(0x7fd30ea81248, 0, 1243, 0x7fd30ea75010)         = 0
pthread_mutex_init(0x7fd30ea81270, 0, 1244, 0x7fd30ea75010)         = 0
pthread_mutex_init(0x7fd30ea81298, 0, 1245, 0x7fd30ea75010)         = 0
pthread_mutex_init(0x7fd30ea812c0, 0, 1246, 0x7fd30ea75010)         = 0
pthread_mutex_init(0x7fd30ea812e8, 0, 1247, 0x7fd30ea75010)         = 0
pthread_mutex_init(0x7fd30ea81310, 0, 1248, 0x7fd30ea75010)         = 0
pthread_mutex_init(0x7fd30ea81338, 0, 1249, 0x7fd30ea75010)         = 0
pthread_mutex_init(0x7fd30ea81360, 0, 1250, 0x7fd30ea75010)         = 0
pthread_mutex_init(0x7fd30ea81388, 0, 1251, 0x7fd30ea75010)         = 0
pthread_mutex_init(0x7fd30ea813b0, 0, 1252, 0x7fd30ea75010)         = 0
pthread_mutex_init(0x7fd30ea813d8, 0, 1253, 0x7fd30ea75010)         = 0
pthread_mutex_init(0x7fd30ea81400, 0, 1254, 0x7fd30ea75010)         = 0
pthread_mutex_init(0x7fd30ea81428, 0, 1255, 0x7fd30ea75010)         = 0
pthread_mutex_init(0x7fd30ea81450, 0, 1256, 0x7fd30ea75010)         = 0
pthread_mutex_init(0x7fd30ea81478, 0, 1257, 0x7fd30ea75010)         = 0
pthread_mutex_init(0x7fd30ea814a0, 0, 1258, 0x7fd30ea75010)         = 0
pthread_mutex_init(0x7fd30ea814c8, 0, 1259, 0x7fd30ea75010)         = 0
pthread_mutex_init(0x7fd30ea814f0, 0, 1260, 0x7fd30ea75010)         = 0
pthread_mutex_init(0x7fd30ea81518, 0, 1261, 0x7fd30ea75010)         = 0
pthread_mutex_init(0x7fd30ea81540, 0, 1262, 0x7fd30ea75010)         = 0
pthread_mutex_init(0x7fd30ea81568, 0, 1263, 0x7fd30ea75010)         = 0
pthread_mutex_init(0x7fd30ea81590, 0, 1264, 0x7fd30ea75010)         = 0
pthread_mutex_init(0x7fd30ea815b8, 0, 1265, 0x7fd30ea75010)         = 0
pthread_mutex_init(0x7fd30ea815e0, 0, 1266, 0x7fd30ea75010)         = 0
pthread_mutex_init(0x7fd30ea81608, 0, 1267, 0x7fd30ea75010)         = 0
pthread_mutex_init(0x7fd30ea81630, 0, 1268, 0x7fd30ea75010)         = 0
pthread_mutex_init(0x7fd30ea81658, 0, 1269, 0x7fd30ea75010)         = 0
pthread_mutex_init(0x7fd30ea81680, 0, 1270, 0x7fd30ea75010)         = 0
pthread_mutex_init(0x7fd30ea816a8, 0, 1271, 0x7fd30ea75010)         = 0
pthread_mutex_init(0x7fd30ea816d0, 0, 1272, 0x7fd30ea75010)         = 0
pthread_mutex_init(0x7fd30ea816f8, 0, 1273, 0x7fd30ea75010)         = 0
pthread_mutex_init(0x7fd30ea81720, 0, 1274, 0x7fd30ea75010)         = 0
pthread_mutex_init(0x7fd30ea81748, 0, 1275, 0x7fd30ea75010)         = 0
pthread_mutex_init(0x7fd30ea81770, 0, 1276, 0x7fd30ea75010)         = 0
pthread_mutex_init(0x7fd30ea81798, 0, 1277, 0x7fd30ea75010)         = 0
pthread_mutex_init(0x7fd30ea817c0, 0, 1278, 0x7fd30ea75010)         = 0
pthread_mutex_init(0x7fd30ea817e8, 0, 1279, 0x7fd30ea75010)         = 0
pthread_mutex_init(0x7fd30ea81810, 0, 1280, 0x7fd30ea75010)         = 0
pthread_mutex_init(0x7fd30ea81838, 0, 1281, 0x7fd30ea75010)         = 0
pthread_mutex_init(0x7fd30ea81860, 0, 1282, 0x7fd30ea75010)         = 0
pthread_mutex_init(0x7fd30ea81888, 0, 1283, 0x7fd30ea75010)         = 0
pthread_mutex_init(0x7fd30ea818b0, 0, 1284, 0x7fd30ea75010)         = 0
pthread_mutex_init(0x7fd30ea818d8, 0, 1285, 0x7fd30ea75010)         = 0
pthread_mutex_init(0x7fd30ea81900, 0, 1286, 0x7fd30ea75010)         = 0
pthread_mutex_init(0x7fd30ea81928, 0, 1287, 0x7fd30ea75010)         = 0
pthread_mutex_init(0x7fd30ea81950, 0, 1288, 0x7fd30ea75010)         = 0
pthread_mutex_init(0x7fd30ea81978, 0, 1289, 0x7fd30ea75010)         = 0
pthread_mutex_init(0x7fd30ea819a0, 0, 1290, 0x7fd30ea75010)         = 0
pthread_mutex_init(0x7fd30ea819c8, 0, 1291, 0x7fd30ea75010)         = 0
pthread_mutex_init(0x7fd30ea819f0, 0, 1292, 0x7fd30ea75010)         = 0
pthread_mutex_init(0x7fd30ea81a18, 0, 1293, 0x7fd30ea75010)         = 0
pthread_mutex_init(0x7fd30ea81a40, 0, 1294, 0x7fd30ea75010)         = 0
pthread_mutex_init(0x7fd30ea81a68, 0, 1295, 0x7fd30ea75010)         = 0
pthread_mutex_init(0x7fd30ea81a90, 0, 1296, 0x7fd30ea75010)         = 0
pthread_mutex_init(0x7fd30ea81ab8, 0, 1297, 0x7fd30ea75010)         = 0
pthread_mutex_init(0x7fd30ea81ae0, 0, 1298, 0x7fd30ea75010)         = 0
pthread_mutex_init(0x7fd30ea81b08, 0, 1299, 0x7fd30ea75010)         = 0
pthread_mutex_init(0x7fd30ea81b30, 0, 1300, 0x7fd30ea75010)         = 0
pthread_mutex_init(0x7fd30ea81b58, 0, 1301, 0x7fd30ea75010)         = 0
pthread_mutex_init(0x7fd30ea81b80, 0, 1302, 0x7fd30ea75010)         = 0
pthread_mutex_init(0x7fd30ea81ba8, 0, 1303, 0x7fd30ea75010)         = 0
pthread_mutex_init(0x7fd30ea81bd0, 0, 1304, 0x7fd30ea75010)         = 0
pthread_mutex_init(0x7fd30ea81bf8, 0, 1305, 0x7fd30ea75010)         = 0
pthread_mutex_init(0x7fd30ea81c20, 0, 1306, 0x7fd30ea75010)         = 0
pthread_mutex_init(0x7fd30ea81c48, 0, 1307, 0x7fd30ea75010)         = 0
pthread_mutex_init(0x7fd30ea81c70, 0, 1308, 0x7fd30ea75010)         = 0
pthread_mutex_init(0x7fd30ea81c98, 0, 1309, 0x7fd30ea75010)         = 0
pthread_mutex_init(0x7fd30ea81cc0, 0, 1310, 0x7fd30ea75010)         = 0
pthread_mutex_init(0x7fd30ea81ce8, 0, 1311, 0x7fd30ea75010)         = 0
pthread_mutex_init(0x7fd30ea81d10, 0, 1312, 0x7fd30ea75010)         = 0
pthread_mutex_init(0x7fd30ea81d38, 0, 1313, 0x7fd30ea75010)         = 0
pthread_mutex_init(0x7fd30ea81d60, 0, 1314, 0x7fd30ea75010)         = 0
pthread_mutex_init(0x7fd30ea81d88, 0, 1315, 0x7fd30ea75010)         = 0
pthread_mutex_init(0x7fd30ea81db0, 0, 1316, 0x7fd30ea75010)         = 0
pthread_mutex_init(0x7fd30ea81dd8, 0, 1317, 0x7fd30ea75010)         = 0
pthread_mutex_init(0x7fd30ea81e00, 0, 1318, 0x7fd30ea75010)         = 0
pthread_mutex_init(0x7fd30ea81e28, 0, 1319, 0x7fd30ea75010)         = 0
pthread_mutex_init(0x7fd30ea81e50, 0, 1320, 0x7fd30ea75010)         = 0
pthread_mutex_init(0x7fd30ea81e78, 0, 1321, 0x7fd30ea75010)         = 0
pthread_mutex_init(0x7fd30ea81ea0, 0, 1322, 0x7fd30ea75010)         = 0
pthread_mutex_init(0x7fd30ea81ec8, 0, 1323, 0x7fd30ea75010)         = 0
pthread_mutex_init(0x7fd30ea81ef0, 0, 1324, 0x7fd30ea75010)         = 0
pthread_mutex_init(0x7fd30ea81f18, 0, 1325, 0x7fd30ea75010)         = 0
pthread_mutex_init(0x7fd30ea81f40, 0, 1326, 0x7fd30ea75010)         = 0
pthread_mutex_init(0x7fd30ea81f68, 0, 1327, 0x7fd30ea75010)         = 0
pthread_mutex_init(0x7fd30ea81f90, 0, 1328, 0x7fd30ea75010)         = 0
pthread_mutex_init(0x7fd30ea81fb8, 0, 1329, 0x7fd30ea75010)         = 0
pthread_mutex_init(0x7fd30ea81fe0, 0, 1330, 0x7fd30ea75010)         = 0
pthread_mutex_init(0x7fd30ea82008, 0, 1331, 0x7fd30ea75010)         = 0
pthread_mutex_init(0x7fd30ea82030, 0, 1332, 0x7fd30ea75010)         = 0
pthread_mutex_init(0x7fd30ea82058, 0, 1333, 0x7fd30ea75010)         = 0
pthread_mutex_init(0x7fd30ea82080, 0, 1334, 0x7fd30ea75010)         = 0
pthread_mutex_init(0x7fd30ea820a8, 0, 1335, 0x7fd30ea75010)         = 0
pthread_mutex_init(0x7fd30ea820d0, 0, 1336, 0x7fd30ea75010)         = 0
pthread_mutex_init(0x7fd30ea820f8, 0, 1337, 0x7fd30ea75010)         = 0
pthread_mutex_init(0x7fd30ea82120, 0, 1338, 0x7fd30ea75010)         = 0
pthread_mutex_init(0x7fd30ea82148, 0, 1339, 0x7fd30ea75010)         = 0
pthread_mutex_init(0x7fd30ea82170, 0, 1340, 0x7fd30ea75010)         = 0
pthread_mutex_init(0x7fd30ea82198, 0, 1341, 0x7fd30ea75010)         = 0
pthread_mutex_init(0x7fd30ea821c0, 0, 1342, 0x7fd30ea75010)         = 0
pthread_mutex_init(0x7fd30ea821e8, 0, 1343, 0x7fd30ea75010)         = 0
pthread_mutex_init(0x7fd30ea82210, 0, 1344, 0x7fd30ea75010)         = 0
pthread_mutex_init(0x7fd30ea82238, 0, 1345, 0x7fd30ea75010)         = 0
pthread_mutex_init(0x7fd30ea82260, 0, 1346, 0x7fd30ea75010)         = 0
pthread_mutex_init(0x7fd30ea82288, 0, 1347, 0x7fd30ea75010)         = 0
pthread_mutex_init(0x7fd30ea822b0, 0, 1348, 0x7fd30ea75010)         = 0
pthread_mutex_init(0x7fd30ea822d8, 0, 1349, 0x7fd30ea75010)         = 0
pthread_mutex_init(0x7fd30ea82300, 0, 1350, 0x7fd30ea75010)         = 0
pthread_mutex_init(0x7fd30ea82328, 0, 1351, 0x7fd30ea75010)         = 0
pthread_mutex_init(0x7fd30ea82350, 0, 1352, 0x7fd30ea75010)         = 0
pthread_mutex_init(0x7fd30ea82378, 0, 1353, 0x7fd30ea75010)         = 0
pthread_mutex_init(0x7fd30ea823a0, 0, 1354, 0x7fd30ea75010)         = 0
pthread_mutex_init(0x7fd30ea823c8, 0, 1355, 0x7fd30ea75010)         = 0
pthread_mutex_init(0x7fd30ea823f0, 0, 1356, 0x7fd30ea75010)         = 0
pthread_mutex_init(0x7fd30ea82418, 0, 1357, 0x7fd30ea75010)         = 0
pthread_mutex_init(0x7fd30ea82440, 0, 1358, 0x7fd30ea75010)         = 0
pthread_mutex_init(0x7fd30ea82468, 0, 1359, 0x7fd30ea75010)         = 0
pthread_mutex_init(0x7fd30ea82490, 0, 1360, 0x7fd30ea75010)         = 0
pthread_mutex_init(0x7fd30ea824b8, 0, 1361, 0x7fd30ea75010)         = 0
pthread_mutex_init(0x7fd30ea824e0, 0, 1362, 0x7fd30ea75010)         = 0
pthread_mutex_init(0x7fd30ea82508, 0, 1363, 0x7fd30ea75010)         = 0
pthread_mutex_init(0x7fd30ea82530, 0, 1364, 0x7fd30ea75010)         = 0
pthread_mutex_init(0x7fd30ea82558, 0, 1365, 0x7fd30ea75010)         = 0
pthread_mutex_init(0x7fd30ea82580, 0, 1366, 0x7fd30ea75010)         = 0
pthread_mutex_init(0x7fd30ea825a8, 0, 1367, 0x7fd30ea75010)         = 0
pthread_mutex_init(0x7fd30ea825d0, 0, 1368, 0x7fd30ea75010)         = 0
pthread_mutex_init(0x7fd30ea825f8, 0, 1369, 0x7fd30ea75010)         = 0
pthread_mutex_init(0x7fd30ea82620, 0, 1370, 0x7fd30ea75010)         = 0
pthread_mutex_init(0x7fd30ea82648, 0, 1371, 0x7fd30ea75010)         = 0
pthread_mutex_init(0x7fd30ea82670, 0, 1372, 0x7fd30ea75010)         = 0
pthread_mutex_init(0x7fd30ea82698, 0, 1373, 0x7fd30ea75010)         = 0
pthread_mutex_init(0x7fd30ea826c0, 0, 1374, 0x7fd30ea75010)         = 0
pthread_mutex_init(0x7fd30ea826e8, 0, 1375, 0x7fd30ea75010)         = 0
pthread_mutex_init(0x7fd30ea82710, 0, 1376, 0x7fd30ea75010)         = 0
pthread_mutex_init(0x7fd30ea82738, 0, 1377, 0x7fd30ea75010)         = 0
pthread_mutex_init(0x7fd30ea82760, 0, 1378, 0x7fd30ea75010)         = 0
pthread_mutex_init(0x7fd30ea82788, 0, 1379, 0x7fd30ea75010)         = 0
pthread_mutex_init(0x7fd30ea827b0, 0, 1380, 0x7fd30ea75010)         = 0
pthread_mutex_init(0x7fd30ea827d8, 0, 1381, 0x7fd30ea75010)         = 0
pthread_mutex_init(0x7fd30ea82800, 0, 1382, 0x7fd30ea75010)         = 0
pthread_mutex_init(0x7fd30ea82828, 0, 1383, 0x7fd30ea75010)         = 0
pthread_mutex_init(0x7fd30ea82850, 0, 1384, 0x7fd30ea75010)         = 0
pthread_mutex_init(0x7fd30ea82878, 0, 1385, 0x7fd30ea75010)         = 0
pthread_mutex_init(0x7fd30ea828a0, 0, 1386, 0x7fd30ea75010)         = 0
pthread_mutex_init(0x7fd30ea828c8, 0, 1387, 0x7fd30ea75010)         = 0
pthread_mutex_init(0x7fd30ea828f0, 0, 1388, 0x7fd30ea75010)         = 0
pthread_mutex_init(0x7fd30ea82918, 0, 1389, 0x7fd30ea75010)         = 0
pthread_mutex_init(0x7fd30ea82940, 0, 1390, 0x7fd30ea75010)         = 0
pthread_mutex_init(0x7fd30ea82968, 0, 1391, 0x7fd30ea75010)         = 0
pthread_mutex_init(0x7fd30ea82990, 0, 1392, 0x7fd30ea75010)         = 0
pthread_mutex_init(0x7fd30ea829b8, 0, 1393, 0x7fd30ea75010)         = 0
pthread_mutex_init(0x7fd30ea829e0, 0, 1394, 0x7fd30ea75010)         = 0
pthread_mutex_init(0x7fd30ea82a08, 0, 1395, 0x7fd30ea75010)         = 0
pthread_mutex_init(0x7fd30ea82a30, 0, 1396, 0x7fd30ea75010)         = 0
pthread_mutex_init(0x7fd30ea82a58, 0, 1397, 0x7fd30ea75010)         = 0
pthread_mutex_init(0x7fd30ea82a80, 0, 1398, 0x7fd30ea75010)         = 0
pthread_mutex_init(0x7fd30ea82aa8, 0, 1399, 0x7fd30ea75010)         = 0
pthread_mutex_init(0x7fd30ea82ad0, 0, 1400, 0x7fd30ea75010)         = 0
pthread_mutex_init(0x7fd30ea82af8, 0, 1401, 0x7fd30ea75010)         = 0
pthread_mutex_init(0x7fd30ea82b20, 0, 1402, 0x7fd30ea75010)         = 0
pthread_mutex_init(0x7fd30ea82b48, 0, 1403, 0x7fd30ea75010)         = 0
pthread_mutex_init(0x7fd30ea82b70, 0, 1404, 0x7fd30ea75010)         = 0
pthread_mutex_init(0x7fd30ea82b98, 0, 1405, 0x7fd30ea75010)         = 0
pthread_mutex_init(0x7fd30ea82bc0, 0, 1406, 0x7fd30ea75010)         = 0
pthread_mutex_init(0x7fd30ea82be8, 0, 1407, 0x7fd30ea75010)         = 0
pthread_mutex_init(0x7fd30ea82c10, 0, 1408, 0x7fd30ea75010)         = 0
pthread_mutex_init(0x7fd30ea82c38, 0, 1409, 0x7fd30ea75010)         = 0
pthread_mutex_init(0x7fd30ea82c60, 0, 1410, 0x7fd30ea75010)         = 0
pthread_mutex_init(0x7fd30ea82c88, 0, 1411, 0x7fd30ea75010)         = 0
pthread_mutex_init(0x7fd30ea82cb0, 0, 1412, 0x7fd30ea75010)         = 0
pthread_mutex_init(0x7fd30ea82cd8, 0, 1413, 0x7fd30ea75010)         = 0
pthread_mutex_init(0x7fd30ea82d00, 0, 1414, 0x7fd30ea75010)         = 0
pthread_mutex_init(0x7fd30ea82d28, 0, 1415, 0x7fd30ea75010)         = 0
pthread_mutex_init(0x7fd30ea82d50, 0, 1416, 0x7fd30ea75010)         = 0
pthread_mutex_init(0x7fd30ea82d78, 0, 1417, 0x7fd30ea75010)         = 0
pthread_mutex_init(0x7fd30ea82da0, 0, 1418, 0x7fd30ea75010)         = 0
pthread_mutex_init(0x7fd30ea82dc8, 0, 1419, 0x7fd30ea75010)         = 0
pthread_mutex_init(0x7fd30ea82df0, 0, 1420, 0x7fd30ea75010)         = 0
pthread_mutex_init(0x7fd30ea82e18, 0, 1421, 0x7fd30ea75010)         = 0
pthread_mutex_init(0x7fd30ea82e40, 0, 1422, 0x7fd30ea75010)         = 0
pthread_mutex_init(0x7fd30ea82e68, 0, 1423, 0x7fd30ea75010)         = 0
pthread_mutex_init(0x7fd30ea82e90, 0, 1424, 0x7fd30ea75010)         = 0
pthread_mutex_init(0x7fd30ea82eb8, 0, 1425, 0x7fd30ea75010)         = 0
pthread_mutex_init(0x7fd30ea82ee0, 0, 1426, 0x7fd30ea75010)         = 0
pthread_mutex_init(0x7fd30ea82f08, 0, 1427, 0x7fd30ea75010)         = 0
pthread_mutex_init(0x7fd30ea82f30, 0, 1428, 0x7fd30ea75010)         = 0
pthread_mutex_init(0x7fd30ea82f58, 0, 1429, 0x7fd30ea75010)         = 0
pthread_mutex_init(0x7fd30ea82f80, 0, 1430, 0x7fd30ea75010)         = 0
pthread_mutex_init(0x7fd30ea82fa8, 0, 1431, 0x7fd30ea75010)         = 0
pthread_mutex_init(0x7fd30ea82fd0, 0, 1432, 0x7fd30ea75010)         = 0
pthread_mutex_init(0x7fd30ea82ff8, 0, 1433, 0x7fd30ea75010)         = 0
pthread_mutex_init(0x7fd30ea83020, 0, 1434, 0x7fd30ea75010)         = 0
pthread_mutex_init(0x7fd30ea83048, 0, 1435, 0x7fd30ea75010)         = 0
pthread_mutex_init(0x7fd30ea83070, 0, 1436, 0x7fd30ea75010)         = 0
pthread_mutex_init(0x7fd30ea83098, 0, 1437, 0x7fd30ea75010)         = 0
pthread_mutex_init(0x7fd30ea830c0, 0, 1438, 0x7fd30ea75010)         = 0
pthread_mutex_init(0x7fd30ea830e8, 0, 1439, 0x7fd30ea75010)         = 0
pthread_mutex_init(0x7fd30ea83110, 0, 1440, 0x7fd30ea75010)         = 0
pthread_mutex_init(0x7fd30ea83138, 0, 1441, 0x7fd30ea75010)         = 0
pthread_mutex_init(0x7fd30ea83160, 0, 1442, 0x7fd30ea75010)         = 0
pthread_mutex_init(0x7fd30ea83188, 0, 1443, 0x7fd30ea75010)         = 0
pthread_mutex_init(0x7fd30ea831b0, 0, 1444, 0x7fd30ea75010)         = 0
pthread_mutex_init(0x7fd30ea831d8, 0, 1445, 0x7fd30ea75010)         = 0
pthread_mutex_init(0x7fd30ea83200, 0, 1446, 0x7fd30ea75010)         = 0
pthread_mutex_init(0x7fd30ea83228, 0, 1447, 0x7fd30ea75010)         = 0
pthread_mutex_init(0x7fd30ea83250, 0, 1448, 0x7fd30ea75010)         = 0
pthread_mutex_init(0x7fd30ea83278, 0, 1449, 0x7fd30ea75010)         = 0
pthread_mutex_init(0x7fd30ea832a0, 0, 1450, 0x7fd30ea75010)         = 0
pthread_mutex_init(0x7fd30ea832c8, 0, 1451, 0x7fd30ea75010)         = 0
pthread_mutex_init(0x7fd30ea832f0, 0, 1452, 0x7fd30ea75010)         = 0
pthread_mutex_init(0x7fd30ea83318, 0, 1453, 0x7fd30ea75010)         = 0
pthread_mutex_init(0x7fd30ea83340, 0, 1454, 0x7fd30ea75010)         = 0
pthread_mutex_init(0x7fd30ea83368, 0, 1455, 0x7fd30ea75010)         = 0
pthread_mutex_init(0x7fd30ea83390, 0, 1456, 0x7fd30ea75010)         = 0
pthread_mutex_init(0x7fd30ea833b8, 0, 1457, 0x7fd30ea75010)         = 0
pthread_mutex_init(0x7fd30ea833e0, 0, 1458, 0x7fd30ea75010)         = 0
pthread_mutex_init(0x7fd30ea83408, 0, 1459, 0x7fd30ea75010)         = 0
pthread_mutex_init(0x7fd30ea83430, 0, 1460, 0x7fd30ea75010)         = 0
pthread_mutex_init(0x7fd30ea83458, 0, 1461, 0x7fd30ea75010)         = 0
pthread_mutex_init(0x7fd30ea83480, 0, 1462, 0x7fd30ea75010)         = 0
pthread_mutex_init(0x7fd30ea834a8, 0, 1463, 0x7fd30ea75010)         = 0
pthread_mutex_init(0x7fd30ea834d0, 0, 1464, 0x7fd30ea75010)         = 0
pthread_mutex_init(0x7fd30ea834f8, 0, 1465, 0x7fd30ea75010)         = 0
pthread_mutex_init(0x7fd30ea83520, 0, 1466, 0x7fd30ea75010)         = 0
pthread_mutex_init(0x7fd30ea83548, 0, 1467, 0x7fd30ea75010)         = 0
pthread_mutex_init(0x7fd30ea83570, 0, 1468, 0x7fd30ea75010)         = 0
pthread_mutex_init(0x7fd30ea83598, 0, 1469, 0x7fd30ea75010)         = 0
pthread_mutex_init(0x7fd30ea835c0, 0, 1470, 0x7fd30ea75010)         = 0
pthread_mutex_init(0x7fd30ea835e8, 0, 1471, 0x7fd30ea75010)         = 0
pthread_mutex_init(0x7fd30ea83610, 0, 1472, 0x7fd30ea75010)         = 0
pthread_mutex_init(0x7fd30ea83638, 0, 1473, 0x7fd30ea75010)         = 0
pthread_mutex_init(0x7fd30ea83660, 0, 1474, 0x7fd30ea75010)         = 0
pthread_mutex_init(0x7fd30ea83688, 0, 1475, 0x7fd30ea75010)         = 0
pthread_mutex_init(0x7fd30ea836b0, 0, 1476, 0x7fd30ea75010)         = 0
pthread_mutex_init(0x7fd30ea836d8, 0, 1477, 0x7fd30ea75010)         = 0
pthread_mutex_init(0x7fd30ea83700, 0, 1478, 0x7fd30ea75010)         = 0
pthread_mutex_init(0x7fd30ea83728, 0, 1479, 0x7fd30ea75010)         = 0
pthread_mutex_init(0x7fd30ea83750, 0, 1480, 0x7fd30ea75010)         = 0
pthread_mutex_init(0x7fd30ea83778, 0, 1481, 0x7fd30ea75010)         = 0
pthread_mutex_init(0x7fd30ea837a0, 0, 1482, 0x7fd30ea75010)         = 0
pthread_mutex_init(0x7fd30ea837c8, 0, 1483, 0x7fd30ea75010)         = 0
pthread_mutex_init(0x7fd30ea837f0, 0, 1484, 0x7fd30ea75010)         = 0
pthread_mutex_init(0x7fd30ea83818, 0, 1485, 0x7fd30ea75010)         = 0
pthread_mutex_init(0x7fd30ea83840, 0, 1486, 0x7fd30ea75010)         = 0
pthread_mutex_init(0x7fd30ea83868, 0, 1487, 0x7fd30ea75010)         = 0
pthread_mutex_init(0x7fd30ea83890, 0, 1488, 0x7fd30ea75010)         = 0
pthread_mutex_init(0x7fd30ea838b8, 0, 1489, 0x7fd30ea75010)         = 0
pthread_mutex_init(0x7fd30ea838e0, 0, 1490, 0x7fd30ea75010)         = 0
pthread_mutex_init(0x7fd30ea83908, 0, 1491, 0x7fd30ea75010)         = 0
pthread_mutex_init(0x7fd30ea83930, 0, 1492, 0x7fd30ea75010)         = 0
pthread_mutex_init(0x7fd30ea83958, 0, 1493, 0x7fd30ea75010)         = 0
pthread_mutex_init(0x7fd30ea83980, 0, 1494, 0x7fd30ea75010)         = 0
pthread_mutex_init(0x7fd30ea839a8, 0, 1495, 0x7fd30ea75010)         = 0
pthread_mutex_init(0x7fd30ea839d0, 0, 1496, 0x7fd30ea75010)         = 0
pthread_mutex_init(0x7fd30ea839f8, 0, 1497, 0x7fd30ea75010)         = 0
pthread_mutex_init(0x7fd30ea83a20, 0, 1498, 0x7fd30ea75010)         = 0
pthread_mutex_init(0x7fd30ea83a48, 0, 1499, 0x7fd30ea75010)         = 0
pthread_mutex_init(0x7fd30ea83a70, 0, 1500, 0x7fd30ea75010)         = 0
pthread_mutex_init(0x7fd30ea83a98, 0, 1501, 0x7fd30ea75010)         = 0
pthread_mutex_init(0x7fd30ea83ac0, 0, 1502, 0x7fd30ea75010)         = 0
pthread_mutex_init(0x7fd30ea83ae8, 0, 1503, 0x7fd30ea75010)         = 0
pthread_mutex_init(0x7fd30ea83b10, 0, 1504, 0x7fd30ea75010)         = 0
pthread_mutex_init(0x7fd30ea83b38, 0, 1505, 0x7fd30ea75010)         = 0
pthread_mutex_init(0x7fd30ea83b60, 0, 1506, 0x7fd30ea75010)         = 0
pthread_mutex_init(0x7fd30ea83b88, 0, 1507, 0x7fd30ea75010)         = 0
pthread_mutex_init(0x7fd30ea83bb0, 0, 1508, 0x7fd30ea75010)         = 0
pthread_mutex_init(0x7fd30ea83bd8, 0, 1509, 0x7fd30ea75010)         = 0
pthread_mutex_init(0x7fd30ea83c00, 0, 1510, 0x7fd30ea75010)         = 0
pthread_mutex_init(0x7fd30ea83c28, 0, 1511, 0x7fd30ea75010)         = 0
pthread_mutex_init(0x7fd30ea83c50, 0, 1512, 0x7fd30ea75010)         = 0
pthread_mutex_init(0x7fd30ea83c78, 0, 1513, 0x7fd30ea75010)         = 0
pthread_mutex_init(0x7fd30ea83ca0, 0, 1514, 0x7fd30ea75010)         = 0
pthread_mutex_init(0x7fd30ea83cc8, 0, 1515, 0x7fd30ea75010)         = 0
pthread_mutex_init(0x7fd30ea83cf0, 0, 1516, 0x7fd30ea75010)         = 0
pthread_mutex_init(0x7fd30ea83d18, 0, 1517, 0x7fd30ea75010)         = 0
pthread_mutex_init(0x7fd30ea83d40, 0, 1518, 0x7fd30ea75010)         = 0
pthread_mutex_init(0x7fd30ea83d68, 0, 1519, 0x7fd30ea75010)         = 0
pthread_mutex_init(0x7fd30ea83d90, 0, 1520, 0x7fd30ea75010)         = 0
pthread_mutex_init(0x7fd30ea83db8, 0, 1521, 0x7fd30ea75010)         = 0
pthread_mutex_init(0x7fd30ea83de0, 0, 1522, 0x7fd30ea75010)         = 0
pthread_mutex_init(0x7fd30ea83e08, 0, 1523, 0x7fd30ea75010)         = 0
pthread_mutex_init(0x7fd30ea83e30, 0, 1524, 0x7fd30ea75010)         = 0
pthread_mutex_init(0x7fd30ea83e58, 0, 1525, 0x7fd30ea75010)         = 0
pthread_mutex_init(0x7fd30ea83e80, 0, 1526, 0x7fd30ea75010)         = 0
pthread_mutex_init(0x7fd30ea83ea8, 0, 1527, 0x7fd30ea75010)         = 0
pthread_mutex_init(0x7fd30ea83ed0, 0, 1528, 0x7fd30ea75010)         = 0
pthread_mutex_init(0x7fd30ea83ef8, 0, 1529, 0x7fd30ea75010)         = 0
pthread_mutex_init(0x7fd30ea83f20, 0, 1530, 0x7fd30ea75010)         = 0
pthread_mutex_init(0x7fd30ea83f48, 0, 1531, 0x7fd30ea75010)         = 0
pthread_mutex_init(0x7fd30ea83f70, 0, 1532, 0x7fd30ea75010)         = 0
pthread_mutex_init(0x7fd30ea83f98, 0, 1533, 0x7fd30ea75010)         = 0
pthread_mutex_init(0x7fd30ea83fc0, 0, 1534, 0x7fd30ea75010)         = 0
pthread_mutex_init(0x7fd30ea83fe8, 0, 1535, 0x7fd30ea75010)         = 0
pthread_mutex_init(0x7fd30ea84010, 0, 1536, 0x7fd30ea75010)         = 0
pthread_mutex_init(0x7fd30ea84038, 0, 1537, 0x7fd30ea75010)         = 0
pthread_mutex_init(0x7fd30ea84060, 0, 1538, 0x7fd30ea75010)         = 0
pthread_mutex_init(0x7fd30ea84088, 0, 1539, 0x7fd30ea75010)         = 0
pthread_mutex_init(0x7fd30ea840b0, 0, 1540, 0x7fd30ea75010)         = 0
pthread_mutex_init(0x7fd30ea840d8, 0, 1541, 0x7fd30ea75010)         = 0
pthread_mutex_init(0x7fd30ea84100, 0, 1542, 0x7fd30ea75010)         = 0
pthread_mutex_init(0x7fd30ea84128, 0, 1543, 0x7fd30ea75010)         = 0
pthread_mutex_init(0x7fd30ea84150, 0, 1544, 0x7fd30ea75010)         = 0
pthread_mutex_init(0x7fd30ea84178, 0, 1545, 0x7fd30ea75010)         = 0
pthread_mutex_init(0x7fd30ea841a0, 0, 1546, 0x7fd30ea75010)         = 0
pthread_mutex_init(0x7fd30ea841c8, 0, 1547, 0x7fd30ea75010)         = 0
pthread_mutex_init(0x7fd30ea841f0, 0, 1548, 0x7fd30ea75010)         = 0
pthread_mutex_init(0x7fd30ea84218, 0, 1549, 0x7fd30ea75010)         = 0
pthread_mutex_init(0x7fd30ea84240, 0, 1550, 0x7fd30ea75010)         = 0
pthread_mutex_init(0x7fd30ea84268, 0, 1551, 0x7fd30ea75010)         = 0
pthread_mutex_init(0x7fd30ea84290, 0, 1552, 0x7fd30ea75010)         = 0
pthread_mutex_init(0x7fd30ea842b8, 0, 1553, 0x7fd30ea75010)         = 0
pthread_mutex_init(0x7fd30ea842e0, 0, 1554, 0x7fd30ea75010)         = 0
pthread_mutex_init(0x7fd30ea84308, 0, 1555, 0x7fd30ea75010)         = 0
pthread_mutex_init(0x7fd30ea84330, 0, 1556, 0x7fd30ea75010)         = 0
pthread_mutex_init(0x7fd30ea84358, 0, 1557, 0x7fd30ea75010)         = 0
pthread_mutex_init(0x7fd30ea84380, 0, 1558, 0x7fd30ea75010)         = 0
pthread_mutex_init(0x7fd30ea843a8, 0, 1559, 0x7fd30ea75010)         = 0
pthread_mutex_init(0x7fd30ea843d0, 0, 1560, 0x7fd30ea75010)         = 0
pthread_mutex_init(0x7fd30ea843f8, 0, 1561, 0x7fd30ea75010)         = 0
pthread_mutex_init(0x7fd30ea84420, 0, 1562, 0x7fd30ea75010)         = 0
pthread_mutex_init(0x7fd30ea84448, 0, 1563, 0x7fd30ea75010)         = 0
pthread_mutex_init(0x7fd30ea84470, 0, 1564, 0x7fd30ea75010)         = 0
pthread_mutex_init(0x7fd30ea84498, 0, 1565, 0x7fd30ea75010)         = 0
pthread_mutex_init(0x7fd30ea844c0, 0, 1566, 0x7fd30ea75010)         = 0
pthread_mutex_init(0x7fd30ea844e8, 0, 1567, 0x7fd30ea75010)         = 0
pthread_mutex_init(0x7fd30ea84510, 0, 1568, 0x7fd30ea75010)         = 0
pthread_mutex_init(0x7fd30ea84538, 0, 1569, 0x7fd30ea75010)         = 0
pthread_mutex_init(0x7fd30ea84560, 0, 1570, 0x7fd30ea75010)         = 0
pthread_mutex_init(0x7fd30ea84588, 0, 1571, 0x7fd30ea75010)         = 0
pthread_mutex_init(0x7fd30ea845b0, 0, 1572, 0x7fd30ea75010)         = 0
pthread_mutex_init(0x7fd30ea845d8, 0, 1573, 0x7fd30ea75010)         = 0
pthread_mutex_init(0x7fd30ea84600, 0, 1574, 0x7fd30ea75010)         = 0
pthread_mutex_init(0x7fd30ea84628, 0, 1575, 0x7fd30ea75010)         = 0
pthread_mutex_init(0x7fd30ea84650, 0, 1576, 0x7fd30ea75010)         = 0
pthread_mutex_init(0x7fd30ea84678, 0, 1577, 0x7fd30ea75010)         = 0
pthread_mutex_init(0x7fd30ea846a0, 0, 1578, 0x7fd30ea75010)         = 0
pthread_mutex_init(0x7fd30ea846c8, 0, 1579, 0x7fd30ea75010)         = 0
pthread_mutex_init(0x7fd30ea846f0, 0, 1580, 0x7fd30ea75010)         = 0
pthread_mutex_init(0x7fd30ea84718, 0, 1581, 0x7fd30ea75010)         = 0
pthread_mutex_init(0x7fd30ea84740, 0, 1582, 0x7fd30ea75010)         = 0
pthread_mutex_init(0x7fd30ea84768, 0, 1583, 0x7fd30ea75010)         = 0
pthread_mutex_init(0x7fd30ea84790, 0, 1584, 0x7fd30ea75010)         = 0
pthread_mutex_init(0x7fd30ea847b8, 0, 1585, 0x7fd30ea75010)         = 0
pthread_mutex_init(0x7fd30ea847e0, 0, 1586, 0x7fd30ea75010)         = 0
pthread_mutex_init(0x7fd30ea84808, 0, 1587, 0x7fd30ea75010)         = 0
pthread_mutex_init(0x7fd30ea84830, 0, 1588, 0x7fd30ea75010)         = 0
pthread_mutex_init(0x7fd30ea84858, 0, 1589, 0x7fd30ea75010)         = 0
pthread_mutex_init(0x7fd30ea84880, 0, 1590, 0x7fd30ea75010)         = 0
pthread_mutex_init(0x7fd30ea848a8, 0, 1591, 0x7fd30ea75010)         = 0
pthread_mutex_init(0x7fd30ea848d0, 0, 1592, 0x7fd30ea75010)         = 0
pthread_mutex_init(0x7fd30ea848f8, 0, 1593, 0x7fd30ea75010)         = 0
pthread_mutex_init(0x7fd30ea84920, 0, 1594, 0x7fd30ea75010)         = 0
pthread_mutex_init(0x7fd30ea84948, 0, 1595, 0x7fd30ea75010)         = 0
pthread_mutex_init(0x7fd30ea84970, 0, 1596, 0x7fd30ea75010)         = 0
pthread_mutex_init(0x7fd30ea84998, 0, 1597, 0x7fd30ea75010)         = 0
pthread_mutex_init(0x7fd30ea849c0, 0, 1598, 0x7fd30ea75010)         = 0
pthread_mutex_init(0x7fd30ea849e8, 0, 1599, 0x7fd30ea75010)         = 0
pthread_mutex_init(0x7fd30ea84a10, 0, 1600, 0x7fd30ea75010)         = 0
pthread_mutex_init(0x7fd30ea84a38, 0, 1601, 0x7fd30ea75010)         = 0
pthread_mutex_init(0x7fd30ea84a60, 0, 1602, 0x7fd30ea75010)         = 0
pthread_mutex_init(0x7fd30ea84a88, 0, 1603, 0x7fd30ea75010)         = 0
pthread_mutex_init(0x7fd30ea84ab0, 0, 1604, 0x7fd30ea75010)         = 0
pthread_mutex_init(0x7fd30ea84ad8, 0, 1605, 0x7fd30ea75010)         = 0
pthread_mutex_init(0x7fd30ea84b00, 0, 1606, 0x7fd30ea75010)         = 0
pthread_mutex_init(0x7fd30ea84b28, 0, 1607, 0x7fd30ea75010)         = 0
pthread_mutex_init(0x7fd30ea84b50, 0, 1608, 0x7fd30ea75010)         = 0
pthread_mutex_init(0x7fd30ea84b78, 0, 1609, 0x7fd30ea75010)         = 0
pthread_mutex_init(0x7fd30ea84ba0, 0, 1610, 0x7fd30ea75010)         = 0
pthread_mutex_init(0x7fd30ea84bc8, 0, 1611, 0x7fd30ea75010)         = 0
pthread_mutex_init(0x7fd30ea84bf0, 0, 1612, 0x7fd30ea75010)         = 0
pthread_mutex_init(0x7fd30ea84c18, 0, 1613, 0x7fd30ea75010)         = 0
pthread_mutex_init(0x7fd30ea84c40, 0, 1614, 0x7fd30ea75010)         = 0
pthread_mutex_init(0x7fd30ea84c68, 0, 1615, 0x7fd30ea75010)         = 0
pthread_mutex_init(0x7fd30ea84c90, 0, 1616, 0x7fd30ea75010)         = 0
pthread_mutex_init(0x7fd30ea84cb8, 0, 1617, 0x7fd30ea75010)         = 0
pthread_mutex_init(0x7fd30ea84ce0, 0, 1618, 0x7fd30ea75010)         = 0
pthread_mutex_init(0x7fd30ea84d08, 0, 1619, 0x7fd30ea75010)         = 0
pthread_mutex_init(0x7fd30ea84d30, 0, 1620, 0x7fd30ea75010)         = 0
pthread_mutex_init(0x7fd30ea84d58, 0, 1621, 0x7fd30ea75010)         = 0
pthread_mutex_init(0x7fd30ea84d80, 0, 1622, 0x7fd30ea75010)         = 0
pthread_mutex_init(0x7fd30ea84da8, 0, 1623, 0x7fd30ea75010)         = 0
pthread_mutex_init(0x7fd30ea84dd0, 0, 1624, 0x7fd30ea75010)         = 0
pthread_mutex_init(0x7fd30ea84df8, 0, 1625, 0x7fd30ea75010)         = 0
pthread_mutex_init(0x7fd30ea84e20, 0, 1626, 0x7fd30ea75010)         = 0
pthread_mutex_init(0x7fd30ea84e48, 0, 1627, 0x7fd30ea75010)         = 0
pthread_mutex_init(0x7fd30ea84e70, 0, 1628, 0x7fd30ea75010)         = 0
pthread_mutex_init(0x7fd30ea84e98, 0, 1629, 0x7fd30ea75010)         = 0
pthread_mutex_init(0x7fd30ea84ec0, 0, 1630, 0x7fd30ea75010)         = 0
pthread_mutex_init(0x7fd30ea84ee8, 0, 1631, 0x7fd30ea75010)         = 0
pthread_mutex_init(0x7fd30ea84f10, 0, 1632, 0x7fd30ea75010)         = 0
pthread_mutex_init(0x7fd30ea84f38, 0, 1633, 0x7fd30ea75010)         = 0
pthread_mutex_init(0x7fd30ea84f60, 0, 1634, 0x7fd30ea75010)         = 0
pthread_mutex_init(0x7fd30ea84f88, 0, 1635, 0x7fd30ea75010)         = 0
pthread_mutex_init(0x7fd30ea84fb0, 0, 1636, 0x7fd30ea75010)         = 0
pthread_mutex_init(0x7fd30ea84fd8, 0, 1637, 0x7fd30ea75010)         = 0
pthread_mutex_init(0x7fd30ea85000, 0, 1638, 0x7fd30ea75010)         = 0
pthread_mutex_init(0x7fd30ea85028, 0, 1639, 0x7fd30ea75010)         = 0
pthread_mutex_init(0x7fd30ea85050, 0, 1640, 0x7fd30ea75010)         = 0
pthread_mutex_init(0x7fd30ea85078, 0, 1641, 0x7fd30ea75010)         = 0
pthread_mutex_init(0x7fd30ea850a0, 0, 1642, 0x7fd30ea75010)         = 0
pthread_mutex_init(0x7fd30ea850c8, 0, 1643, 0x7fd30ea75010)         = 0
pthread_mutex_init(0x7fd30ea850f0, 0, 1644, 0x7fd30ea75010)         = 0
pthread_mutex_init(0x7fd30ea85118, 0, 1645, 0x7fd30ea75010)         = 0
pthread_mutex_init(0x7fd30ea85140, 0, 1646, 0x7fd30ea75010)         = 0
pthread_mutex_init(0x7fd30ea85168, 0, 1647, 0x7fd30ea75010)         = 0
pthread_mutex_init(0x7fd30ea85190, 0, 1648, 0x7fd30ea75010)         = 0
pthread_mutex_init(0x7fd30ea851b8, 0, 1649, 0x7fd30ea75010)         = 0
pthread_mutex_init(0x7fd30ea851e0, 0, 1650, 0x7fd30ea75010)         = 0
pthread_mutex_init(0x7fd30ea85208, 0, 1651, 0x7fd30ea75010)         = 0
pthread_mutex_init(0x7fd30ea85230, 0, 1652, 0x7fd30ea75010)         = 0
pthread_mutex_init(0x7fd30ea85258, 0, 1653, 0x7fd30ea75010)         = 0
pthread_mutex_init(0x7fd30ea85280, 0, 1654, 0x7fd30ea75010)         = 0
pthread_mutex_init(0x7fd30ea852a8, 0, 1655, 0x7fd30ea75010)         = 0
pthread_mutex_init(0x7fd30ea852d0, 0, 1656, 0x7fd30ea75010)         = 0
pthread_mutex_init(0x7fd30ea852f8, 0, 1657, 0x7fd30ea75010)         = 0
pthread_mutex_init(0x7fd30ea85320, 0, 1658, 0x7fd30ea75010)         = 0
pthread_mutex_init(0x7fd30ea85348, 0, 1659, 0x7fd30ea75010)         = 0
pthread_mutex_init(0x7fd30ea85370, 0, 1660, 0x7fd30ea75010)         = 0
pthread_mutex_init(0x7fd30ea85398, 0, 1661, 0x7fd30ea75010)         = 0
pthread_mutex_init(0x7fd30ea853c0, 0, 1662, 0x7fd30ea75010)         = 0
pthread_mutex_init(0x7fd30ea853e8, 0, 1663, 0x7fd30ea75010)         = 0
pthread_mutex_init(0x7fd30ea85410, 0, 1664, 0x7fd30ea75010)         = 0
pthread_mutex_init(0x7fd30ea85438, 0, 1665, 0x7fd30ea75010)         = 0
pthread_mutex_init(0x7fd30ea85460, 0, 1666, 0x7fd30ea75010)         = 0
pthread_mutex_init(0x7fd30ea85488, 0, 1667, 0x7fd30ea75010)         = 0
pthread_mutex_init(0x7fd30ea854b0, 0, 1668, 0x7fd30ea75010)         = 0
pthread_mutex_init(0x7fd30ea854d8, 0, 1669, 0x7fd30ea75010)         = 0
pthread_mutex_init(0x7fd30ea85500, 0, 1670, 0x7fd30ea75010)         = 0
pthread_mutex_init(0x7fd30ea85528, 0, 1671, 0x7fd30ea75010)         = 0
pthread_mutex_init(0x7fd30ea85550, 0, 1672, 0x7fd30ea75010)         = 0
pthread_mutex_init(0x7fd30ea85578, 0, 1673, 0x7fd30ea75010)         = 0
pthread_mutex_init(0x7fd30ea855a0, 0, 1674, 0x7fd30ea75010)         = 0
pthread_mutex_init(0x7fd30ea855c8, 0, 1675, 0x7fd30ea75010)         = 0
pthread_mutex_init(0x7fd30ea855f0, 0, 1676, 0x7fd30ea75010)         = 0
pthread_mutex_init(0x7fd30ea85618, 0, 1677, 0x7fd30ea75010)         = 0
pthread_mutex_init(0x7fd30ea85640, 0, 1678, 0x7fd30ea75010)         = 0
pthread_mutex_init(0x7fd30ea85668, 0, 1679, 0x7fd30ea75010)         = 0
pthread_mutex_init(0x7fd30ea85690, 0, 1680, 0x7fd30ea75010)         = 0
pthread_mutex_init(0x7fd30ea856b8, 0, 1681, 0x7fd30ea75010)         = 0
pthread_mutex_init(0x7fd30ea856e0, 0, 1682, 0x7fd30ea75010)         = 0
pthread_mutex_init(0x7fd30ea85708, 0, 1683, 0x7fd30ea75010)         = 0
pthread_mutex_init(0x7fd30ea85730, 0, 1684, 0x7fd30ea75010)         = 0
pthread_mutex_init(0x7fd30ea85758, 0, 1685, 0x7fd30ea75010)         = 0
pthread_mutex_init(0x7fd30ea85780, 0, 1686, 0x7fd30ea75010)         = 0
pthread_mutex_init(0x7fd30ea857a8, 0, 1687, 0x7fd30ea75010)         = 0
pthread_mutex_init(0x7fd30ea857d0, 0, 1688, 0x7fd30ea75010)         = 0
pthread_mutex_init(0x7fd30ea857f8, 0, 1689, 0x7fd30ea75010)         = 0
pthread_mutex_init(0x7fd30ea85820, 0, 1690, 0x7fd30ea75010)         = 0
pthread_mutex_init(0x7fd30ea85848, 0, 1691, 0x7fd30ea75010)         = 0
pthread_mutex_init(0x7fd30ea85870, 0, 1692, 0x7fd30ea75010)         = 0
pthread_mutex_init(0x7fd30ea85898, 0, 1693, 0x7fd30ea75010)         = 0
pthread_mutex_init(0x7fd30ea858c0, 0, 1694, 0x7fd30ea75010)         = 0
pthread_mutex_init(0x7fd30ea858e8, 0, 1695, 0x7fd30ea75010)         = 0
pthread_mutex_init(0x7fd30ea85910, 0, 1696, 0x7fd30ea75010)         = 0
pthread_mutex_init(0x7fd30ea85938, 0, 1697, 0x7fd30ea75010)         = 0
pthread_mutex_init(0x7fd30ea85960, 0, 1698, 0x7fd30ea75010)         = 0
pthread_mutex_init(0x7fd30ea85988, 0, 1699, 0x7fd30ea75010)         = 0
pthread_mutex_init(0x7fd30ea859b0, 0, 1700, 0x7fd30ea75010)         = 0
pthread_mutex_init(0x7fd30ea859d8, 0, 1701, 0x7fd30ea75010)         = 0
pthread_mutex_init(0x7fd30ea85a00, 0, 1702, 0x7fd30ea75010)         = 0
pthread_mutex_init(0x7fd30ea85a28, 0, 1703, 0x7fd30ea75010)         = 0
pthread_mutex_init(0x7fd30ea85a50, 0, 1704, 0x7fd30ea75010)         = 0
pthread_mutex_init(0x7fd30ea85a78, 0, 1705, 0x7fd30ea75010)         = 0
pthread_mutex_init(0x7fd30ea85aa0, 0, 1706, 0x7fd30ea75010)         = 0
pthread_mutex_init(0x7fd30ea85ac8, 0, 1707, 0x7fd30ea75010)         = 0
pthread_mutex_init(0x7fd30ea85af0, 0, 1708, 0x7fd30ea75010)         = 0
pthread_mutex_init(0x7fd30ea85b18, 0, 1709, 0x7fd30ea75010)         = 0
pthread_mutex_init(0x7fd30ea85b40, 0, 1710, 0x7fd30ea75010)         = 0
pthread_mutex_init(0x7fd30ea85b68, 0, 1711, 0x7fd30ea75010)         = 0
pthread_mutex_init(0x7fd30ea85b90, 0, 1712, 0x7fd30ea75010)         = 0
pthread_mutex_init(0x7fd30ea85bb8, 0, 1713, 0x7fd30ea75010)         = 0
pthread_mutex_init(0x7fd30ea85be0, 0, 1714, 0x7fd30ea75010)         = 0
pthread_mutex_init(0x7fd30ea85c08, 0, 1715, 0x7fd30ea75010)         = 0
pthread_mutex_init(0x7fd30ea85c30, 0, 1716, 0x7fd30ea75010)         = 0
pthread_mutex_init(0x7fd30ea85c58, 0, 1717, 0x7fd30ea75010)         = 0
pthread_mutex_init(0x7fd30ea85c80, 0, 1718, 0x7fd30ea75010)         = 0
pthread_mutex_init(0x7fd30ea85ca8, 0, 1719, 0x7fd30ea75010)         = 0
pthread_mutex_init(0x7fd30ea85cd0, 0, 1720, 0x7fd30ea75010)         = 0
pthread_mutex_init(0x7fd30ea85cf8, 0, 1721, 0x7fd30ea75010)         = 0
pthread_mutex_init(0x7fd30ea85d20, 0, 1722, 0x7fd30ea75010)         = 0
pthread_mutex_init(0x7fd30ea85d48, 0, 1723, 0x7fd30ea75010)         = 0
pthread_mutex_init(0x7fd30ea85d70, 0, 1724, 0x7fd30ea75010)         = 0
pthread_mutex_init(0x7fd30ea85d98, 0, 1725, 0x7fd30ea75010)         = 0
pthread_mutex_init(0x7fd30ea85dc0, 0, 1726, 0x7fd30ea75010)         = 0
pthread_mutex_init(0x7fd30ea85de8, 0, 1727, 0x7fd30ea75010)         = 0
pthread_mutex_init(0x7fd30ea85e10, 0, 1728, 0x7fd30ea75010)         = 0
pthread_mutex_init(0x7fd30ea85e38, 0, 1729, 0x7fd30ea75010)         = 0
pthread_mutex_init(0x7fd30ea85e60, 0, 1730, 0x7fd30ea75010)         = 0
pthread_mutex_init(0x7fd30ea85e88, 0, 1731, 0x7fd30ea75010)         = 0
pthread_mutex_init(0x7fd30ea85eb0, 0, 1732, 0x7fd30ea75010)         = 0
pthread_mutex_init(0x7fd30ea85ed8, 0, 1733, 0x7fd30ea75010)         = 0
pthread_mutex_init(0x7fd30ea85f00, 0, 1734, 0x7fd30ea75010)         = 0
pthread_mutex_init(0x7fd30ea85f28, 0, 1735, 0x7fd30ea75010)         = 0
pthread_mutex_init(0x7fd30ea85f50, 0, 1736, 0x7fd30ea75010)         = 0
pthread_mutex_init(0x7fd30ea85f78, 0, 1737, 0x7fd30ea75010)         = 0
pthread_mutex_init(0x7fd30ea85fa0, 0, 1738, 0x7fd30ea75010)         = 0
pthread_mutex_init(0x7fd30ea85fc8, 0, 1739, 0x7fd30ea75010)         = 0
pthread_mutex_init(0x7fd30ea85ff0, 0, 1740, 0x7fd30ea75010)         = 0
pthread_mutex_init(0x7fd30ea86018, 0, 1741, 0x7fd30ea75010)         = 0
pthread_mutex_init(0x7fd30ea86040, 0, 1742, 0x7fd30ea75010)         = 0
pthread_mutex_init(0x7fd30ea86068, 0, 1743, 0x7fd30ea75010)         = 0
pthread_mutex_init(0x7fd30ea86090, 0, 1744, 0x7fd30ea75010)         = 0
pthread_mutex_init(0x7fd30ea860b8, 0, 1745, 0x7fd30ea75010)         = 0
pthread_mutex_init(0x7fd30ea860e0, 0, 1746, 0x7fd30ea75010)         = 0
pthread_mutex_init(0x7fd30ea86108, 0, 1747, 0x7fd30ea75010)         = 0
pthread_mutex_init(0x7fd30ea86130, 0, 1748, 0x7fd30ea75010)         = 0
pthread_mutex_init(0x7fd30ea86158, 0, 1749, 0x7fd30ea75010)         = 0
pthread_mutex_init(0x7fd30ea86180, 0, 1750, 0x7fd30ea75010)         = 0
pthread_mutex_init(0x7fd30ea861a8, 0, 1751, 0x7fd30ea75010)         = 0
pthread_mutex_init(0x7fd30ea861d0, 0, 1752, 0x7fd30ea75010)         = 0
pthread_mutex_init(0x7fd30ea861f8, 0, 1753, 0x7fd30ea75010)         = 0
pthread_mutex_init(0x7fd30ea86220, 0, 1754, 0x7fd30ea75010)         = 0
pthread_mutex_init(0x7fd30ea86248, 0, 1755, 0x7fd30ea75010)         = 0
pthread_mutex_init(0x7fd30ea86270, 0, 1756, 0x7fd30ea75010)         = 0
pthread_mutex_init(0x7fd30ea86298, 0, 1757, 0x7fd30ea75010)         = 0
pthread_mutex_init(0x7fd30ea862c0, 0, 1758, 0x7fd30ea75010)         = 0
pthread_mutex_init(0x7fd30ea862e8, 0, 1759, 0x7fd30ea75010)         = 0
pthread_mutex_init(0x7fd30ea86310, 0, 1760, 0x7fd30ea75010)         = 0
pthread_mutex_init(0x7fd30ea86338, 0, 1761, 0x7fd30ea75010)         = 0
pthread_mutex_init(0x7fd30ea86360, 0, 1762, 0x7fd30ea75010)         = 0
pthread_mutex_init(0x7fd30ea86388, 0, 1763, 0x7fd30ea75010)         = 0
pthread_mutex_init(0x7fd30ea863b0, 0, 1764, 0x7fd30ea75010)         = 0
pthread_mutex_init(0x7fd30ea863d8, 0, 1765, 0x7fd30ea75010)         = 0
pthread_mutex_init(0x7fd30ea86400, 0, 1766, 0x7fd30ea75010)         = 0
pthread_mutex_init(0x7fd30ea86428, 0, 1767, 0x7fd30ea75010)         = 0
pthread_mutex_init(0x7fd30ea86450, 0, 1768, 0x7fd30ea75010)         = 0
pthread_mutex_init(0x7fd30ea86478, 0, 1769, 0x7fd30ea75010)         = 0
pthread_mutex_init(0x7fd30ea864a0, 0, 1770, 0x7fd30ea75010)         = 0
pthread_mutex_init(0x7fd30ea864c8, 0, 1771, 0x7fd30ea75010)         = 0
pthread_mutex_init(0x7fd30ea864f0, 0, 1772, 0x7fd30ea75010)         = 0
pthread_mutex_init(0x7fd30ea86518, 0, 1773, 0x7fd30ea75010)         = 0
pthread_mutex_init(0x7fd30ea86540, 0, 1774, 0x7fd30ea75010)         = 0
pthread_mutex_init(0x7fd30ea86568, 0, 1775, 0x7fd30ea75010)         = 0
pthread_mutex_init(0x7fd30ea86590, 0, 1776, 0x7fd30ea75010)         = 0
pthread_mutex_init(0x7fd30ea865b8, 0, 1777, 0x7fd30ea75010)         = 0
pthread_mutex_init(0x7fd30ea865e0, 0, 1778, 0x7fd30ea75010)         = 0
pthread_mutex_init(0x7fd30ea86608, 0, 1779, 0x7fd30ea75010)         = 0
pthread_mutex_init(0x7fd30ea86630, 0, 1780, 0x7fd30ea75010)         = 0
pthread_mutex_init(0x7fd30ea86658, 0, 1781, 0x7fd30ea75010)         = 0
pthread_mutex_init(0x7fd30ea86680, 0, 1782, 0x7fd30ea75010)         = 0
pthread_mutex_init(0x7fd30ea866a8, 0, 1783, 0x7fd30ea75010)         = 0
pthread_mutex_init(0x7fd30ea866d0, 0, 1784, 0x7fd30ea75010)         = 0
pthread_mutex_init(0x7fd30ea866f8, 0, 1785, 0x7fd30ea75010)         = 0
pthread_mutex_init(0x7fd30ea86720, 0, 1786, 0x7fd30ea75010)         = 0
pthread_mutex_init(0x7fd30ea86748, 0, 1787, 0x7fd30ea75010)         = 0
pthread_mutex_init(0x7fd30ea86770, 0, 1788, 0x7fd30ea75010)         = 0
pthread_mutex_init(0x7fd30ea86798, 0, 1789, 0x7fd30ea75010)         = 0
pthread_mutex_init(0x7fd30ea867c0, 0, 1790, 0x7fd30ea75010)         = 0
pthread_mutex_init(0x7fd30ea867e8, 0, 1791, 0x7fd30ea75010)         = 0
pthread_mutex_init(0x7fd30ea86810, 0, 1792, 0x7fd30ea75010)         = 0
pthread_mutex_init(0x7fd30ea86838, 0, 1793, 0x7fd30ea75010)         = 0
pthread_mutex_init(0x7fd30ea86860, 0, 1794, 0x7fd30ea75010)         = 0
pthread_mutex_init(0x7fd30ea86888, 0, 1795, 0x7fd30ea75010)         = 0
pthread_mutex_init(0x7fd30ea868b0, 0, 1796, 0x7fd30ea75010)         = 0
pthread_mutex_init(0x7fd30ea868d8, 0, 1797, 0x7fd30ea75010)         = 0
pthread_mutex_init(0x7fd30ea86900, 0, 1798, 0x7fd30ea75010)         = 0
pthread_mutex_init(0x7fd30ea86928, 0, 1799, 0x7fd30ea75010)         = 0
pthread_mutex_init(0x7fd30ea86950, 0, 1800, 0x7fd30ea75010)         = 0
pthread_mutex_init(0x7fd30ea86978, 0, 1801, 0x7fd30ea75010)         = 0
pthread_mutex_init(0x7fd30ea869a0, 0, 1802, 0x7fd30ea75010)         = 0
pthread_mutex_init(0x7fd30ea869c8, 0, 1803, 0x7fd30ea75010)         = 0
pthread_mutex_init(0x7fd30ea869f0, 0, 1804, 0x7fd30ea75010)         = 0
pthread_mutex_init(0x7fd30ea86a18, 0, 1805, 0x7fd30ea75010)         = 0
pthread_mutex_init(0x7fd30ea86a40, 0, 1806, 0x7fd30ea75010)         = 0
pthread_mutex_init(0x7fd30ea86a68, 0, 1807, 0x7fd30ea75010)         = 0
pthread_mutex_init(0x7fd30ea86a90, 0, 1808, 0x7fd30ea75010)         = 0
pthread_mutex_init(0x7fd30ea86ab8, 0, 1809, 0x7fd30ea75010)         = 0
pthread_mutex_init(0x7fd30ea86ae0, 0, 1810, 0x7fd30ea75010)         = 0
pthread_mutex_init(0x7fd30ea86b08, 0, 1811, 0x7fd30ea75010)         = 0
pthread_mutex_init(0x7fd30ea86b30, 0, 1812, 0x7fd30ea75010)         = 0
pthread_mutex_init(0x7fd30ea86b58, 0, 1813, 0x7fd30ea75010)         = 0
pthread_mutex_init(0x7fd30ea86b80, 0, 1814, 0x7fd30ea75010)         = 0
pthread_mutex_init(0x7fd30ea86ba8, 0, 1815, 0x7fd30ea75010)         = 0
pthread_mutex_init(0x7fd30ea86bd0, 0, 1816, 0x7fd30ea75010)         = 0
pthread_mutex_init(0x7fd30ea86bf8, 0, 1817, 0x7fd30ea75010)         = 0
pthread_mutex_init(0x7fd30ea86c20, 0, 1818, 0x7fd30ea75010)         = 0
pthread_mutex_init(0x7fd30ea86c48, 0, 1819, 0x7fd30ea75010)         = 0
pthread_mutex_init(0x7fd30ea86c70, 0, 1820, 0x7fd30ea75010)         = 0
pthread_mutex_init(0x7fd30ea86c98, 0, 1821, 0x7fd30ea75010)         = 0
pthread_mutex_init(0x7fd30ea86cc0, 0, 1822, 0x7fd30ea75010)         = 0
pthread_mutex_init(0x7fd30ea86ce8, 0, 1823, 0x7fd30ea75010)         = 0
pthread_mutex_init(0x7fd30ea86d10, 0, 1824, 0x7fd30ea75010)         = 0
pthread_mutex_init(0x7fd30ea86d38, 0, 1825, 0x7fd30ea75010)         = 0
pthread_mutex_init(0x7fd30ea86d60, 0, 1826, 0x7fd30ea75010)         = 0
pthread_mutex_init(0x7fd30ea86d88, 0, 1827, 0x7fd30ea75010)         = 0
pthread_mutex_init(0x7fd30ea86db0, 0, 1828, 0x7fd30ea75010)         = 0
pthread_mutex_init(0x7fd30ea86dd8, 0, 1829, 0x7fd30ea75010)         = 0
pthread_mutex_init(0x7fd30ea86e00, 0, 1830, 0x7fd30ea75010)         = 0
pthread_mutex_init(0x7fd30ea86e28, 0, 1831, 0x7fd30ea75010)         = 0
pthread_mutex_init(0x7fd30ea86e50, 0, 1832, 0x7fd30ea75010)         = 0
pthread_mutex_init(0x7fd30ea86e78, 0, 1833, 0x7fd30ea75010)         = 0
pthread_mutex_init(0x7fd30ea86ea0, 0, 1834, 0x7fd30ea75010)         = 0
pthread_mutex_init(0x7fd30ea86ec8, 0, 1835, 0x7fd30ea75010)         = 0
pthread_mutex_init(0x7fd30ea86ef0, 0, 1836, 0x7fd30ea75010)         = 0
pthread_mutex_init(0x7fd30ea86f18, 0, 1837, 0x7fd30ea75010)         = 0
pthread_mutex_init(0x7fd30ea86f40, 0, 1838, 0x7fd30ea75010)         = 0
pthread_mutex_init(0x7fd30ea86f68, 0, 1839, 0x7fd30ea75010)         = 0
pthread_mutex_init(0x7fd30ea86f90, 0, 1840, 0x7fd30ea75010)         = 0
pthread_mutex_init(0x7fd30ea86fb8, 0, 1841, 0x7fd30ea75010)         = 0
pthread_mutex_init(0x7fd30ea86fe0, 0, 1842, 0x7fd30ea75010)         = 0
pthread_mutex_init(0x7fd30ea87008, 0, 1843, 0x7fd30ea75010)         = 0
pthread_mutex_init(0x7fd30ea87030, 0, 1844, 0x7fd30ea75010)         = 0
pthread_mutex_init(0x7fd30ea87058, 0, 1845, 0x7fd30ea75010)         = 0
pthread_mutex_init(0x7fd30ea87080, 0, 1846, 0x7fd30ea75010)         = 0
pthread_mutex_init(0x7fd30ea870a8, 0, 1847, 0x7fd30ea75010)         = 0
pthread_mutex_init(0x7fd30ea870d0, 0, 1848, 0x7fd30ea75010)         = 0
pthread_mutex_init(0x7fd30ea870f8, 0, 1849, 0x7fd30ea75010)         = 0
pthread_mutex_init(0x7fd30ea87120, 0, 1850, 0x7fd30ea75010)         = 0
pthread_mutex_init(0x7fd30ea87148, 0, 1851, 0x7fd30ea75010)         = 0
pthread_mutex_init(0x7fd30ea87170, 0, 1852, 0x7fd30ea75010)         = 0
pthread_mutex_init(0x7fd30ea87198, 0, 1853, 0x7fd30ea75010)         = 0
pthread_mutex_init(0x7fd30ea871c0, 0, 1854, 0x7fd30ea75010)         = 0
pthread_mutex_init(0x7fd30ea871e8, 0, 1855, 0x7fd30ea75010)         = 0
pthread_mutex_init(0x7fd30ea87210, 0, 1856, 0x7fd30ea75010)         = 0
pthread_mutex_init(0x7fd30ea87238, 0, 1857, 0x7fd30ea75010)         = 0
pthread_mutex_init(0x7fd30ea87260, 0, 1858, 0x7fd30ea75010)         = 0
pthread_mutex_init(0x7fd30ea87288, 0, 1859, 0x7fd30ea75010)         = 0
pthread_mutex_init(0x7fd30ea872b0, 0, 1860, 0x7fd30ea75010)         = 0
pthread_mutex_init(0x7fd30ea872d8, 0, 1861, 0x7fd30ea75010)         = 0
pthread_mutex_init(0x7fd30ea87300, 0, 1862, 0x7fd30ea75010)         = 0
pthread_mutex_init(0x7fd30ea87328, 0, 1863, 0x7fd30ea75010)         = 0
pthread_mutex_init(0x7fd30ea87350, 0, 1864, 0x7fd30ea75010)         = 0
pthread_mutex_init(0x7fd30ea87378, 0, 1865, 0x7fd30ea75010)         = 0
pthread_mutex_init(0x7fd30ea873a0, 0, 1866, 0x7fd30ea75010)         = 0
pthread_mutex_init(0x7fd30ea873c8, 0, 1867, 0x7fd30ea75010)         = 0
pthread_mutex_init(0x7fd30ea873f0, 0, 1868, 0x7fd30ea75010)         = 0
pthread_mutex_init(0x7fd30ea87418, 0, 1869, 0x7fd30ea75010)         = 0
pthread_mutex_init(0x7fd30ea87440, 0, 1870, 0x7fd30ea75010)         = 0
pthread_mutex_init(0x7fd30ea87468, 0, 1871, 0x7fd30ea75010)         = 0
pthread_mutex_init(0x7fd30ea87490, 0, 1872, 0x7fd30ea75010)         = 0
pthread_mutex_init(0x7fd30ea874b8, 0, 1873, 0x7fd30ea75010)         = 0
pthread_mutex_init(0x7fd30ea874e0, 0, 1874, 0x7fd30ea75010)         = 0
pthread_mutex_init(0x7fd30ea87508, 0, 1875, 0x7fd30ea75010)         = 0
pthread_mutex_init(0x7fd30ea87530, 0, 1876, 0x7fd30ea75010)         = 0
pthread_mutex_init(0x7fd30ea87558, 0, 1877, 0x7fd30ea75010)         = 0
pthread_mutex_init(0x7fd30ea87580, 0, 1878, 0x7fd30ea75010)         = 0
pthread_mutex_init(0x7fd30ea875a8, 0, 1879, 0x7fd30ea75010)         = 0
pthread_mutex_init(0x7fd30ea875d0, 0, 1880, 0x7fd30ea75010)         = 0
pthread_mutex_init(0x7fd30ea875f8, 0, 1881, 0x7fd30ea75010)         = 0
pthread_mutex_init(0x7fd30ea87620, 0, 1882, 0x7fd30ea75010)         = 0
pthread_mutex_init(0x7fd30ea87648, 0, 1883, 0x7fd30ea75010)         = 0
pthread_mutex_init(0x7fd30ea87670, 0, 1884, 0x7fd30ea75010)         = 0
pthread_mutex_init(0x7fd30ea87698, 0, 1885, 0x7fd30ea75010)         = 0
pthread_mutex_init(0x7fd30ea876c0, 0, 1886, 0x7fd30ea75010)         = 0
pthread_mutex_init(0x7fd30ea876e8, 0, 1887, 0x7fd30ea75010)         = 0
pthread_mutex_init(0x7fd30ea87710, 0, 1888, 0x7fd30ea75010)         = 0
pthread_mutex_init(0x7fd30ea87738, 0, 1889, 0x7fd30ea75010)         = 0
pthread_mutex_init(0x7fd30ea87760, 0, 1890, 0x7fd30ea75010)         = 0
pthread_mutex_init(0x7fd30ea87788, 0, 1891, 0x7fd30ea75010)         = 0
pthread_mutex_init(0x7fd30ea877b0, 0, 1892, 0x7fd30ea75010)         = 0
pthread_mutex_init(0x7fd30ea877d8, 0, 1893, 0x7fd30ea75010)         = 0
pthread_mutex_init(0x7fd30ea87800, 0, 1894, 0x7fd30ea75010)         = 0
pthread_mutex_init(0x7fd30ea87828, 0, 1895, 0x7fd30ea75010)         = 0
pthread_mutex_init(0x7fd30ea87850, 0, 1896, 0x7fd30ea75010)         = 0
pthread_mutex_init(0x7fd30ea87878, 0, 1897, 0x7fd30ea75010)         = 0
pthread_mutex_init(0x7fd30ea878a0, 0, 1898, 0x7fd30ea75010)         = 0
pthread_mutex_init(0x7fd30ea878c8, 0, 1899, 0x7fd30ea75010)         = 0
pthread_mutex_init(0x7fd30ea878f0, 0, 1900, 0x7fd30ea75010)         = 0
pthread_mutex_init(0x7fd30ea87918, 0, 1901, 0x7fd30ea75010)         = 0
pthread_mutex_init(0x7fd30ea87940, 0, 1902, 0x7fd30ea75010)         = 0
pthread_mutex_init(0x7fd30ea87968, 0, 1903, 0x7fd30ea75010)         = 0
pthread_mutex_init(0x7fd30ea87990, 0, 1904, 0x7fd30ea75010)         = 0
pthread_mutex_init(0x7fd30ea879b8, 0, 1905, 0x7fd30ea75010)         = 0
pthread_mutex_init(0x7fd30ea879e0, 0, 1906, 0x7fd30ea75010)         = 0
pthread_mutex_init(0x7fd30ea87a08, 0, 1907, 0x7fd30ea75010)         = 0
pthread_mutex_init(0x7fd30ea87a30, 0, 1908, 0x7fd30ea75010)         = 0
pthread_mutex_init(0x7fd30ea87a58, 0, 1909, 0x7fd30ea75010)         = 0
pthread_mutex_init(0x7fd30ea87a80, 0, 1910, 0x7fd30ea75010)         = 0
pthread_mutex_init(0x7fd30ea87aa8, 0, 1911, 0x7fd30ea75010)         = 0
pthread_mutex_init(0x7fd30ea87ad0, 0, 1912, 0x7fd30ea75010)         = 0
pthread_mutex_init(0x7fd30ea87af8, 0, 1913, 0x7fd30ea75010)         = 0
pthread_mutex_init(0x7fd30ea87b20, 0, 1914, 0x7fd30ea75010)         = 0
pthread_mutex_init(0x7fd30ea87b48, 0, 1915, 0x7fd30ea75010)         = 0
pthread_mutex_init(0x7fd30ea87b70, 0, 1916, 0x7fd30ea75010)         = 0
pthread_mutex_init(0x7fd30ea87b98, 0, 1917, 0x7fd30ea75010)         = 0
pthread_mutex_init(0x7fd30ea87bc0, 0, 1918, 0x7fd30ea75010)         = 0
pthread_mutex_init(0x7fd30ea87be8, 0, 1919, 0x7fd30ea75010)         = 0
pthread_mutex_init(0x7fd30ea87c10, 0, 1920, 0x7fd30ea75010)         = 0
pthread_mutex_init(0x7fd30ea87c38, 0, 1921, 0x7fd30ea75010)         = 0
pthread_mutex_init(0x7fd30ea87c60, 0, 1922, 0x7fd30ea75010)         = 0
pthread_mutex_init(0x7fd30ea87c88, 0, 1923, 0x7fd30ea75010)         = 0
pthread_mutex_init(0x7fd30ea87cb0, 0, 1924, 0x7fd30ea75010)         = 0
pthread_mutex_init(0x7fd30ea87cd8, 0, 1925, 0x7fd30ea75010)         = 0
pthread_mutex_init(0x7fd30ea87d00, 0, 1926, 0x7fd30ea75010)         = 0
pthread_mutex_init(0x7fd30ea87d28, 0, 1927, 0x7fd30ea75010)         = 0
pthread_mutex_init(0x7fd30ea87d50, 0, 1928, 0x7fd30ea75010)         = 0
pthread_mutex_init(0x7fd30ea87d78, 0, 1929, 0x7fd30ea75010)         = 0
pthread_mutex_init(0x7fd30ea87da0, 0, 1930, 0x7fd30ea75010)         = 0
pthread_mutex_init(0x7fd30ea87dc8, 0, 1931, 0x7fd30ea75010)         = 0
pthread_mutex_init(0x7fd30ea87df0, 0, 1932, 0x7fd30ea75010)         = 0
pthread_mutex_init(0x7fd30ea87e18, 0, 1933, 0x7fd30ea75010)         = 0
pthread_mutex_init(0x7fd30ea87e40, 0, 1934, 0x7fd30ea75010)         = 0
pthread_mutex_init(0x7fd30ea87e68, 0, 1935, 0x7fd30ea75010)         = 0
pthread_mutex_init(0x7fd30ea87e90, 0, 1936, 0x7fd30ea75010)         = 0
pthread_mutex_init(0x7fd30ea87eb8, 0, 1937, 0x7fd30ea75010)         = 0
pthread_mutex_init(0x7fd30ea87ee0, 0, 1938, 0x7fd30ea75010)         = 0
pthread_mutex_init(0x7fd30ea87f08, 0, 1939, 0x7fd30ea75010)         = 0
pthread_mutex_init(0x7fd30ea87f30, 0, 1940, 0x7fd30ea75010)         = 0
pthread_mutex_init(0x7fd30ea87f58, 0, 1941, 0x7fd30ea75010)         = 0
pthread_mutex_init(0x7fd30ea87f80, 0, 1942, 0x7fd30ea75010)         = 0
pthread_mutex_init(0x7fd30ea87fa8, 0, 1943, 0x7fd30ea75010)         = 0
pthread_mutex_init(0x7fd30ea87fd0, 0, 1944, 0x7fd30ea75010)         = 0
pthread_mutex_init(0x7fd30ea87ff8, 0, 1945, 0x7fd30ea75010)         = 0
pthread_mutex_init(0x7fd30ea88020, 0, 1946, 0x7fd30ea75010)         = 0
pthread_mutex_init(0x7fd30ea88048, 0, 1947, 0x7fd30ea75010)         = 0
pthread_mutex_init(0x7fd30ea88070, 0, 1948, 0x7fd30ea75010)         = 0
pthread_mutex_init(0x7fd30ea88098, 0, 1949, 0x7fd30ea75010)         = 0
pthread_mutex_init(0x7fd30ea880c0, 0, 1950, 0x7fd30ea75010)         = 0
pthread_mutex_init(0x7fd30ea880e8, 0, 1951, 0x7fd30ea75010)         = 0
pthread_mutex_init(0x7fd30ea88110, 0, 1952, 0x7fd30ea75010)         = 0
pthread_mutex_init(0x7fd30ea88138, 0, 1953, 0x7fd30ea75010)         = 0
pthread_mutex_init(0x7fd30ea88160, 0, 1954, 0x7fd30ea75010)         = 0
pthread_mutex_init(0x7fd30ea88188, 0, 1955, 0x7fd30ea75010)         = 0
pthread_mutex_init(0x7fd30ea881b0, 0, 1956, 0x7fd30ea75010)         = 0
pthread_mutex_init(0x7fd30ea881d8, 0, 1957, 0x7fd30ea75010)         = 0
pthread_mutex_init(0x7fd30ea88200, 0, 1958, 0x7fd30ea75010)         = 0
pthread_mutex_init(0x7fd30ea88228, 0, 1959, 0x7fd30ea75010)         = 0
pthread_mutex_init(0x7fd30ea88250, 0, 1960, 0x7fd30ea75010)         = 0
pthread_mutex_init(0x7fd30ea88278, 0, 1961, 0x7fd30ea75010)         = 0
pthread_mutex_init(0x7fd30ea882a0, 0, 1962, 0x7fd30ea75010)         = 0
pthread_mutex_init(0x7fd30ea882c8, 0, 1963, 0x7fd30ea75010)         = 0
pthread_mutex_init(0x7fd30ea882f0, 0, 1964, 0x7fd30ea75010)         = 0
pthread_mutex_init(0x7fd30ea88318, 0, 1965, 0x7fd30ea75010)         = 0
pthread_mutex_init(0x7fd30ea88340, 0, 1966, 0x7fd30ea75010)         = 0
pthread_mutex_init(0x7fd30ea88368, 0, 1967, 0x7fd30ea75010)         = 0
pthread_mutex_init(0x7fd30ea88390, 0, 1968, 0x7fd30ea75010)         = 0
pthread_mutex_init(0x7fd30ea883b8, 0, 1969, 0x7fd30ea75010)         = 0
pthread_mutex_init(0x7fd30ea883e0, 0, 1970, 0x7fd30ea75010)         = 0
pthread_mutex_init(0x7fd30ea88408, 0, 1971, 0x7fd30ea75010)         = 0
pthread_mutex_init(0x7fd30ea88430, 0, 1972, 0x7fd30ea75010)         = 0
pthread_mutex_init(0x7fd30ea88458, 0, 1973, 0x7fd30ea75010)         = 0
pthread_mutex_init(0x7fd30ea88480, 0, 1974, 0x7fd30ea75010)         = 0
pthread_mutex_init(0x7fd30ea884a8, 0, 1975, 0x7fd30ea75010)         = 0
pthread_mutex_init(0x7fd30ea884d0, 0, 1976, 0x7fd30ea75010)         = 0
pthread_mutex_init(0x7fd30ea884f8, 0, 1977, 0x7fd30ea75010)         = 0
pthread_mutex_init(0x7fd30ea88520, 0, 1978, 0x7fd30ea75010)         = 0
pthread_mutex_init(0x7fd30ea88548, 0, 1979, 0x7fd30ea75010)         = 0
pthread_mutex_init(0x7fd30ea88570, 0, 1980, 0x7fd30ea75010)         = 0
pthread_mutex_init(0x7fd30ea88598, 0, 1981, 0x7fd30ea75010)         = 0
pthread_mutex_init(0x7fd30ea885c0, 0, 1982, 0x7fd30ea75010)         = 0
pthread_mutex_init(0x7fd30ea885e8, 0, 1983, 0x7fd30ea75010)         = 0
pthread_mutex_init(0x7fd30ea88610, 0, 1984, 0x7fd30ea75010)         = 0
pthread_mutex_init(0x7fd30ea88638, 0, 1985, 0x7fd30ea75010)         = 0
pthread_mutex_init(0x7fd30ea88660, 0, 1986, 0x7fd30ea75010)         = 0
pthread_mutex_init(0x7fd30ea88688, 0, 1987, 0x7fd30ea75010)         = 0
pthread_mutex_init(0x7fd30ea886b0, 0, 1988, 0x7fd30ea75010)         = 0
pthread_mutex_init(0x7fd30ea886d8, 0, 1989, 0x7fd30ea75010)         = 0
pthread_mutex_init(0x7fd30ea88700, 0, 1990, 0x7fd30ea75010)         = 0
pthread_mutex_init(0x7fd30ea88728, 0, 1991, 0x7fd30ea75010)         = 0
pthread_mutex_init(0x7fd30ea88750, 0, 1992, 0x7fd30ea75010)         = 0
pthread_mutex_init(0x7fd30ea88778, 0, 1993, 0x7fd30ea75010)         = 0
pthread_mutex_init(0x7fd30ea887a0, 0, 1994, 0x7fd30ea75010)         = 0
pthread_mutex_init(0x7fd30ea887c8, 0, 1995, 0x7fd30ea75010)         = 0
pthread_mutex_init(0x7fd30ea887f0, 0, 1996, 0x7fd30ea75010)         = 0
pthread_mutex_init(0x7fd30ea88818, 0, 1997, 0x7fd30ea75010)         = 0
pthread_mutex_init(0x7fd30ea88840, 0, 1998, 0x7fd30ea75010)         = 0
pthread_mutex_init(0x7fd30ea88868, 0, 1999, 0x7fd30ea75010)         = 0
pthread_mutex_init(0x7fd30ea88890, 0, 2000, 0x7fd30ea75010)         = 0
pthread_mutex_init(0x7fd30ea888b8, 0, 2001, 0x7fd30ea75010)         = 0
pthread_mutex_init(0x7fd30ea888e0, 0, 2002, 0x7fd30ea75010)         = 0
pthread_mutex_init(0x7fd30ea88908, 0, 2003, 0x7fd30ea75010)         = 0
pthread_mutex_init(0x7fd30ea88930, 0, 2004, 0x7fd30ea75010)         = 0
pthread_mutex_init(0x7fd30ea88958, 0, 2005, 0x7fd30ea75010)         = 0
pthread_mutex_init(0x7fd30ea88980, 0, 2006, 0x7fd30ea75010)         = 0
pthread_mutex_init(0x7fd30ea889a8, 0, 2007, 0x7fd30ea75010)         = 0
pthread_mutex_init(0x7fd30ea889d0, 0, 2008, 0x7fd30ea75010)         = 0
pthread_mutex_init(0x7fd30ea889f8, 0, 2009, 0x7fd30ea75010)         = 0
pthread_mutex_init(0x7fd30ea88a20, 0, 2010, 0x7fd30ea75010)         = 0
pthread_mutex_init(0x7fd30ea88a48, 0, 2011, 0x7fd30ea75010)         = 0
pthread_mutex_init(0x7fd30ea88a70, 0, 2012, 0x7fd30ea75010)         = 0
pthread_mutex_init(0x7fd30ea88a98, 0, 2013, 0x7fd30ea75010)         = 0
pthread_mutex_init(0x7fd30ea88ac0, 0, 2014, 0x7fd30ea75010)         = 0
pthread_mutex_init(0x7fd30ea88ae8, 0, 2015, 0x7fd30ea75010)         = 0
pthread_mutex_init(0x7fd30ea88b10, 0, 2016, 0x7fd30ea75010)         = 0
pthread_mutex_init(0x7fd30ea88b38, 0, 2017, 0x7fd30ea75010)         = 0
pthread_mutex_init(0x7fd30ea88b60, 0, 2018, 0x7fd30ea75010)         = 0
pthread_mutex_init(0x7fd30ea88b88, 0, 2019, 0x7fd30ea75010)         = 0
pthread_mutex_init(0x7fd30ea88bb0, 0, 2020, 0x7fd30ea75010)         = 0
pthread_mutex_init(0x7fd30ea88bd8, 0, 2021, 0x7fd30ea75010)         = 0
pthread_mutex_init(0x7fd30ea88c00, 0, 2022, 0x7fd30ea75010)         = 0
pthread_mutex_init(0x7fd30ea88c28, 0, 2023, 0x7fd30ea75010)         = 0
pthread_mutex_init(0x7fd30ea88c50, 0, 2024, 0x7fd30ea75010)         = 0
pthread_mutex_init(0x7fd30ea88c78, 0, 2025, 0x7fd30ea75010)         = 0
pthread_mutex_init(0x7fd30ea88ca0, 0, 2026, 0x7fd30ea75010)         = 0
pthread_mutex_init(0x7fd30ea88cc8, 0, 2027, 0x7fd30ea75010)         = 0
pthread_mutex_init(0x7fd30ea88cf0, 0, 2028, 0x7fd30ea75010)         = 0
pthread_mutex_init(0x7fd30ea88d18, 0, 2029, 0x7fd30ea75010)         = 0
pthread_mutex_init(0x7fd30ea88d40, 0, 2030, 0x7fd30ea75010)         = 0
pthread_mutex_init(0x7fd30ea88d68, 0, 2031, 0x7fd30ea75010)         = 0
pthread_mutex_init(0x7fd30ea88d90, 0, 2032, 0x7fd30ea75010)         = 0
pthread_mutex_init(0x7fd30ea88db8, 0, 2033, 0x7fd30ea75010)         = 0
pthread_mutex_init(0x7fd30ea88de0, 0, 2034, 0x7fd30ea75010)         = 0
pthread_mutex_init(0x7fd30ea88e08, 0, 2035, 0x7fd30ea75010)         = 0
pthread_mutex_init(0x7fd30ea88e30, 0, 2036, 0x7fd30ea75010)         = 0
pthread_mutex_init(0x7fd30ea88e58, 0, 2037, 0x7fd30ea75010)         = 0
pthread_mutex_init(0x7fd30ea88e80, 0, 2038, 0x7fd30ea75010)         = 0
pthread_mutex_init(0x7fd30ea88ea8, 0, 2039, 0x7fd30ea75010)         = 0
pthread_mutex_init(0x7fd30ea88ed0, 0, 2040, 0x7fd30ea75010)         = 0
pthread_mutex_init(0x7fd30ea88ef8, 0, 2041, 0x7fd30ea75010)         = 0
pthread_mutex_init(0x7fd30ea88f20, 0, 2042, 0x7fd30ea75010)         = 0
pthread_mutex_init(0x7fd30ea88f48, 0, 2043, 0x7fd30ea75010)         = 0
pthread_mutex_init(0x7fd30ea88f70, 0, 2044, 0x7fd30ea75010)         = 0
pthread_mutex_init(0x7fd30ea88f98, 0, 2045, 0x7fd30ea75010)         = 0
pthread_mutex_init(0x7fd30ea88fc0, 0, 2046, 0x7fd30ea75010)         = 0
pthread_mutex_init(0x7fd30ea88fe8, 0, 2047, 0x7fd30ea75010)         = 0
pthread_mutex_init(0x7fd30ea89010, 0, 2048, 0x7fd30ea75010)         = 0
pthread_mutex_init(0x7fd30ea89038, 0, 2049, 0x7fd30ea75010)         = 0
pthread_mutex_init(0x7fd30ea89060, 0, 2050, 0x7fd30ea75010)         = 0
pthread_mutex_init(0x7fd30ea89088, 0, 2051, 0x7fd30ea75010)         = 0
pthread_mutex_init(0x7fd30ea890b0, 0, 2052, 0x7fd30ea75010)         = 0
pthread_mutex_init(0x7fd30ea890d8, 0, 2053, 0x7fd30ea75010)         = 0
pthread_mutex_init(0x7fd30ea89100, 0, 2054, 0x7fd30ea75010)         = 0
pthread_mutex_init(0x7fd30ea89128, 0, 2055, 0x7fd30ea75010)         = 0
pthread_mutex_init(0x7fd30ea89150, 0, 2056, 0x7fd30ea75010)         = 0
pthread_mutex_init(0x7fd30ea89178, 0, 2057, 0x7fd30ea75010)         = 0
pthread_mutex_init(0x7fd30ea891a0, 0, 2058, 0x7fd30ea75010)         = 0
pthread_mutex_init(0x7fd30ea891c8, 0, 2059, 0x7fd30ea75010)         = 0
pthread_mutex_init(0x7fd30ea891f0, 0, 2060, 0x7fd30ea75010)         = 0
pthread_mutex_init(0x7fd30ea89218, 0, 2061, 0x7fd30ea75010)         = 0
pthread_mutex_init(0x7fd30ea89240, 0, 2062, 0x7fd30ea75010)         = 0
pthread_mutex_init(0x7fd30ea89268, 0, 2063, 0x7fd30ea75010)         = 0
pthread_mutex_init(0x7fd30ea89290, 0, 2064, 0x7fd30ea75010)         = 0
pthread_mutex_init(0x7fd30ea892b8, 0, 2065, 0x7fd30ea75010)         = 0
pthread_mutex_init(0x7fd30ea892e0, 0, 2066, 0x7fd30ea75010)         = 0
pthread_mutex_init(0x7fd30ea89308, 0, 2067, 0x7fd30ea75010)         = 0
pthread_mutex_init(0x7fd30ea89330, 0, 2068, 0x7fd30ea75010)         = 0
pthread_mutex_init(0x7fd30ea89358, 0, 2069, 0x7fd30ea75010)         = 0
pthread_mutex_init(0x7fd30ea89380, 0, 2070, 0x7fd30ea75010)         = 0
pthread_mutex_init(0x7fd30ea893a8, 0, 2071, 0x7fd30ea75010)         = 0
pthread_mutex_init(0x7fd30ea893d0, 0, 2072, 0x7fd30ea75010)         = 0
pthread_mutex_init(0x7fd30ea893f8, 0, 2073, 0x7fd30ea75010)         = 0
pthread_mutex_init(0x7fd30ea89420, 0, 2074, 0x7fd30ea75010)         = 0
pthread_mutex_init(0x7fd30ea89448, 0, 2075, 0x7fd30ea75010)         = 0
pthread_mutex_init(0x7fd30ea89470, 0, 2076, 0x7fd30ea75010)         = 0
pthread_mutex_init(0x7fd30ea89498, 0, 2077, 0x7fd30ea75010)         = 0
pthread_mutex_init(0x7fd30ea894c0, 0, 2078, 0x7fd30ea75010)         = 0
pthread_mutex_init(0x7fd30ea894e8, 0, 2079, 0x7fd30ea75010)         = 0
pthread_mutex_init(0x7fd30ea89510, 0, 2080, 0x7fd30ea75010)         = 0
pthread_mutex_init(0x7fd30ea89538, 0, 2081, 0x7fd30ea75010)         = 0
pthread_mutex_init(0x7fd30ea89560, 0, 2082, 0x7fd30ea75010)         = 0
pthread_mutex_init(0x7fd30ea89588, 0, 2083, 0x7fd30ea75010)         = 0
pthread_mutex_init(0x7fd30ea895b0, 0, 2084, 0x7fd30ea75010)         = 0
pthread_mutex_init(0x7fd30ea895d8, 0, 2085, 0x7fd30ea75010)         = 0
pthread_mutex_init(0x7fd30ea89600, 0, 2086, 0x7fd30ea75010)         = 0
pthread_mutex_init(0x7fd30ea89628, 0, 2087, 0x7fd30ea75010)         = 0
pthread_mutex_init(0x7fd30ea89650, 0, 2088, 0x7fd30ea75010)         = 0
pthread_mutex_init(0x7fd30ea89678, 0, 2089, 0x7fd30ea75010)         = 0
pthread_mutex_init(0x7fd30ea896a0, 0, 2090, 0x7fd30ea75010)         = 0
pthread_mutex_init(0x7fd30ea896c8, 0, 2091, 0x7fd30ea75010)         = 0
pthread_mutex_init(0x7fd30ea896f0, 0, 2092, 0x7fd30ea75010)         = 0
pthread_mutex_init(0x7fd30ea89718, 0, 2093, 0x7fd30ea75010)         = 0
pthread_mutex_init(0x7fd30ea89740, 0, 2094, 0x7fd30ea75010)         = 0
pthread_mutex_init(0x7fd30ea89768, 0, 2095, 0x7fd30ea75010)         = 0
pthread_mutex_init(0x7fd30ea89790, 0, 2096, 0x7fd30ea75010)         = 0
pthread_mutex_init(0x7fd30ea897b8, 0, 2097, 0x7fd30ea75010)         = 0
pthread_mutex_init(0x7fd30ea897e0, 0, 2098, 0x7fd30ea75010)         = 0
pthread_mutex_init(0x7fd30ea89808, 0, 2099, 0x7fd30ea75010)         = 0
pthread_mutex_init(0x7fd30ea89830, 0, 2100, 0x7fd30ea75010)         = 0
pthread_mutex_init(0x7fd30ea89858, 0, 2101, 0x7fd30ea75010)         = 0
pthread_mutex_init(0x7fd30ea89880, 0, 2102, 0x7fd30ea75010)         = 0
pthread_mutex_init(0x7fd30ea898a8, 0, 2103, 0x7fd30ea75010)         = 0
pthread_mutex_init(0x7fd30ea898d0, 0, 2104, 0x7fd30ea75010)         = 0
pthread_mutex_init(0x7fd30ea898f8, 0, 2105, 0x7fd30ea75010)         = 0
pthread_mutex_init(0x7fd30ea89920, 0, 2106, 0x7fd30ea75010)         = 0
pthread_mutex_init(0x7fd30ea89948, 0, 2107, 0x7fd30ea75010)         = 0
pthread_mutex_init(0x7fd30ea89970, 0, 2108, 0x7fd30ea75010)         = 0
pthread_mutex_init(0x7fd30ea89998, 0, 2109, 0x7fd30ea75010)         = 0
pthread_mutex_init(0x7fd30ea899c0, 0, 2110, 0x7fd30ea75010)         = 0
pthread_mutex_init(0x7fd30ea899e8, 0, 2111, 0x7fd30ea75010)         = 0
pthread_mutex_init(0x7fd30ea89a10, 0, 2112, 0x7fd30ea75010)         = 0
pthread_mutex_init(0x7fd30ea89a38, 0, 2113, 0x7fd30ea75010)         = 0
pthread_mutex_init(0x7fd30ea89a60, 0, 2114, 0x7fd30ea75010)         = 0
pthread_mutex_init(0x7fd30ea89a88, 0, 2115, 0x7fd30ea75010)         = 0
pthread_mutex_init(0x7fd30ea89ab0, 0, 2116, 0x7fd30ea75010)         = 0
pthread_mutex_init(0x7fd30ea89ad8, 0, 2117, 0x7fd30ea75010)         = 0
pthread_mutex_init(0x7fd30ea89b00, 0, 2118, 0x7fd30ea75010)         = 0
pthread_mutex_init(0x7fd30ea89b28, 0, 2119, 0x7fd30ea75010)         = 0
pthread_mutex_init(0x7fd30ea89b50, 0, 2120, 0x7fd30ea75010)         = 0
pthread_mutex_init(0x7fd30ea89b78, 0, 2121, 0x7fd30ea75010)         = 0
pthread_mutex_init(0x7fd30ea89ba0, 0, 2122, 0x7fd30ea75010)         = 0
pthread_mutex_init(0x7fd30ea89bc8, 0, 2123, 0x7fd30ea75010)         = 0
pthread_mutex_init(0x7fd30ea89bf0, 0, 2124, 0x7fd30ea75010)         = 0
pthread_mutex_init(0x7fd30ea89c18, 0, 2125, 0x7fd30ea75010)         = 0
pthread_mutex_init(0x7fd30ea89c40, 0, 2126, 0x7fd30ea75010)         = 0
pthread_mutex_init(0x7fd30ea89c68, 0, 2127, 0x7fd30ea75010)         = 0
pthread_mutex_init(0x7fd30ea89c90, 0, 2128, 0x7fd30ea75010)         = 0
pthread_mutex_init(0x7fd30ea89cb8, 0, 2129, 0x7fd30ea75010)         = 0
pthread_mutex_init(0x7fd30ea89ce0, 0, 2130, 0x7fd30ea75010)         = 0
pthread_mutex_init(0x7fd30ea89d08, 0, 2131, 0x7fd30ea75010)         = 0
pthread_mutex_init(0x7fd30ea89d30, 0, 2132, 0x7fd30ea75010)         = 0
pthread_mutex_init(0x7fd30ea89d58, 0, 2133, 0x7fd30ea75010)         = 0
pthread_mutex_init(0x7fd30ea89d80, 0, 2134, 0x7fd30ea75010)         = 0
pthread_mutex_init(0x7fd30ea89da8, 0, 2135, 0x7fd30ea75010)         = 0
pthread_mutex_init(0x7fd30ea89dd0, 0, 2136, 0x7fd30ea75010)         = 0
pthread_mutex_init(0x7fd30ea89df8, 0, 2137, 0x7fd30ea75010)         = 0
pthread_mutex_init(0x7fd30ea89e20, 0, 2138, 0x7fd30ea75010)         = 0
pthread_mutex_init(0x7fd30ea89e48, 0, 2139, 0x7fd30ea75010)         = 0
pthread_mutex_init(0x7fd30ea89e70, 0, 2140, 0x7fd30ea75010)         = 0
pthread_mutex_init(0x7fd30ea89e98, 0, 2141, 0x7fd30ea75010)         = 0
pthread_mutex_init(0x7fd30ea89ec0, 0, 2142, 0x7fd30ea75010)         = 0
pthread_mutex_init(0x7fd30ea89ee8, 0, 2143, 0x7fd30ea75010)         = 0
pthread_mutex_init(0x7fd30ea89f10, 0, 2144, 0x7fd30ea75010)         = 0
pthread_mutex_init(0x7fd30ea89f38, 0, 2145, 0x7fd30ea75010)         = 0
pthread_mutex_init(0x7fd30ea89f60, 0, 2146, 0x7fd30ea75010)         = 0
pthread_mutex_init(0x7fd30ea89f88, 0, 2147, 0x7fd30ea75010)         = 0
pthread_mutex_init(0x7fd30ea89fb0, 0, 2148, 0x7fd30ea75010)         = 0
pthread_mutex_init(0x7fd30ea89fd8, 0, 2149, 0x7fd30ea75010)         = 0
pthread_mutex_init(0x7fd30ea8a000, 0, 2150, 0x7fd30ea75010)         = 0
pthread_mutex_init(0x7fd30ea8a028, 0, 2151, 0x7fd30ea75010)         = 0
pthread_mutex_init(0x7fd30ea8a050, 0, 2152, 0x7fd30ea75010)         = 0
pthread_mutex_init(0x7fd30ea8a078, 0, 2153, 0x7fd30ea75010)         = 0
pthread_mutex_init(0x7fd30ea8a0a0, 0, 2154, 0x7fd30ea75010)         = 0
pthread_mutex_init(0x7fd30ea8a0c8, 0, 2155, 0x7fd30ea75010)         = 0
pthread_mutex_init(0x7fd30ea8a0f0, 0, 2156, 0x7fd30ea75010)         = 0
pthread_mutex_init(0x7fd30ea8a118, 0, 2157, 0x7fd30ea75010)         = 0
pthread_mutex_init(0x7fd30ea8a140, 0, 2158, 0x7fd30ea75010)         = 0
pthread_mutex_init(0x7fd30ea8a168, 0, 2159, 0x7fd30ea75010)         = 0
pthread_mutex_init(0x7fd30ea8a190, 0, 2160, 0x7fd30ea75010)         = 0
pthread_mutex_init(0x7fd30ea8a1b8, 0, 2161, 0x7fd30ea75010)         = 0
pthread_mutex_init(0x7fd30ea8a1e0, 0, 2162, 0x7fd30ea75010)         = 0
pthread_mutex_init(0x7fd30ea8a208, 0, 2163, 0x7fd30ea75010)         = 0
pthread_mutex_init(0x7fd30ea8a230, 0, 2164, 0x7fd30ea75010)         = 0
pthread_mutex_init(0x7fd30ea8a258, 0, 2165, 0x7fd30ea75010)         = 0
pthread_mutex_init(0x7fd30ea8a280, 0, 2166, 0x7fd30ea75010)         = 0
pthread_mutex_init(0x7fd30ea8a2a8, 0, 2167, 0x7fd30ea75010)         = 0
pthread_mutex_init(0x7fd30ea8a2d0, 0, 2168, 0x7fd30ea75010)         = 0
pthread_mutex_init(0x7fd30ea8a2f8, 0, 2169, 0x7fd30ea75010)         = 0
pthread_mutex_init(0x7fd30ea8a320, 0, 2170, 0x7fd30ea75010)         = 0
pthread_mutex_init(0x7fd30ea8a348, 0, 2171, 0x7fd30ea75010)         = 0
pthread_mutex_init(0x7fd30ea8a370, 0, 2172, 0x7fd30ea75010)         = 0
pthread_mutex_init(0x7fd30ea8a398, 0, 2173, 0x7fd30ea75010)         = 0
pthread_mutex_init(0x7fd30ea8a3c0, 0, 2174, 0x7fd30ea75010)         = 0
pthread_mutex_init(0x7fd30ea8a3e8, 0, 2175, 0x7fd30ea75010)         = 0
pthread_mutex_init(0x7fd30ea8a410, 0, 2176, 0x7fd30ea75010)         = 0
pthread_mutex_init(0x7fd30ea8a438, 0, 2177, 0x7fd30ea75010)         = 0
pthread_mutex_init(0x7fd30ea8a460, 0, 2178, 0x7fd30ea75010)         = 0
pthread_mutex_init(0x7fd30ea8a488, 0, 2179, 0x7fd30ea75010)         = 0
pthread_mutex_init(0x7fd30ea8a4b0, 0, 2180, 0x7fd30ea75010)         = 0
pthread_mutex_init(0x7fd30ea8a4d8, 0, 2181, 0x7fd30ea75010)         = 0
pthread_mutex_init(0x7fd30ea8a500, 0, 2182, 0x7fd30ea75010)         = 0
pthread_mutex_init(0x7fd30ea8a528, 0, 2183, 0x7fd30ea75010)         = 0
pthread_mutex_init(0x7fd30ea8a550, 0, 2184, 0x7fd30ea75010)         = 0
pthread_mutex_init(0x7fd30ea8a578, 0, 2185, 0x7fd30ea75010)         = 0
pthread_mutex_init(0x7fd30ea8a5a0, 0, 2186, 0x7fd30ea75010)         = 0
pthread_mutex_init(0x7fd30ea8a5c8, 0, 2187, 0x7fd30ea75010)         = 0
pthread_mutex_init(0x7fd30ea8a5f0, 0, 2188, 0x7fd30ea75010)         = 0
pthread_mutex_init(0x7fd30ea8a618, 0, 2189, 0x7fd30ea75010)         = 0
pthread_mutex_init(0x7fd30ea8a640, 0, 2190, 0x7fd30ea75010)         = 0
pthread_mutex_init(0x7fd30ea8a668, 0, 2191, 0x7fd30ea75010)         = 0
pthread_mutex_init(0x7fd30ea8a690, 0, 2192, 0x7fd30ea75010)         = 0
pthread_mutex_init(0x7fd30ea8a6b8, 0, 2193, 0x7fd30ea75010)         = 0
pthread_mutex_init(0x7fd30ea8a6e0, 0, 2194, 0x7fd30ea75010)         = 0
pthread_mutex_init(0x7fd30ea8a708, 0, 2195, 0x7fd30ea75010)         = 0
pthread_mutex_init(0x7fd30ea8a730, 0, 2196, 0x7fd30ea75010)         = 0
pthread_mutex_init(0x7fd30ea8a758, 0, 2197, 0x7fd30ea75010)         = 0
pthread_mutex_init(0x7fd30ea8a780, 0, 2198, 0x7fd30ea75010)         = 0
pthread_mutex_init(0x7fd30ea8a7a8, 0, 2199, 0x7fd30ea75010)         = 0
pthread_mutex_init(0x7fd30ea8a7d0, 0, 2200, 0x7fd30ea75010)         = 0
pthread_mutex_init(0x7fd30ea8a7f8, 0, 2201, 0x7fd30ea75010)         = 0
pthread_mutex_init(0x7fd30ea8a820, 0, 2202, 0x7fd30ea75010)         = 0
pthread_mutex_init(0x7fd30ea8a848, 0, 2203, 0x7fd30ea75010)         = 0
pthread_mutex_init(0x7fd30ea8a870, 0, 2204, 0x7fd30ea75010)         = 0
pthread_mutex_init(0x7fd30ea8a898, 0, 2205, 0x7fd30ea75010)         = 0
pthread_mutex_init(0x7fd30ea8a8c0, 0, 2206, 0x7fd30ea75010)         = 0
pthread_mutex_init(0x7fd30ea8a8e8, 0, 2207, 0x7fd30ea75010)         = 0
pthread_mutex_init(0x7fd30ea8a910, 0, 2208, 0x7fd30ea75010)         = 0
pthread_mutex_init(0x7fd30ea8a938, 0, 2209, 0x7fd30ea75010)         = 0
pthread_mutex_init(0x7fd30ea8a960, 0, 2210, 0x7fd30ea75010)         = 0
pthread_mutex_init(0x7fd30ea8a988, 0, 2211, 0x7fd30ea75010)         = 0
pthread_mutex_init(0x7fd30ea8a9b0, 0, 2212, 0x7fd30ea75010)         = 0
pthread_mutex_init(0x7fd30ea8a9d8, 0, 2213, 0x7fd30ea75010)         = 0
pthread_mutex_init(0x7fd30ea8aa00, 0, 2214, 0x7fd30ea75010)         = 0
pthread_mutex_init(0x7fd30ea8aa28, 0, 2215, 0x7fd30ea75010)         = 0
pthread_mutex_init(0x7fd30ea8aa50, 0, 2216, 0x7fd30ea75010)         = 0
pthread_mutex_init(0x7fd30ea8aa78, 0, 2217, 0x7fd30ea75010)         = 0
pthread_mutex_init(0x7fd30ea8aaa0, 0, 2218, 0x7fd30ea75010)         = 0
pthread_mutex_init(0x7fd30ea8aac8, 0, 2219, 0x7fd30ea75010)         = 0
pthread_mutex_init(0x7fd30ea8aaf0, 0, 2220, 0x7fd30ea75010)         = 0
pthread_mutex_init(0x7fd30ea8ab18, 0, 2221, 0x7fd30ea75010)         = 0
pthread_mutex_init(0x7fd30ea8ab40, 0, 2222, 0x7fd30ea75010)         = 0
pthread_mutex_init(0x7fd30ea8ab68, 0, 2223, 0x7fd30ea75010)         = 0
pthread_mutex_init(0x7fd30ea8ab90, 0, 2224, 0x7fd30ea75010)         = 0
pthread_mutex_init(0x7fd30ea8abb8, 0, 2225, 0x7fd30ea75010)         = 0
pthread_mutex_init(0x7fd30ea8abe0, 0, 2226, 0x7fd30ea75010)         = 0
pthread_mutex_init(0x7fd30ea8ac08, 0, 2227, 0x7fd30ea75010)         = 0
pthread_mutex_init(0x7fd30ea8ac30, 0, 2228, 0x7fd30ea75010)         = 0
pthread_mutex_init(0x7fd30ea8ac58, 0, 2229, 0x7fd30ea75010)         = 0
pthread_mutex_init(0x7fd30ea8ac80, 0, 2230, 0x7fd30ea75010)         = 0
pthread_mutex_init(0x7fd30ea8aca8, 0, 2231, 0x7fd30ea75010)         = 0
pthread_mutex_init(0x7fd30ea8acd0, 0, 2232, 0x7fd30ea75010)         = 0
pthread_mutex_init(0x7fd30ea8acf8, 0, 2233, 0x7fd30ea75010)         = 0
pthread_mutex_init(0x7fd30ea8ad20, 0, 2234, 0x7fd30ea75010)         = 0
pthread_mutex_init(0x7fd30ea8ad48, 0, 2235, 0x7fd30ea75010)         = 0
pthread_mutex_init(0x7fd30ea8ad70, 0, 2236, 0x7fd30ea75010)         = 0
pthread_mutex_init(0x7fd30ea8ad98, 0, 2237, 0x7fd30ea75010)         = 0
pthread_mutex_init(0x7fd30ea8adc0, 0, 2238, 0x7fd30ea75010)         = 0
pthread_mutex_init(0x7fd30ea8ade8, 0, 2239, 0x7fd30ea75010)         = 0
pthread_mutex_init(0x7fd30ea8ae10, 0, 2240, 0x7fd30ea75010)         = 0
pthread_mutex_init(0x7fd30ea8ae38, 0, 2241, 0x7fd30ea75010)         = 0
pthread_mutex_init(0x7fd30ea8ae60, 0, 2242, 0x7fd30ea75010)         = 0
pthread_mutex_init(0x7fd30ea8ae88, 0, 2243, 0x7fd30ea75010)         = 0
pthread_mutex_init(0x7fd30ea8aeb0, 0, 2244, 0x7fd30ea75010)         = 0
pthread_mutex_init(0x7fd30ea8aed8, 0, 2245, 0x7fd30ea75010)         = 0
pthread_mutex_init(0x7fd30ea8af00, 0, 2246, 0x7fd30ea75010)         = 0
pthread_mutex_init(0x7fd30ea8af28, 0, 2247, 0x7fd30ea75010)         = 0
pthread_mutex_init(0x7fd30ea8af50, 0, 2248, 0x7fd30ea75010)         = 0
pthread_mutex_init(0x7fd30ea8af78, 0, 2249, 0x7fd30ea75010)         = 0
pthread_mutex_init(0x7fd30ea8afa0, 0, 2250, 0x7fd30ea75010)         = 0
pthread_mutex_init(0x7fd30ea8afc8, 0, 2251, 0x7fd30ea75010)         = 0
pthread_mutex_init(0x7fd30ea8aff0, 0, 2252, 0x7fd30ea75010)         = 0
pthread_mutex_init(0x7fd30ea8b018, 0, 2253, 0x7fd30ea75010)         = 0
pthread_mutex_init(0x7fd30ea8b040, 0, 2254, 0x7fd30ea75010)         = 0
pthread_mutex_init(0x7fd30ea8b068, 0, 2255, 0x7fd30ea75010)         = 0
pthread_mutex_init(0x7fd30ea8b090, 0, 2256, 0x7fd30ea75010)         = 0
pthread_mutex_init(0x7fd30ea8b0b8, 0, 2257, 0x7fd30ea75010)         = 0
pthread_mutex_init(0x7fd30ea8b0e0, 0, 2258, 0x7fd30ea75010)         = 0
pthread_mutex_init(0x7fd30ea8b108, 0, 2259, 0x7fd30ea75010)         = 0
pthread_mutex_init(0x7fd30ea8b130, 0, 2260, 0x7fd30ea75010)         = 0
pthread_mutex_init(0x7fd30ea8b158, 0, 2261, 0x7fd30ea75010)         = 0
pthread_mutex_init(0x7fd30ea8b180, 0, 2262, 0x7fd30ea75010)         = 0
pthread_mutex_init(0x7fd30ea8b1a8, 0, 2263, 0x7fd30ea75010)         = 0
pthread_mutex_init(0x7fd30ea8b1d0, 0, 2264, 0x7fd30ea75010)         = 0
pthread_mutex_init(0x7fd30ea8b1f8, 0, 2265, 0x7fd30ea75010)         = 0
pthread_mutex_init(0x7fd30ea8b220, 0, 2266, 0x7fd30ea75010)         = 0
pthread_mutex_init(0x7fd30ea8b248, 0, 2267, 0x7fd30ea75010)         = 0
pthread_mutex_init(0x7fd30ea8b270, 0, 2268, 0x7fd30ea75010)         = 0
pthread_mutex_init(0x7fd30ea8b298, 0, 2269, 0x7fd30ea75010)         = 0
pthread_mutex_init(0x7fd30ea8b2c0, 0, 2270, 0x7fd30ea75010)         = 0
pthread_mutex_init(0x7fd30ea8b2e8, 0, 2271, 0x7fd30ea75010)         = 0
pthread_mutex_init(0x7fd30ea8b310, 0, 2272, 0x7fd30ea75010)         = 0
pthread_mutex_init(0x7fd30ea8b338, 0, 2273, 0x7fd30ea75010)         = 0
pthread_mutex_init(0x7fd30ea8b360, 0, 2274, 0x7fd30ea75010)         = 0
pthread_mutex_init(0x7fd30ea8b388, 0, 2275, 0x7fd30ea75010)         = 0
pthread_mutex_init(0x7fd30ea8b3b0, 0, 2276, 0x7fd30ea75010)         = 0
pthread_mutex_init(0x7fd30ea8b3d8, 0, 2277, 0x7fd30ea75010)         = 0
pthread_mutex_init(0x7fd30ea8b400, 0, 2278, 0x7fd30ea75010)         = 0
pthread_mutex_init(0x7fd30ea8b428, 0, 2279, 0x7fd30ea75010)         = 0
pthread_mutex_init(0x7fd30ea8b450, 0, 2280, 0x7fd30ea75010)         = 0
pthread_mutex_init(0x7fd30ea8b478, 0, 2281, 0x7fd30ea75010)         = 0
pthread_mutex_init(0x7fd30ea8b4a0, 0, 2282, 0x7fd30ea75010)         = 0
pthread_mutex_init(0x7fd30ea8b4c8, 0, 2283, 0x7fd30ea75010)         = 0
pthread_mutex_init(0x7fd30ea8b4f0, 0, 2284, 0x7fd30ea75010)         = 0
pthread_mutex_init(0x7fd30ea8b518, 0, 2285, 0x7fd30ea75010)         = 0
pthread_mutex_init(0x7fd30ea8b540, 0, 2286, 0x7fd30ea75010)         = 0
pthread_mutex_init(0x7fd30ea8b568, 0, 2287, 0x7fd30ea75010)         = 0
pthread_mutex_init(0x7fd30ea8b590, 0, 2288, 0x7fd30ea75010)         = 0
pthread_mutex_init(0x7fd30ea8b5b8, 0, 2289, 0x7fd30ea75010)         = 0
pthread_mutex_init(0x7fd30ea8b5e0, 0, 2290, 0x7fd30ea75010)         = 0
pthread_mutex_init(0x7fd30ea8b608, 0, 2291, 0x7fd30ea75010)         = 0
pthread_mutex_init(0x7fd30ea8b630, 0, 2292, 0x7fd30ea75010)         = 0
pthread_mutex_init(0x7fd30ea8b658, 0, 2293, 0x7fd30ea75010)         = 0
pthread_mutex_init(0x7fd30ea8b680, 0, 2294, 0x7fd30ea75010)         = 0
pthread_mutex_init(0x7fd30ea8b6a8, 0, 2295, 0x7fd30ea75010)         = 0
pthread_mutex_init(0x7fd30ea8b6d0, 0, 2296, 0x7fd30ea75010)         = 0
pthread_mutex_init(0x7fd30ea8b6f8, 0, 2297, 0x7fd30ea75010)         = 0
pthread_mutex_init(0x7fd30ea8b720, 0, 2298, 0x7fd30ea75010)         = 0
pthread_mutex_init(0x7fd30ea8b748, 0, 2299, 0x7fd30ea75010)         = 0
pthread_mutex_init(0x7fd30ea8b770, 0, 2300, 0x7fd30ea75010)         = 0
pthread_mutex_init(0x7fd30ea8b798, 0, 2301, 0x7fd30ea75010)         = 0
pthread_mutex_init(0x7fd30ea8b7c0, 0, 2302, 0x7fd30ea75010)         = 0
pthread_mutex_init(0x7fd30ea8b7e8, 0, 2303, 0x7fd30ea75010)         = 0
pthread_mutex_init(0x7fd30ea8b810, 0, 2304, 0x7fd30ea75010)         = 0
pthread_mutex_init(0x7fd30ea8b838, 0, 2305, 0x7fd30ea75010)         = 0
pthread_mutex_init(0x7fd30ea8b860, 0, 2306, 0x7fd30ea75010)         = 0
pthread_mutex_init(0x7fd30ea8b888, 0, 2307, 0x7fd30ea75010)         = 0
pthread_mutex_init(0x7fd30ea8b8b0, 0, 2308, 0x7fd30ea75010)         = 0
pthread_mutex_init(0x7fd30ea8b8d8, 0, 2309, 0x7fd30ea75010)         = 0
pthread_mutex_init(0x7fd30ea8b900, 0, 2310, 0x7fd30ea75010)         = 0
pthread_mutex_init(0x7fd30ea8b928, 0, 2311, 0x7fd30ea75010)         = 0
pthread_mutex_init(0x7fd30ea8b950, 0, 2312, 0x7fd30ea75010)         = 0
pthread_mutex_init(0x7fd30ea8b978, 0, 2313, 0x7fd30ea75010)         = 0
pthread_mutex_init(0x7fd30ea8b9a0, 0, 2314, 0x7fd30ea75010)         = 0
pthread_mutex_init(0x7fd30ea8b9c8, 0, 2315, 0x7fd30ea75010)         = 0
pthread_mutex_init(0x7fd30ea8b9f0, 0, 2316, 0x7fd30ea75010)         = 0
pthread_mutex_init(0x7fd30ea8ba18, 0, 2317, 0x7fd30ea75010)         = 0
pthread_mutex_init(0x7fd30ea8ba40, 0, 2318, 0x7fd30ea75010)         = 0
pthread_mutex_init(0x7fd30ea8ba68, 0, 2319, 0x7fd30ea75010)         = 0
pthread_mutex_init(0x7fd30ea8ba90, 0, 2320, 0x7fd30ea75010)         = 0
pthread_mutex_init(0x7fd30ea8bab8, 0, 2321, 0x7fd30ea75010)         = 0
pthread_mutex_init(0x7fd30ea8bae0, 0, 2322, 0x7fd30ea75010)         = 0
pthread_mutex_init(0x7fd30ea8bb08, 0, 2323, 0x7fd30ea75010)         = 0
pthread_mutex_init(0x7fd30ea8bb30, 0, 2324, 0x7fd30ea75010)         = 0
pthread_mutex_init(0x7fd30ea8bb58, 0, 2325, 0x7fd30ea75010)         = 0
pthread_mutex_init(0x7fd30ea8bb80, 0, 2326, 0x7fd30ea75010)         = 0
pthread_mutex_init(0x7fd30ea8bba8, 0, 2327, 0x7fd30ea75010)         = 0
pthread_mutex_init(0x7fd30ea8bbd0, 0, 2328, 0x7fd30ea75010)         = 0
pthread_mutex_init(0x7fd30ea8bbf8, 0, 2329, 0x7fd30ea75010)         = 0
pthread_mutex_init(0x7fd30ea8bc20, 0, 2330, 0x7fd30ea75010)         = 0
pthread_mutex_init(0x7fd30ea8bc48, 0, 2331, 0x7fd30ea75010)         = 0
pthread_mutex_init(0x7fd30ea8bc70, 0, 2332, 0x7fd30ea75010)         = 0
pthread_mutex_init(0x7fd30ea8bc98, 0, 2333, 0x7fd30ea75010)         = 0
pthread_mutex_init(0x7fd30ea8bcc0, 0, 2334, 0x7fd30ea75010)         = 0
pthread_mutex_init(0x7fd30ea8bce8, 0, 2335, 0x7fd30ea75010)         = 0
pthread_mutex_init(0x7fd30ea8bd10, 0, 2336, 0x7fd30ea75010)         = 0
pthread_mutex_init(0x7fd30ea8bd38, 0, 2337, 0x7fd30ea75010)         = 0
pthread_mutex_init(0x7fd30ea8bd60, 0, 2338, 0x7fd30ea75010)         = 0
pthread_mutex_init(0x7fd30ea8bd88, 0, 2339, 0x7fd30ea75010)         = 0
pthread_mutex_init(0x7fd30ea8bdb0, 0, 2340, 0x7fd30ea75010)         = 0
pthread_mutex_init(0x7fd30ea8bdd8, 0, 2341, 0x7fd30ea75010)         = 0
pthread_mutex_init(0x7fd30ea8be00, 0, 2342, 0x7fd30ea75010)         = 0
pthread_mutex_init(0x7fd30ea8be28, 0, 2343, 0x7fd30ea75010)         = 0
pthread_mutex_init(0x7fd30ea8be50, 0, 2344, 0x7fd30ea75010)         = 0
pthread_mutex_init(0x7fd30ea8be78, 0, 2345, 0x7fd30ea75010)         = 0
pthread_mutex_init(0x7fd30ea8bea0, 0, 2346, 0x7fd30ea75010)         = 0
pthread_mutex_init(0x7fd30ea8bec8, 0, 2347, 0x7fd30ea75010)         = 0
pthread_mutex_init(0x7fd30ea8bef0, 0, 2348, 0x7fd30ea75010)         = 0
pthread_mutex_init(0x7fd30ea8bf18, 0, 2349, 0x7fd30ea75010)         = 0
pthread_mutex_init(0x7fd30ea8bf40, 0, 2350, 0x7fd30ea75010)         = 0
pthread_mutex_init(0x7fd30ea8bf68, 0, 2351, 0x7fd30ea75010)         = 0
pthread_mutex_init(0x7fd30ea8bf90, 0, 2352, 0x7fd30ea75010)         = 0
pthread_mutex_init(0x7fd30ea8bfb8, 0, 2353, 0x7fd30ea75010)         = 0
pthread_mutex_init(0x7fd30ea8bfe0, 0, 2354, 0x7fd30ea75010)         = 0
pthread_mutex_init(0x7fd30ea8c008, 0, 2355, 0x7fd30ea75010)         = 0
pthread_mutex_init(0x7fd30ea8c030, 0, 2356, 0x7fd30ea75010)         = 0
pthread_mutex_init(0x7fd30ea8c058, 0, 2357, 0x7fd30ea75010)         = 0
pthread_mutex_init(0x7fd30ea8c080, 0, 2358, 0x7fd30ea75010)         = 0
pthread_mutex_init(0x7fd30ea8c0a8, 0, 2359, 0x7fd30ea75010)         = 0
pthread_mutex_init(0x7fd30ea8c0d0, 0, 2360, 0x7fd30ea75010)         = 0
pthread_mutex_init(0x7fd30ea8c0f8, 0, 2361, 0x7fd30ea75010)         = 0
pthread_mutex_init(0x7fd30ea8c120, 0, 2362, 0x7fd30ea75010)         = 0
pthread_mutex_init(0x7fd30ea8c148, 0, 2363, 0x7fd30ea75010)         = 0
pthread_mutex_init(0x7fd30ea8c170, 0, 2364, 0x7fd30ea75010)         = 0
pthread_mutex_init(0x7fd30ea8c198, 0, 2365, 0x7fd30ea75010)         = 0
pthread_mutex_init(0x7fd30ea8c1c0, 0, 2366, 0x7fd30ea75010)         = 0
pthread_mutex_init(0x7fd30ea8c1e8, 0, 2367, 0x7fd30ea75010)         = 0
pthread_mutex_init(0x7fd30ea8c210, 0, 2368, 0x7fd30ea75010)         = 0
pthread_mutex_init(0x7fd30ea8c238, 0, 2369, 0x7fd30ea75010)         = 0
pthread_mutex_init(0x7fd30ea8c260, 0, 2370, 0x7fd30ea75010)         = 0
pthread_mutex_init(0x7fd30ea8c288, 0, 2371, 0x7fd30ea75010)         = 0
pthread_mutex_init(0x7fd30ea8c2b0, 0, 2372, 0x7fd30ea75010)         = 0
pthread_mutex_init(0x7fd30ea8c2d8, 0, 2373, 0x7fd30ea75010)         = 0
pthread_mutex_init(0x7fd30ea8c300, 0, 2374, 0x7fd30ea75010)         = 0
pthread_mutex_init(0x7fd30ea8c328, 0, 2375, 0x7fd30ea75010)         = 0
pthread_mutex_init(0x7fd30ea8c350, 0, 2376, 0x7fd30ea75010)         = 0
pthread_mutex_init(0x7fd30ea8c378, 0, 2377, 0x7fd30ea75010)         = 0
pthread_mutex_init(0x7fd30ea8c3a0, 0, 2378, 0x7fd30ea75010)         = 0
pthread_mutex_init(0x7fd30ea8c3c8, 0, 2379, 0x7fd30ea75010)         = 0
pthread_mutex_init(0x7fd30ea8c3f0, 0, 2380, 0x7fd30ea75010)         = 0
pthread_mutex_init(0x7fd30ea8c418, 0, 2381, 0x7fd30ea75010)         = 0
pthread_mutex_init(0x7fd30ea8c440, 0, 2382, 0x7fd30ea75010)         = 0
pthread_mutex_init(0x7fd30ea8c468, 0, 2383, 0x7fd30ea75010)         = 0
pthread_mutex_init(0x7fd30ea8c490, 0, 2384, 0x7fd30ea75010)         = 0
pthread_mutex_init(0x7fd30ea8c4b8, 0, 2385, 0x7fd30ea75010)         = 0
pthread_mutex_init(0x7fd30ea8c4e0, 0, 2386, 0x7fd30ea75010)         = 0
pthread_mutex_init(0x7fd30ea8c508, 0, 2387, 0x7fd30ea75010)         = 0
pthread_mutex_init(0x7fd30ea8c530, 0, 2388, 0x7fd30ea75010)         = 0
pthread_mutex_init(0x7fd30ea8c558, 0, 2389, 0x7fd30ea75010)         = 0
pthread_mutex_init(0x7fd30ea8c580, 0, 2390, 0x7fd30ea75010)         = 0
pthread_mutex_init(0x7fd30ea8c5a8, 0, 2391, 0x7fd30ea75010)         = 0
pthread_mutex_init(0x7fd30ea8c5d0, 0, 2392, 0x7fd30ea75010)         = 0
pthread_mutex_init(0x7fd30ea8c5f8, 0, 2393, 0x7fd30ea75010)         = 0
pthread_mutex_init(0x7fd30ea8c620, 0, 2394, 0x7fd30ea75010)         = 0
pthread_mutex_init(0x7fd30ea8c648, 0, 2395, 0x7fd30ea75010)         = 0
pthread_mutex_init(0x7fd30ea8c670, 0, 2396, 0x7fd30ea75010)         = 0
pthread_mutex_init(0x7fd30ea8c698, 0, 2397, 0x7fd30ea75010)         = 0
pthread_mutex_init(0x7fd30ea8c6c0, 0, 2398, 0x7fd30ea75010)         = 0
pthread_mutex_init(0x7fd30ea8c6e8, 0, 2399, 0x7fd30ea75010)         = 0
pthread_mutex_init(0x7fd30ea8c710, 0, 2400, 0x7fd30ea75010)         = 0
pthread_mutex_init(0x7fd30ea8c738, 0, 2401, 0x7fd30ea75010)         = 0
pthread_mutex_init(0x7fd30ea8c760, 0, 2402, 0x7fd30ea75010)         = 0
pthread_mutex_init(0x7fd30ea8c788, 0, 2403, 0x7fd30ea75010)         = 0
pthread_mutex_init(0x7fd30ea8c7b0, 0, 2404, 0x7fd30ea75010)         = 0
pthread_mutex_init(0x7fd30ea8c7d8, 0, 2405, 0x7fd30ea75010)         = 0
pthread_mutex_init(0x7fd30ea8c800, 0, 2406, 0x7fd30ea75010)         = 0
pthread_mutex_init(0x7fd30ea8c828, 0, 2407, 0x7fd30ea75010)         = 0
pthread_mutex_init(0x7fd30ea8c850, 0, 2408, 0x7fd30ea75010)         = 0
pthread_mutex_init(0x7fd30ea8c878, 0, 2409, 0x7fd30ea75010)         = 0
pthread_mutex_init(0x7fd30ea8c8a0, 0, 2410, 0x7fd30ea75010)         = 0
pthread_mutex_init(0x7fd30ea8c8c8, 0, 2411, 0x7fd30ea75010)         = 0
pthread_mutex_init(0x7fd30ea8c8f0, 0, 2412, 0x7fd30ea75010)         = 0
pthread_mutex_init(0x7fd30ea8c918, 0, 2413, 0x7fd30ea75010)         = 0
pthread_mutex_init(0x7fd30ea8c940, 0, 2414, 0x7fd30ea75010)         = 0
pthread_mutex_init(0x7fd30ea8c968, 0, 2415, 0x7fd30ea75010)         = 0
pthread_mutex_init(0x7fd30ea8c990, 0, 2416, 0x7fd30ea75010)         = 0
pthread_mutex_init(0x7fd30ea8c9b8, 0, 2417, 0x7fd30ea75010)         = 0
pthread_mutex_init(0x7fd30ea8c9e0, 0, 2418, 0x7fd30ea75010)         = 0
pthread_mutex_init(0x7fd30ea8ca08, 0, 2419, 0x7fd30ea75010)         = 0
pthread_mutex_init(0x7fd30ea8ca30, 0, 2420, 0x7fd30ea75010)         = 0
pthread_mutex_init(0x7fd30ea8ca58, 0, 2421, 0x7fd30ea75010)         = 0
pthread_mutex_init(0x7fd30ea8ca80, 0, 2422, 0x7fd30ea75010)         = 0
pthread_mutex_init(0x7fd30ea8caa8, 0, 2423, 0x7fd30ea75010)         = 0
pthread_mutex_init(0x7fd30ea8cad0, 0, 2424, 0x7fd30ea75010)         = 0
pthread_mutex_init(0x7fd30ea8caf8, 0, 2425, 0x7fd30ea75010)         = 0
pthread_mutex_init(0x7fd30ea8cb20, 0, 2426, 0x7fd30ea75010)         = 0
pthread_mutex_init(0x7fd30ea8cb48, 0, 2427, 0x7fd30ea75010)         = 0
pthread_mutex_init(0x7fd30ea8cb70, 0, 2428, 0x7fd30ea75010)         = 0
pthread_mutex_init(0x7fd30ea8cb98, 0, 2429, 0x7fd30ea75010)         = 0
pthread_mutex_init(0x7fd30ea8cbc0, 0, 2430, 0x7fd30ea75010)         = 0
pthread_mutex_init(0x7fd30ea8cbe8, 0, 2431, 0x7fd30ea75010)         = 0
pthread_mutex_init(0x7fd30ea8cc10, 0, 2432, 0x7fd30ea75010)         = 0
pthread_mutex_init(0x7fd30ea8cc38, 0, 2433, 0x7fd30ea75010)         = 0
pthread_mutex_init(0x7fd30ea8cc60, 0, 2434, 0x7fd30ea75010)         = 0
pthread_mutex_init(0x7fd30ea8cc88, 0, 2435, 0x7fd30ea75010)         = 0
pthread_mutex_init(0x7fd30ea8ccb0, 0, 2436, 0x7fd30ea75010)         = 0
pthread_mutex_init(0x7fd30ea8ccd8, 0, 2437, 0x7fd30ea75010)         = 0
pthread_mutex_init(0x7fd30ea8cd00, 0, 2438, 0x7fd30ea75010)         = 0
pthread_mutex_init(0x7fd30ea8cd28, 0, 2439, 0x7fd30ea75010)         = 0
pthread_mutex_init(0x7fd30ea8cd50, 0, 2440, 0x7fd30ea75010)         = 0
pthread_mutex_init(0x7fd30ea8cd78, 0, 2441, 0x7fd30ea75010)         = 0
pthread_mutex_init(0x7fd30ea8cda0, 0, 2442, 0x7fd30ea75010)         = 0
pthread_mutex_init(0x7fd30ea8cdc8, 0, 2443, 0x7fd30ea75010)         = 0
pthread_mutex_init(0x7fd30ea8cdf0, 0, 2444, 0x7fd30ea75010)         = 0
pthread_mutex_init(0x7fd30ea8ce18, 0, 2445, 0x7fd30ea75010)         = 0
pthread_mutex_init(0x7fd30ea8ce40, 0, 2446, 0x7fd30ea75010)         = 0
pthread_mutex_init(0x7fd30ea8ce68, 0, 2447, 0x7fd30ea75010)         = 0
pthread_mutex_init(0x7fd30ea8ce90, 0, 2448, 0x7fd30ea75010)         = 0
pthread_mutex_init(0x7fd30ea8ceb8, 0, 2449, 0x7fd30ea75010)         = 0
pthread_mutex_init(0x7fd30ea8cee0, 0, 2450, 0x7fd30ea75010)         = 0
pthread_mutex_init(0x7fd30ea8cf08, 0, 2451, 0x7fd30ea75010)         = 0
pthread_mutex_init(0x7fd30ea8cf30, 0, 2452, 0x7fd30ea75010)         = 0
pthread_mutex_init(0x7fd30ea8cf58, 0, 2453, 0x7fd30ea75010)         = 0
pthread_mutex_init(0x7fd30ea8cf80, 0, 2454, 0x7fd30ea75010)         = 0
pthread_mutex_init(0x7fd30ea8cfa8, 0, 2455, 0x7fd30ea75010)         = 0
pthread_mutex_init(0x7fd30ea8cfd0, 0, 2456, 0x7fd30ea75010)         = 0
pthread_mutex_init(0x7fd30ea8cff8, 0, 2457, 0x7fd30ea75010)         = 0
pthread_mutex_init(0x7fd30ea8d020, 0, 2458, 0x7fd30ea75010)         = 0
pthread_mutex_init(0x7fd30ea8d048, 0, 2459, 0x7fd30ea75010)         = 0
pthread_mutex_init(0x7fd30ea8d070, 0, 2460, 0x7fd30ea75010)         = 0
pthread_mutex_init(0x7fd30ea8d098, 0, 2461, 0x7fd30ea75010)         = 0
pthread_mutex_init(0x7fd30ea8d0c0, 0, 2462, 0x7fd30ea75010)         = 0
pthread_mutex_init(0x7fd30ea8d0e8, 0, 2463, 0x7fd30ea75010)         = 0
pthread_mutex_init(0x7fd30ea8d110, 0, 2464, 0x7fd30ea75010)         = 0
pthread_mutex_init(0x7fd30ea8d138, 0, 2465, 0x7fd30ea75010)         = 0
pthread_mutex_init(0x7fd30ea8d160, 0, 2466, 0x7fd30ea75010)         = 0
pthread_mutex_init(0x7fd30ea8d188, 0, 2467, 0x7fd30ea75010)         = 0
pthread_mutex_init(0x7fd30ea8d1b0, 0, 2468, 0x7fd30ea75010)         = 0
pthread_mutex_init(0x7fd30ea8d1d8, 0, 2469, 0x7fd30ea75010)         = 0
pthread_mutex_init(0x7fd30ea8d200, 0, 2470, 0x7fd30ea75010)         = 0
pthread_mutex_init(0x7fd30ea8d228, 0, 2471, 0x7fd30ea75010)         = 0
pthread_mutex_init(0x7fd30ea8d250, 0, 2472, 0x7fd30ea75010)         = 0
pthread_mutex_init(0x7fd30ea8d278, 0, 2473, 0x7fd30ea75010)         = 0
pthread_mutex_init(0x7fd30ea8d2a0, 0, 2474, 0x7fd30ea75010)         = 0
pthread_mutex_init(0x7fd30ea8d2c8, 0, 2475, 0x7fd30ea75010)         = 0
pthread_mutex_init(0x7fd30ea8d2f0, 0, 2476, 0x7fd30ea75010)         = 0
pthread_mutex_init(0x7fd30ea8d318, 0, 2477, 0x7fd30ea75010)         = 0
pthread_mutex_init(0x7fd30ea8d340, 0, 2478, 0x7fd30ea75010)         = 0
pthread_mutex_init(0x7fd30ea8d368, 0, 2479, 0x7fd30ea75010)         = 0
pthread_mutex_init(0x7fd30ea8d390, 0, 2480, 0x7fd30ea75010)         = 0
pthread_mutex_init(0x7fd30ea8d3b8, 0, 2481, 0x7fd30ea75010)         = 0
pthread_mutex_init(0x7fd30ea8d3e0, 0, 2482, 0x7fd30ea75010)         = 0
pthread_mutex_init(0x7fd30ea8d408, 0, 2483, 0x7fd30ea75010)         = 0
pthread_mutex_init(0x7fd30ea8d430, 0, 2484, 0x7fd30ea75010)         = 0
pthread_mutex_init(0x7fd30ea8d458, 0, 2485, 0x7fd30ea75010)         = 0
pthread_mutex_init(0x7fd30ea8d480, 0, 2486, 0x7fd30ea75010)         = 0
pthread_mutex_init(0x7fd30ea8d4a8, 0, 2487, 0x7fd30ea75010)         = 0
pthread_mutex_init(0x7fd30ea8d4d0, 0, 2488, 0x7fd30ea75010)         = 0
pthread_mutex_init(0x7fd30ea8d4f8, 0, 2489, 0x7fd30ea75010)         = 0
pthread_mutex_init(0x7fd30ea8d520, 0, 2490, 0x7fd30ea75010)         = 0
pthread_mutex_init(0x7fd30ea8d548, 0, 2491, 0x7fd30ea75010)         = 0
pthread_mutex_init(0x7fd30ea8d570, 0, 2492, 0x7fd30ea75010)         = 0
pthread_mutex_init(0x7fd30ea8d598, 0, 2493, 0x7fd30ea75010)         = 0
pthread_mutex_init(0x7fd30ea8d5c0, 0, 2494, 0x7fd30ea75010)         = 0
pthread_mutex_init(0x7fd30ea8d5e8, 0, 2495, 0x7fd30ea75010)         = 0
pthread_mutex_init(0x7fd30ea8d610, 0, 2496, 0x7fd30ea75010)         = 0
pthread_mutex_init(0x7fd30ea8d638, 0, 2497, 0x7fd30ea75010)         = 0
pthread_mutex_init(0x7fd30ea8d660, 0, 2498, 0x7fd30ea75010)         = 0
pthread_mutex_init(0x7fd30ea8d688, 0, 2499, 0x7fd30ea75010)         = 0
pthread_mutex_init(0x7fd30ea8d6b0, 0, 2500, 0x7fd30ea75010)         = 0
pthread_mutex_init(0x7fd30ea8d6d8, 0, 2501, 0x7fd30ea75010)         = 0
pthread_mutex_init(0x7fd30ea8d700, 0, 2502, 0x7fd30ea75010)         = 0
pthread_mutex_init(0x7fd30ea8d728, 0, 2503, 0x7fd30ea75010)         = 0
pthread_mutex_init(0x7fd30ea8d750, 0, 2504, 0x7fd30ea75010)         = 0
pthread_mutex_init(0x7fd30ea8d778, 0, 2505, 0x7fd30ea75010)         = 0
pthread_mutex_init(0x7fd30ea8d7a0, 0, 2506, 0x7fd30ea75010)         = 0
pthread_mutex_init(0x7fd30ea8d7c8, 0, 2507, 0x7fd30ea75010)         = 0
pthread_mutex_init(0x7fd30ea8d7f0, 0, 2508, 0x7fd30ea75010)         = 0
pthread_mutex_init(0x7fd30ea8d818, 0, 2509, 0x7fd30ea75010)         = 0
pthread_mutex_init(0x7fd30ea8d840, 0, 2510, 0x7fd30ea75010)         = 0
pthread_mutex_init(0x7fd30ea8d868, 0, 2511, 0x7fd30ea75010)         = 0
pthread_mutex_init(0x7fd30ea8d890, 0, 2512, 0x7fd30ea75010)         = 0
pthread_mutex_init(0x7fd30ea8d8b8, 0, 2513, 0x7fd30ea75010)         = 0
pthread_mutex_init(0x7fd30ea8d8e0, 0, 2514, 0x7fd30ea75010)         = 0
pthread_mutex_init(0x7fd30ea8d908, 0, 2515, 0x7fd30ea75010)         = 0
pthread_mutex_init(0x7fd30ea8d930, 0, 2516, 0x7fd30ea75010)         = 0
pthread_mutex_init(0x7fd30ea8d958, 0, 2517, 0x7fd30ea75010)         = 0
pthread_mutex_init(0x7fd30ea8d980, 0, 2518, 0x7fd30ea75010)         = 0
pthread_mutex_init(0x7fd30ea8d9a8, 0, 2519, 0x7fd30ea75010)         = 0
pthread_mutex_init(0x7fd30ea8d9d0, 0, 2520, 0x7fd30ea75010)         = 0
pthread_mutex_init(0x7fd30ea8d9f8, 0, 2521, 0x7fd30ea75010)         = 0
pthread_mutex_init(0x7fd30ea8da20, 0, 2522, 0x7fd30ea75010)         = 0
pthread_mutex_init(0x7fd30ea8da48, 0, 2523, 0x7fd30ea75010)         = 0
pthread_mutex_init(0x7fd30ea8da70, 0, 2524, 0x7fd30ea75010)         = 0
pthread_mutex_init(0x7fd30ea8da98, 0, 2525, 0x7fd30ea75010)         = 0
pthread_mutex_init(0x7fd30ea8dac0, 0, 2526, 0x7fd30ea75010)         = 0
pthread_mutex_init(0x7fd30ea8dae8, 0, 2527, 0x7fd30ea75010)         = 0
pthread_mutex_init(0x7fd30ea8db10, 0, 2528, 0x7fd30ea75010)         = 0
pthread_mutex_init(0x7fd30ea8db38, 0, 2529, 0x7fd30ea75010)         = 0
pthread_mutex_init(0x7fd30ea8db60, 0, 2530, 0x7fd30ea75010)         = 0
pthread_mutex_init(0x7fd30ea8db88, 0, 2531, 0x7fd30ea75010)         = 0
pthread_mutex_init(0x7fd30ea8dbb0, 0, 2532, 0x7fd30ea75010)         = 0
pthread_mutex_init(0x7fd30ea8dbd8, 0, 2533, 0x7fd30ea75010)         = 0
pthread_mutex_init(0x7fd30ea8dc00, 0, 2534, 0x7fd30ea75010)         = 0
pthread_mutex_init(0x7fd30ea8dc28, 0, 2535, 0x7fd30ea75010)         = 0
pthread_mutex_init(0x7fd30ea8dc50, 0, 2536, 0x7fd30ea75010)         = 0
pthread_mutex_init(0x7fd30ea8dc78, 0, 2537, 0x7fd30ea75010)         = 0
pthread_mutex_init(0x7fd30ea8dca0, 0, 2538, 0x7fd30ea75010)         = 0
pthread_mutex_init(0x7fd30ea8dcc8, 0, 2539, 0x7fd30ea75010)         = 0
pthread_mutex_init(0x7fd30ea8dcf0, 0, 2540, 0x7fd30ea75010)         = 0
pthread_mutex_init(0x7fd30ea8dd18, 0, 2541, 0x7fd30ea75010)         = 0
pthread_mutex_init(0x7fd30ea8dd40, 0, 2542, 0x7fd30ea75010)         = 0
pthread_mutex_init(0x7fd30ea8dd68, 0, 2543, 0x7fd30ea75010)         = 0
pthread_mutex_init(0x7fd30ea8dd90, 0, 2544, 0x7fd30ea75010)         = 0
pthread_mutex_init(0x7fd30ea8ddb8, 0, 2545, 0x7fd30ea75010)         = 0
pthread_mutex_init(0x7fd30ea8dde0, 0, 2546, 0x7fd30ea75010)         = 0
pthread_mutex_init(0x7fd30ea8de08, 0, 2547, 0x7fd30ea75010)         = 0
pthread_mutex_init(0x7fd30ea8de30, 0, 2548, 0x7fd30ea75010)         = 0
pthread_mutex_init(0x7fd30ea8de58, 0, 2549, 0x7fd30ea75010)         = 0
pthread_mutex_init(0x7fd30ea8de80, 0, 2550, 0x7fd30ea75010)         = 0
pthread_mutex_init(0x7fd30ea8dea8, 0, 2551, 0x7fd30ea75010)         = 0
pthread_mutex_init(0x7fd30ea8ded0, 0, 2552, 0x7fd30ea75010)         = 0
pthread_mutex_init(0x7fd30ea8def8, 0, 2553, 0x7fd30ea75010)         = 0
pthread_mutex_init(0x7fd30ea8df20, 0, 2554, 0x7fd30ea75010)         = 0
pthread_mutex_init(0x7fd30ea8df48, 0, 2555, 0x7fd30ea75010)         = 0
pthread_mutex_init(0x7fd30ea8df70, 0, 2556, 0x7fd30ea75010)         = 0
pthread_mutex_init(0x7fd30ea8df98, 0, 2557, 0x7fd30ea75010)         = 0
pthread_mutex_init(0x7fd30ea8dfc0, 0, 2558, 0x7fd30ea75010)         = 0
pthread_mutex_init(0x7fd30ea8dfe8, 0, 2559, 0x7fd30ea75010)         = 0
pthread_mutex_init(0x7fd30ea8e010, 0, 2560, 0x7fd30ea75010)         = 0
pthread_mutex_init(0x7fd30ea8e038, 0, 2561, 0x7fd30ea75010)         = 0
pthread_mutex_init(0x7fd30ea8e060, 0, 2562, 0x7fd30ea75010)         = 0
pthread_mutex_init(0x7fd30ea8e088, 0, 2563, 0x7fd30ea75010)         = 0
pthread_mutex_init(0x7fd30ea8e0b0, 0, 2564, 0x7fd30ea75010)         = 0
pthread_mutex_init(0x7fd30ea8e0d8, 0, 2565, 0x7fd30ea75010)         = 0
pthread_mutex_init(0x7fd30ea8e100, 0, 2566, 0x7fd30ea75010)         = 0
pthread_mutex_init(0x7fd30ea8e128, 0, 2567, 0x7fd30ea75010)         = 0
pthread_mutex_init(0x7fd30ea8e150, 0, 2568, 0x7fd30ea75010)         = 0
pthread_mutex_init(0x7fd30ea8e178, 0, 2569, 0x7fd30ea75010)         = 0
pthread_mutex_init(0x7fd30ea8e1a0, 0, 2570, 0x7fd30ea75010)         = 0
pthread_mutex_init(0x7fd30ea8e1c8, 0, 2571, 0x7fd30ea75010)         = 0
pthread_mutex_init(0x7fd30ea8e1f0, 0, 2572, 0x7fd30ea75010)         = 0
pthread_mutex_init(0x7fd30ea8e218, 0, 2573, 0x7fd30ea75010)         = 0
pthread_mutex_init(0x7fd30ea8e240, 0, 2574, 0x7fd30ea75010)         = 0
pthread_mutex_init(0x7fd30ea8e268, 0, 2575, 0x7fd30ea75010)         = 0
pthread_mutex_init(0x7fd30ea8e290, 0, 2576, 0x7fd30ea75010)         = 0
pthread_mutex_init(0x7fd30ea8e2b8, 0, 2577, 0x7fd30ea75010)         = 0
pthread_mutex_init(0x7fd30ea8e2e0, 0, 2578, 0x7fd30ea75010)         = 0
pthread_mutex_init(0x7fd30ea8e308, 0, 2579, 0x7fd30ea75010)         = 0
pthread_mutex_init(0x7fd30ea8e330, 0, 2580, 0x7fd30ea75010)         = 0
pthread_mutex_init(0x7fd30ea8e358, 0, 2581, 0x7fd30ea75010)         = 0
pthread_mutex_init(0x7fd30ea8e380, 0, 2582, 0x7fd30ea75010)         = 0
pthread_mutex_init(0x7fd30ea8e3a8, 0, 2583, 0x7fd30ea75010)         = 0
pthread_mutex_init(0x7fd30ea8e3d0, 0, 2584, 0x7fd30ea75010)         = 0
pthread_mutex_init(0x7fd30ea8e3f8, 0, 2585, 0x7fd30ea75010)         = 0
pthread_mutex_init(0x7fd30ea8e420, 0, 2586, 0x7fd30ea75010)         = 0
pthread_mutex_init(0x7fd30ea8e448, 0, 2587, 0x7fd30ea75010)         = 0
pthread_mutex_init(0x7fd30ea8e470, 0, 2588, 0x7fd30ea75010)         = 0
pthread_mutex_init(0x7fd30ea8e498, 0, 2589, 0x7fd30ea75010)         = 0
pthread_mutex_init(0x7fd30ea8e4c0, 0, 2590, 0x7fd30ea75010)         = 0
pthread_mutex_init(0x7fd30ea8e4e8, 0, 2591, 0x7fd30ea75010)         = 0
pthread_mutex_init(0x7fd30ea8e510, 0, 2592, 0x7fd30ea75010)         = 0
pthread_mutex_init(0x7fd30ea8e538, 0, 2593, 0x7fd30ea75010)         = 0
pthread_mutex_init(0x7fd30ea8e560, 0, 2594, 0x7fd30ea75010)         = 0
pthread_mutex_init(0x7fd30ea8e588, 0, 2595, 0x7fd30ea75010)         = 0
pthread_mutex_init(0x7fd30ea8e5b0, 0, 2596, 0x7fd30ea75010)         = 0
pthread_mutex_init(0x7fd30ea8e5d8, 0, 2597, 0x7fd30ea75010)         = 0
pthread_mutex_init(0x7fd30ea8e600, 0, 2598, 0x7fd30ea75010)         = 0
pthread_mutex_init(0x7fd30ea8e628, 0, 2599, 0x7fd30ea75010)         = 0
pthread_mutex_init(0x7fd30ea8e650, 0, 2600, 0x7fd30ea75010)         = 0
pthread_mutex_init(0x7fd30ea8e678, 0, 2601, 0x7fd30ea75010)         = 0
pthread_mutex_init(0x7fd30ea8e6a0, 0, 2602, 0x7fd30ea75010)         = 0
pthread_mutex_init(0x7fd30ea8e6c8, 0, 2603, 0x7fd30ea75010)         = 0
pthread_mutex_init(0x7fd30ea8e6f0, 0, 2604, 0x7fd30ea75010)         = 0
pthread_mutex_init(0x7fd30ea8e718, 0, 2605, 0x7fd30ea75010)         = 0
pthread_mutex_init(0x7fd30ea8e740, 0, 2606, 0x7fd30ea75010)         = 0
pthread_mutex_init(0x7fd30ea8e768, 0, 2607, 0x7fd30ea75010)         = 0
pthread_mutex_init(0x7fd30ea8e790, 0, 2608, 0x7fd30ea75010)         = 0
pthread_mutex_init(0x7fd30ea8e7b8, 0, 2609, 0x7fd30ea75010)         = 0
pthread_mutex_init(0x7fd30ea8e7e0, 0, 2610, 0x7fd30ea75010)         = 0
pthread_mutex_init(0x7fd30ea8e808, 0, 2611, 0x7fd30ea75010)         = 0
pthread_mutex_init(0x7fd30ea8e830, 0, 2612, 0x7fd30ea75010)         = 0
pthread_mutex_init(0x7fd30ea8e858, 0, 2613, 0x7fd30ea75010)         = 0
pthread_mutex_init(0x7fd30ea8e880, 0, 2614, 0x7fd30ea75010)         = 0
pthread_mutex_init(0x7fd30ea8e8a8, 0, 2615, 0x7fd30ea75010)         = 0
pthread_mutex_init(0x7fd30ea8e8d0, 0, 2616, 0x7fd30ea75010)         = 0
pthread_mutex_init(0x7fd30ea8e8f8, 0, 2617, 0x7fd30ea75010)         = 0
pthread_mutex_init(0x7fd30ea8e920, 0, 2618, 0x7fd30ea75010)         = 0
pthread_mutex_init(0x7fd30ea8e948, 0, 2619, 0x7fd30ea75010)         = 0
pthread_mutex_init(0x7fd30ea8e970, 0, 2620, 0x7fd30ea75010)         = 0
pthread_mutex_init(0x7fd30ea8e998, 0, 2621, 0x7fd30ea75010)         = 0
pthread_mutex_init(0x7fd30ea8e9c0, 0, 2622, 0x7fd30ea75010)         = 0
pthread_mutex_init(0x7fd30ea8e9e8, 0, 2623, 0x7fd30ea75010)         = 0
pthread_mutex_init(0x7fd30ea8ea10, 0, 2624, 0x7fd30ea75010)         = 0
pthread_mutex_init(0x7fd30ea8ea38, 0, 2625, 0x7fd30ea75010)         = 0
pthread_mutex_init(0x7fd30ea8ea60, 0, 2626, 0x7fd30ea75010)         = 0
pthread_mutex_init(0x7fd30ea8ea88, 0, 2627, 0x7fd30ea75010)         = 0
pthread_mutex_init(0x7fd30ea8eab0, 0, 2628, 0x7fd30ea75010)         = 0
pthread_mutex_init(0x7fd30ea8ead8, 0, 2629, 0x7fd30ea75010)         = 0
pthread_mutex_init(0x7fd30ea8eb00, 0, 2630, 0x7fd30ea75010)         = 0
pthread_mutex_init(0x7fd30ea8eb28, 0, 2631, 0x7fd30ea75010)         = 0
pthread_mutex_init(0x7fd30ea8eb50, 0, 2632, 0x7fd30ea75010)         = 0
pthread_mutex_init(0x7fd30ea8eb78, 0, 2633, 0x7fd30ea75010)         = 0
pthread_mutex_init(0x7fd30ea8eba0, 0, 2634, 0x7fd30ea75010)         = 0
pthread_mutex_init(0x7fd30ea8ebc8, 0, 2635, 0x7fd30ea75010)         = 0
pthread_mutex_init(0x7fd30ea8ebf0, 0, 2636, 0x7fd30ea75010)         = 0
pthread_mutex_init(0x7fd30ea8ec18, 0, 2637, 0x7fd30ea75010)         = 0
pthread_mutex_init(0x7fd30ea8ec40, 0, 2638, 0x7fd30ea75010)         = 0
pthread_mutex_init(0x7fd30ea8ec68, 0, 2639, 0x7fd30ea75010)         = 0
pthread_mutex_init(0x7fd30ea8ec90, 0, 2640, 0x7fd30ea75010)         = 0
pthread_mutex_init(0x7fd30ea8ecb8, 0, 2641, 0x7fd30ea75010)         = 0
pthread_mutex_init(0x7fd30ea8ece0, 0, 2642, 0x7fd30ea75010)         = 0
pthread_mutex_init(0x7fd30ea8ed08, 0, 2643, 0x7fd30ea75010)         = 0
pthread_mutex_init(0x7fd30ea8ed30, 0, 2644, 0x7fd30ea75010)         = 0
pthread_mutex_init(0x7fd30ea8ed58, 0, 2645, 0x7fd30ea75010)         = 0
pthread_mutex_init(0x7fd30ea8ed80, 0, 2646, 0x7fd30ea75010)         = 0
pthread_mutex_init(0x7fd30ea8eda8, 0, 2647, 0x7fd30ea75010)         = 0
pthread_mutex_init(0x7fd30ea8edd0, 0, 2648, 0x7fd30ea75010)         = 0
pthread_mutex_init(0x7fd30ea8edf8, 0, 2649, 0x7fd30ea75010)         = 0
pthread_mutex_init(0x7fd30ea8ee20, 0, 2650, 0x7fd30ea75010)         = 0
pthread_mutex_init(0x7fd30ea8ee48, 0, 2651, 0x7fd30ea75010)         = 0
pthread_mutex_init(0x7fd30ea8ee70, 0, 2652, 0x7fd30ea75010)         = 0
pthread_mutex_init(0x7fd30ea8ee98, 0, 2653, 0x7fd30ea75010)         = 0
pthread_mutex_init(0x7fd30ea8eec0, 0, 2654, 0x7fd30ea75010)         = 0
pthread_mutex_init(0x7fd30ea8eee8, 0, 2655, 0x7fd30ea75010)         = 0
pthread_mutex_init(0x7fd30ea8ef10, 0, 2656, 0x7fd30ea75010)         = 0
pthread_mutex_init(0x7fd30ea8ef38, 0, 2657, 0x7fd30ea75010)         = 0
pthread_mutex_init(0x7fd30ea8ef60, 0, 2658, 0x7fd30ea75010)         = 0
pthread_mutex_init(0x7fd30ea8ef88, 0, 2659, 0x7fd30ea75010)         = 0
pthread_mutex_init(0x7fd30ea8efb0, 0, 2660, 0x7fd30ea75010)         = 0
pthread_mutex_init(0x7fd30ea8efd8, 0, 2661, 0x7fd30ea75010)         = 0
pthread_mutex_init(0x7fd30ea8f000, 0, 2662, 0x7fd30ea75010)         = 0
pthread_mutex_init(0x7fd30ea8f028, 0, 2663, 0x7fd30ea75010)         = 0
pthread_mutex_init(0x7fd30ea8f050, 0, 2664, 0x7fd30ea75010)         = 0
pthread_mutex_init(0x7fd30ea8f078, 0, 2665, 0x7fd30ea75010)         = 0
pthread_mutex_init(0x7fd30ea8f0a0, 0, 2666, 0x7fd30ea75010)         = 0
pthread_mutex_init(0x7fd30ea8f0c8, 0, 2667, 0x7fd30ea75010)         = 0
pthread_mutex_init(0x7fd30ea8f0f0, 0, 2668, 0x7fd30ea75010)         = 0
pthread_mutex_init(0x7fd30ea8f118, 0, 2669, 0x7fd30ea75010)         = 0
pthread_mutex_init(0x7fd30ea8f140, 0, 2670, 0x7fd30ea75010)         = 0
pthread_mutex_init(0x7fd30ea8f168, 0, 2671, 0x7fd30ea75010)         = 0
pthread_mutex_init(0x7fd30ea8f190, 0, 2672, 0x7fd30ea75010)         = 0
pthread_mutex_init(0x7fd30ea8f1b8, 0, 2673, 0x7fd30ea75010)         = 0
pthread_mutex_init(0x7fd30ea8f1e0, 0, 2674, 0x7fd30ea75010)         = 0
pthread_mutex_init(0x7fd30ea8f208, 0, 2675, 0x7fd30ea75010)         = 0
pthread_mutex_init(0x7fd30ea8f230, 0, 2676, 0x7fd30ea75010)         = 0
pthread_mutex_init(0x7fd30ea8f258, 0, 2677, 0x7fd30ea75010)         = 0
pthread_mutex_init(0x7fd30ea8f280, 0, 2678, 0x7fd30ea75010)         = 0
pthread_mutex_init(0x7fd30ea8f2a8, 0, 2679, 0x7fd30ea75010)         = 0
pthread_mutex_init(0x7fd30ea8f2d0, 0, 2680, 0x7fd30ea75010)         = 0
pthread_mutex_init(0x7fd30ea8f2f8, 0, 2681, 0x7fd30ea75010)         = 0
pthread_mutex_init(0x7fd30ea8f320, 0, 2682, 0x7fd30ea75010)         = 0
pthread_mutex_init(0x7fd30ea8f348, 0, 2683, 0x7fd30ea75010)         = 0
pthread_mutex_init(0x7fd30ea8f370, 0, 2684, 0x7fd30ea75010)         = 0
pthread_mutex_init(0x7fd30ea8f398, 0, 2685, 0x7fd30ea75010)         = 0
pthread_mutex_init(0x7fd30ea8f3c0, 0, 2686, 0x7fd30ea75010)         = 0
pthread_mutex_init(0x7fd30ea8f3e8, 0, 2687, 0x7fd30ea75010)         = 0
pthread_mutex_init(0x7fd30ea8f410, 0, 2688, 0x7fd30ea75010)         = 0
pthread_mutex_init(0x7fd30ea8f438, 0, 2689, 0x7fd30ea75010)         = 0
pthread_mutex_init(0x7fd30ea8f460, 0, 2690, 0x7fd30ea75010)         = 0
pthread_mutex_init(0x7fd30ea8f488, 0, 2691, 0x7fd30ea75010)         = 0
pthread_mutex_init(0x7fd30ea8f4b0, 0, 2692, 0x7fd30ea75010)         = 0
pthread_mutex_init(0x7fd30ea8f4d8, 0, 2693, 0x7fd30ea75010)         = 0
pthread_mutex_init(0x7fd30ea8f500, 0, 2694, 0x7fd30ea75010)         = 0
pthread_mutex_init(0x7fd30ea8f528, 0, 2695, 0x7fd30ea75010)         = 0
pthread_mutex_init(0x7fd30ea8f550, 0, 2696, 0x7fd30ea75010)         = 0
pthread_mutex_init(0x7fd30ea8f578, 0, 2697, 0x7fd30ea75010)         = 0
pthread_mutex_init(0x7fd30ea8f5a0, 0, 2698, 0x7fd30ea75010)         = 0
pthread_mutex_init(0x7fd30ea8f5c8, 0, 2699, 0x7fd30ea75010)         = 0
pthread_mutex_init(0x7fd30ea8f5f0, 0, 2700, 0x7fd30ea75010)         = 0
pthread_mutex_init(0x7fd30ea8f618, 0, 2701, 0x7fd30ea75010)         = 0
pthread_mutex_init(0x7fd30ea8f640, 0, 2702, 0x7fd30ea75010)         = 0
pthread_mutex_init(0x7fd30ea8f668, 0, 2703, 0x7fd30ea75010)         = 0
pthread_mutex_init(0x7fd30ea8f690, 0, 2704, 0x7fd30ea75010)         = 0
pthread_mutex_init(0x7fd30ea8f6b8, 0, 2705, 0x7fd30ea75010)         = 0
pthread_mutex_init(0x7fd30ea8f6e0, 0, 2706, 0x7fd30ea75010)         = 0
pthread_mutex_init(0x7fd30ea8f708, 0, 2707, 0x7fd30ea75010)         = 0
pthread_mutex_init(0x7fd30ea8f730, 0, 2708, 0x7fd30ea75010)         = 0
pthread_mutex_init(0x7fd30ea8f758, 0, 2709, 0x7fd30ea75010)         = 0
pthread_mutex_init(0x7fd30ea8f780, 0, 2710, 0x7fd30ea75010)         = 0
pthread_mutex_init(0x7fd30ea8f7a8, 0, 2711, 0x7fd30ea75010)         = 0
pthread_mutex_init(0x7fd30ea8f7d0, 0, 2712, 0x7fd30ea75010)         = 0
pthread_mutex_init(0x7fd30ea8f7f8, 0, 2713, 0x7fd30ea75010)         = 0
pthread_mutex_init(0x7fd30ea8f820, 0, 2714, 0x7fd30ea75010)         = 0
pthread_mutex_init(0x7fd30ea8f848, 0, 2715, 0x7fd30ea75010)         = 0
pthread_mutex_init(0x7fd30ea8f870, 0, 2716, 0x7fd30ea75010)         = 0
pthread_mutex_init(0x7fd30ea8f898, 0, 2717, 0x7fd30ea75010)         = 0
pthread_mutex_init(0x7fd30ea8f8c0, 0, 2718, 0x7fd30ea75010)         = 0
pthread_mutex_init(0x7fd30ea8f8e8, 0, 2719, 0x7fd30ea75010)         = 0
pthread_mutex_init(0x7fd30ea8f910, 0, 2720, 0x7fd30ea75010)         = 0
pthread_mutex_init(0x7fd30ea8f938, 0, 2721, 0x7fd30ea75010)         = 0
pthread_mutex_init(0x7fd30ea8f960, 0, 2722, 0x7fd30ea75010)         = 0
pthread_mutex_init(0x7fd30ea8f988, 0, 2723, 0x7fd30ea75010)         = 0
pthread_mutex_init(0x7fd30ea8f9b0, 0, 2724, 0x7fd30ea75010)         = 0
pthread_mutex_init(0x7fd30ea8f9d8, 0, 2725, 0x7fd30ea75010)         = 0
pthread_mutex_init(0x7fd30ea8fa00, 0, 2726, 0x7fd30ea75010)         = 0
pthread_mutex_init(0x7fd30ea8fa28, 0, 2727, 0x7fd30ea75010)         = 0
pthread_mutex_init(0x7fd30ea8fa50, 0, 2728, 0x7fd30ea75010)         = 0
pthread_mutex_init(0x7fd30ea8fa78, 0, 2729, 0x7fd30ea75010)         = 0
pthread_mutex_init(0x7fd30ea8faa0, 0, 2730, 0x7fd30ea75010)         = 0
pthread_mutex_init(0x7fd30ea8fac8, 0, 2731, 0x7fd30ea75010)         = 0
pthread_mutex_init(0x7fd30ea8faf0, 0, 2732, 0x7fd30ea75010)         = 0
pthread_mutex_init(0x7fd30ea8fb18, 0, 2733, 0x7fd30ea75010)         = 0
pthread_mutex_init(0x7fd30ea8fb40, 0, 2734, 0x7fd30ea75010)         = 0
pthread_mutex_init(0x7fd30ea8fb68, 0, 2735, 0x7fd30ea75010)         = 0
pthread_mutex_init(0x7fd30ea8fb90, 0, 2736, 0x7fd30ea75010)         = 0
pthread_mutex_init(0x7fd30ea8fbb8, 0, 2737, 0x7fd30ea75010)         = 0
pthread_mutex_init(0x7fd30ea8fbe0, 0, 2738, 0x7fd30ea75010)         = 0
pthread_mutex_init(0x7fd30ea8fc08, 0, 2739, 0x7fd30ea75010)         = 0
pthread_mutex_init(0x7fd30ea8fc30, 0, 2740, 0x7fd30ea75010)         = 0
pthread_mutex_init(0x7fd30ea8fc58, 0, 2741, 0x7fd30ea75010)         = 0
pthread_mutex_init(0x7fd30ea8fc80, 0, 2742, 0x7fd30ea75010)         = 0
pthread_mutex_init(0x7fd30ea8fca8, 0, 2743, 0x7fd30ea75010)         = 0
pthread_mutex_init(0x7fd30ea8fcd0, 0, 2744, 0x7fd30ea75010)         = 0
pthread_mutex_init(0x7fd30ea8fcf8, 0, 2745, 0x7fd30ea75010)         = 0
pthread_mutex_init(0x7fd30ea8fd20, 0, 2746, 0x7fd30ea75010)         = 0
pthread_mutex_init(0x7fd30ea8fd48, 0, 2747, 0x7fd30ea75010)         = 0
pthread_mutex_init(0x7fd30ea8fd70, 0, 2748, 0x7fd30ea75010)         = 0
pthread_mutex_init(0x7fd30ea8fd98, 0, 2749, 0x7fd30ea75010)         = 0
pthread_mutex_init(0x7fd30ea8fdc0, 0, 2750, 0x7fd30ea75010)         = 0
pthread_mutex_init(0x7fd30ea8fde8, 0, 2751, 0x7fd30ea75010)         = 0
pthread_mutex_init(0x7fd30ea8fe10, 0, 2752, 0x7fd30ea75010)         = 0
pthread_mutex_init(0x7fd30ea8fe38, 0, 2753, 0x7fd30ea75010)         = 0
pthread_mutex_init(0x7fd30ea8fe60, 0, 2754, 0x7fd30ea75010)         = 0
pthread_mutex_init(0x7fd30ea8fe88, 0, 2755, 0x7fd30ea75010)         = 0
pthread_mutex_init(0x7fd30ea8feb0, 0, 2756, 0x7fd30ea75010)         = 0
pthread_mutex_init(0x7fd30ea8fed8, 0, 2757, 0x7fd30ea75010)         = 0
pthread_mutex_init(0x7fd30ea8ff00, 0, 2758, 0x7fd30ea75010)         = 0
pthread_mutex_init(0x7fd30ea8ff28, 0, 2759, 0x7fd30ea75010)         = 0
pthread_mutex_init(0x7fd30ea8ff50, 0, 2760, 0x7fd30ea75010)         = 0
pthread_mutex_init(0x7fd30ea8ff78, 0, 2761, 0x7fd30ea75010)         = 0
pthread_mutex_init(0x7fd30ea8ffa0, 0, 2762, 0x7fd30ea75010)         = 0
pthread_mutex_init(0x7fd30ea8ffc8, 0, 2763, 0x7fd30ea75010)         = 0
pthread_mutex_init(0x7fd30ea8fff0, 0, 2764, 0x7fd30ea75010)         = 0
pthread_mutex_init(0x7fd30ea90018, 0, 2765, 0x7fd30ea75010)         = 0
pthread_mutex_init(0x7fd30ea90040, 0, 2766, 0x7fd30ea75010)         = 0
pthread_mutex_init(0x7fd30ea90068, 0, 2767, 0x7fd30ea75010)         = 0
pthread_mutex_init(0x7fd30ea90090, 0, 2768, 0x7fd30ea75010)         = 0
pthread_mutex_init(0x7fd30ea900b8, 0, 2769, 0x7fd30ea75010)         = 0
pthread_mutex_init(0x7fd30ea900e0, 0, 2770, 0x7fd30ea75010)         = 0
pthread_mutex_init(0x7fd30ea90108, 0, 2771, 0x7fd30ea75010)         = 0
pthread_mutex_init(0x7fd30ea90130, 0, 2772, 0x7fd30ea75010)         = 0
pthread_mutex_init(0x7fd30ea90158, 0, 2773, 0x7fd30ea75010)         = 0
pthread_mutex_init(0x7fd30ea90180, 0, 2774, 0x7fd30ea75010)         = 0
pthread_mutex_init(0x7fd30ea901a8, 0, 2775, 0x7fd30ea75010)         = 0
pthread_mutex_init(0x7fd30ea901d0, 0, 2776, 0x7fd30ea75010)         = 0
pthread_mutex_init(0x7fd30ea901f8, 0, 2777, 0x7fd30ea75010)         = 0
pthread_mutex_init(0x7fd30ea90220, 0, 2778, 0x7fd30ea75010)         = 0
pthread_mutex_init(0x7fd30ea90248, 0, 2779, 0x7fd30ea75010)         = 0
pthread_mutex_init(0x7fd30ea90270, 0, 2780, 0x7fd30ea75010)         = 0
pthread_mutex_init(0x7fd30ea90298, 0, 2781, 0x7fd30ea75010)         = 0
pthread_mutex_init(0x7fd30ea902c0, 0, 2782, 0x7fd30ea75010)         = 0
pthread_mutex_init(0x7fd30ea902e8, 0, 2783, 0x7fd30ea75010)         = 0
pthread_mutex_init(0x7fd30ea90310, 0, 2784, 0x7fd30ea75010)         = 0
pthread_mutex_init(0x7fd30ea90338, 0, 2785, 0x7fd30ea75010)         = 0
pthread_mutex_init(0x7fd30ea90360, 0, 2786, 0x7fd30ea75010)         = 0
pthread_mutex_init(0x7fd30ea90388, 0, 2787, 0x7fd30ea75010)         = 0
pthread_mutex_init(0x7fd30ea903b0, 0, 2788, 0x7fd30ea75010)         = 0
pthread_mutex_init(0x7fd30ea903d8, 0, 2789, 0x7fd30ea75010)         = 0
pthread_mutex_init(0x7fd30ea90400, 0, 2790, 0x7fd30ea75010)         = 0
pthread_mutex_init(0x7fd30ea90428, 0, 2791, 0x7fd30ea75010)         = 0
pthread_mutex_init(0x7fd30ea90450, 0, 2792, 0x7fd30ea75010)         = 0
pthread_mutex_init(0x7fd30ea90478, 0, 2793, 0x7fd30ea75010)         = 0
pthread_mutex_init(0x7fd30ea904a0, 0, 2794, 0x7fd30ea75010)         = 0
pthread_mutex_init(0x7fd30ea904c8, 0, 2795, 0x7fd30ea75010)         = 0
pthread_mutex_init(0x7fd30ea904f0, 0, 2796, 0x7fd30ea75010)         = 0
pthread_mutex_init(0x7fd30ea90518, 0, 2797, 0x7fd30ea75010)         = 0
pthread_mutex_init(0x7fd30ea90540, 0, 2798, 0x7fd30ea75010)         = 0
pthread_mutex_init(0x7fd30ea90568, 0, 2799, 0x7fd30ea75010)         = 0
pthread_mutex_init(0x7fd30ea90590, 0, 2800, 0x7fd30ea75010)         = 0
pthread_mutex_init(0x7fd30ea905b8, 0, 2801, 0x7fd30ea75010)         = 0
pthread_mutex_init(0x7fd30ea905e0, 0, 2802, 0x7fd30ea75010)         = 0
pthread_mutex_init(0x7fd30ea90608, 0, 2803, 0x7fd30ea75010)         = 0
pthread_mutex_init(0x7fd30ea90630, 0, 2804, 0x7fd30ea75010)         = 0
pthread_mutex_init(0x7fd30ea90658, 0, 2805, 0x7fd30ea75010)         = 0
pthread_mutex_init(0x7fd30ea90680, 0, 2806, 0x7fd30ea75010)         = 0
pthread_mutex_init(0x7fd30ea906a8, 0, 2807, 0x7fd30ea75010)         = 0
pthread_mutex_init(0x7fd30ea906d0, 0, 2808, 0x7fd30ea75010)         = 0
pthread_mutex_init(0x7fd30ea906f8, 0, 2809, 0x7fd30ea75010)         = 0
pthread_mutex_init(0x7fd30ea90720, 0, 2810, 0x7fd30ea75010)         = 0
pthread_mutex_init(0x7fd30ea90748, 0, 2811, 0x7fd30ea75010)         = 0
pthread_mutex_init(0x7fd30ea90770, 0, 2812, 0x7fd30ea75010)         = 0
pthread_mutex_init(0x7fd30ea90798, 0, 2813, 0x7fd30ea75010)         = 0
pthread_mutex_init(0x7fd30ea907c0, 0, 2814, 0x7fd30ea75010)         = 0
pthread_mutex_init(0x7fd30ea907e8, 0, 2815, 0x7fd30ea75010)         = 0
pthread_mutex_init(0x7fd30ea90810, 0, 2816, 0x7fd30ea75010)         = 0
pthread_mutex_init(0x7fd30ea90838, 0, 2817, 0x7fd30ea75010)         = 0
pthread_mutex_init(0x7fd30ea90860, 0, 2818, 0x7fd30ea75010)         = 0
pthread_mutex_init(0x7fd30ea90888, 0, 2819, 0x7fd30ea75010)         = 0
pthread_mutex_init(0x7fd30ea908b0, 0, 2820, 0x7fd30ea75010)         = 0
pthread_mutex_init(0x7fd30ea908d8, 0, 2821, 0x7fd30ea75010)         = 0
pthread_mutex_init(0x7fd30ea90900, 0, 2822, 0x7fd30ea75010)         = 0
pthread_mutex_init(0x7fd30ea90928, 0, 2823, 0x7fd30ea75010)         = 0
pthread_mutex_init(0x7fd30ea90950, 0, 2824, 0x7fd30ea75010)         = 0
pthread_mutex_init(0x7fd30ea90978, 0, 2825, 0x7fd30ea75010)         = 0
pthread_mutex_init(0x7fd30ea909a0, 0, 2826, 0x7fd30ea75010)         = 0
pthread_mutex_init(0x7fd30ea909c8, 0, 2827, 0x7fd30ea75010)         = 0
pthread_mutex_init(0x7fd30ea909f0, 0, 2828, 0x7fd30ea75010)         = 0
pthread_mutex_init(0x7fd30ea90a18, 0, 2829, 0x7fd30ea75010)         = 0
pthread_mutex_init(0x7fd30ea90a40, 0, 2830, 0x7fd30ea75010)         = 0
pthread_mutex_init(0x7fd30ea90a68, 0, 2831, 0x7fd30ea75010)         = 0
pthread_mutex_init(0x7fd30ea90a90, 0, 2832, 0x7fd30ea75010)         = 0
pthread_mutex_init(0x7fd30ea90ab8, 0, 2833, 0x7fd30ea75010)         = 0
pthread_mutex_init(0x7fd30ea90ae0, 0, 2834, 0x7fd30ea75010)         = 0
pthread_mutex_init(0x7fd30ea90b08, 0, 2835, 0x7fd30ea75010)         = 0
pthread_mutex_init(0x7fd30ea90b30, 0, 2836, 0x7fd30ea75010)         = 0
pthread_mutex_init(0x7fd30ea90b58, 0, 2837, 0x7fd30ea75010)         = 0
pthread_mutex_init(0x7fd30ea90b80, 0, 2838, 0x7fd30ea75010)         = 0
pthread_mutex_init(0x7fd30ea90ba8, 0, 2839, 0x7fd30ea75010)         = 0
pthread_mutex_init(0x7fd30ea90bd0, 0, 2840, 0x7fd30ea75010)         = 0
pthread_mutex_init(0x7fd30ea90bf8, 0, 2841, 0x7fd30ea75010)         = 0
pthread_mutex_init(0x7fd30ea90c20, 0, 2842, 0x7fd30ea75010)         = 0
pthread_mutex_init(0x7fd30ea90c48, 0, 2843, 0x7fd30ea75010)         = 0
pthread_mutex_init(0x7fd30ea90c70, 0, 2844, 0x7fd30ea75010)         = 0
pthread_mutex_init(0x7fd30ea90c98, 0, 2845, 0x7fd30ea75010)         = 0
pthread_mutex_init(0x7fd30ea90cc0, 0, 2846, 0x7fd30ea75010)         = 0
pthread_mutex_init(0x7fd30ea90ce8, 0, 2847, 0x7fd30ea75010)         = 0
pthread_mutex_init(0x7fd30ea90d10, 0, 2848, 0x7fd30ea75010)         = 0
pthread_mutex_init(0x7fd30ea90d38, 0, 2849, 0x7fd30ea75010)         = 0
pthread_mutex_init(0x7fd30ea90d60, 0, 2850, 0x7fd30ea75010)         = 0
pthread_mutex_init(0x7fd30ea90d88, 0, 2851, 0x7fd30ea75010)         = 0
pthread_mutex_init(0x7fd30ea90db0, 0, 2852, 0x7fd30ea75010)         = 0
pthread_mutex_init(0x7fd30ea90dd8, 0, 2853, 0x7fd30ea75010)         = 0
pthread_mutex_init(0x7fd30ea90e00, 0, 2854, 0x7fd30ea75010)         = 0
pthread_mutex_init(0x7fd30ea90e28, 0, 2855, 0x7fd30ea75010)         = 0
pthread_mutex_init(0x7fd30ea90e50, 0, 2856, 0x7fd30ea75010)         = 0
pthread_mutex_init(0x7fd30ea90e78, 0, 2857, 0x7fd30ea75010)         = 0
pthread_mutex_init(0x7fd30ea90ea0, 0, 2858, 0x7fd30ea75010)         = 0
pthread_mutex_init(0x7fd30ea90ec8, 0, 2859, 0x7fd30ea75010)         = 0
pthread_mutex_init(0x7fd30ea90ef0, 0, 2860, 0x7fd30ea75010)         = 0
pthread_mutex_init(0x7fd30ea90f18, 0, 2861, 0x7fd30ea75010)         = 0
pthread_mutex_init(0x7fd30ea90f40, 0, 2862, 0x7fd30ea75010)         = 0
pthread_mutex_init(0x7fd30ea90f68, 0, 2863, 0x7fd30ea75010)         = 0
pthread_mutex_init(0x7fd30ea90f90, 0, 2864, 0x7fd30ea75010)         = 0
pthread_mutex_init(0x7fd30ea90fb8, 0, 2865, 0x7fd30ea75010)         = 0
pthread_mutex_init(0x7fd30ea90fe0, 0, 2866, 0x7fd30ea75010)         = 0
pthread_mutex_init(0x7fd30ea91008, 0, 2867, 0x7fd30ea75010)         = 0
pthread_mutex_init(0x7fd30ea91030, 0, 2868, 0x7fd30ea75010)         = 0
pthread_mutex_init(0x7fd30ea91058, 0, 2869, 0x7fd30ea75010)         = 0
pthread_mutex_init(0x7fd30ea91080, 0, 2870, 0x7fd30ea75010)         = 0
pthread_mutex_init(0x7fd30ea910a8, 0, 2871, 0x7fd30ea75010)         = 0
pthread_mutex_init(0x7fd30ea910d0, 0, 2872, 0x7fd30ea75010)         = 0
pthread_mutex_init(0x7fd30ea910f8, 0, 2873, 0x7fd30ea75010)         = 0
pthread_mutex_init(0x7fd30ea91120, 0, 2874, 0x7fd30ea75010)         = 0
pthread_mutex_init(0x7fd30ea91148, 0, 2875, 0x7fd30ea75010)         = 0
pthread_mutex_init(0x7fd30ea91170, 0, 2876, 0x7fd30ea75010)         = 0
pthread_mutex_init(0x7fd30ea91198, 0, 2877, 0x7fd30ea75010)         = 0
pthread_mutex_init(0x7fd30ea911c0, 0, 2878, 0x7fd30ea75010)         = 0
pthread_mutex_init(0x7fd30ea911e8, 0, 2879, 0x7fd30ea75010)         = 0
pthread_mutex_init(0x7fd30ea91210, 0, 2880, 0x7fd30ea75010)         = 0
pthread_mutex_init(0x7fd30ea91238, 0, 2881, 0x7fd30ea75010)         = 0
pthread_mutex_init(0x7fd30ea91260, 0, 2882, 0x7fd30ea75010)         = 0
pthread_mutex_init(0x7fd30ea91288, 0, 2883, 0x7fd30ea75010)         = 0
pthread_mutex_init(0x7fd30ea912b0, 0, 2884, 0x7fd30ea75010)         = 0
pthread_mutex_init(0x7fd30ea912d8, 0, 2885, 0x7fd30ea75010)         = 0
pthread_mutex_init(0x7fd30ea91300, 0, 2886, 0x7fd30ea75010)         = 0
pthread_mutex_init(0x7fd30ea91328, 0, 2887, 0x7fd30ea75010)         = 0
pthread_mutex_init(0x7fd30ea91350, 0, 2888, 0x7fd30ea75010)         = 0
pthread_mutex_init(0x7fd30ea91378, 0, 2889, 0x7fd30ea75010)         = 0
pthread_mutex_init(0x7fd30ea913a0, 0, 2890, 0x7fd30ea75010)         = 0
pthread_mutex_init(0x7fd30ea913c8, 0, 2891, 0x7fd30ea75010)         = 0
pthread_mutex_init(0x7fd30ea913f0, 0, 2892, 0x7fd30ea75010)         = 0
pthread_mutex_init(0x7fd30ea91418, 0, 2893, 0x7fd30ea75010)         = 0
pthread_mutex_init(0x7fd30ea91440, 0, 2894, 0x7fd30ea75010)         = 0
pthread_mutex_init(0x7fd30ea91468, 0, 2895, 0x7fd30ea75010)         = 0
pthread_mutex_init(0x7fd30ea91490, 0, 2896, 0x7fd30ea75010)         = 0
pthread_mutex_init(0x7fd30ea914b8, 0, 2897, 0x7fd30ea75010)         = 0
pthread_mutex_init(0x7fd30ea914e0, 0, 2898, 0x7fd30ea75010)         = 0
pthread_mutex_init(0x7fd30ea91508, 0, 2899, 0x7fd30ea75010)         = 0
pthread_mutex_init(0x7fd30ea91530, 0, 2900, 0x7fd30ea75010)         = 0
pthread_mutex_init(0x7fd30ea91558, 0, 2901, 0x7fd30ea75010)         = 0
pthread_mutex_init(0x7fd30ea91580, 0, 2902, 0x7fd30ea75010)         = 0
pthread_mutex_init(0x7fd30ea915a8, 0, 2903, 0x7fd30ea75010)         = 0
pthread_mutex_init(0x7fd30ea915d0, 0, 2904, 0x7fd30ea75010)         = 0
pthread_mutex_init(0x7fd30ea915f8, 0, 2905, 0x7fd30ea75010)         = 0
pthread_mutex_init(0x7fd30ea91620, 0, 2906, 0x7fd30ea75010)         = 0
pthread_mutex_init(0x7fd30ea91648, 0, 2907, 0x7fd30ea75010)         = 0
pthread_mutex_init(0x7fd30ea91670, 0, 2908, 0x7fd30ea75010)         = 0
pthread_mutex_init(0x7fd30ea91698, 0, 2909, 0x7fd30ea75010)         = 0
pthread_mutex_init(0x7fd30ea916c0, 0, 2910, 0x7fd30ea75010)         = 0
pthread_mutex_init(0x7fd30ea916e8, 0, 2911, 0x7fd30ea75010)         = 0
pthread_mutex_init(0x7fd30ea91710, 0, 2912, 0x7fd30ea75010)         = 0
pthread_mutex_init(0x7fd30ea91738, 0, 2913, 0x7fd30ea75010)         = 0
pthread_mutex_init(0x7fd30ea91760, 0, 2914, 0x7fd30ea75010)         = 0
pthread_mutex_init(0x7fd30ea91788, 0, 2915, 0x7fd30ea75010)         = 0
pthread_mutex_init(0x7fd30ea917b0, 0, 2916, 0x7fd30ea75010)         = 0
pthread_mutex_init(0x7fd30ea917d8, 0, 2917, 0x7fd30ea75010)         = 0
pthread_mutex_init(0x7fd30ea91800, 0, 2918, 0x7fd30ea75010)         = 0
pthread_mutex_init(0x7fd30ea91828, 0, 2919, 0x7fd30ea75010)         = 0
pthread_mutex_init(0x7fd30ea91850, 0, 2920, 0x7fd30ea75010)         = 0
pthread_mutex_init(0x7fd30ea91878, 0, 2921, 0x7fd30ea75010)         = 0
pthread_mutex_init(0x7fd30ea918a0, 0, 2922, 0x7fd30ea75010)         = 0
pthread_mutex_init(0x7fd30ea918c8, 0, 2923, 0x7fd30ea75010)         = 0
pthread_mutex_init(0x7fd30ea918f0, 0, 2924, 0x7fd30ea75010)         = 0
pthread_mutex_init(0x7fd30ea91918, 0, 2925, 0x7fd30ea75010)         = 0
pthread_mutex_init(0x7fd30ea91940, 0, 2926, 0x7fd30ea75010)         = 0
pthread_mutex_init(0x7fd30ea91968, 0, 2927, 0x7fd30ea75010)         = 0
pthread_mutex_init(0x7fd30ea91990, 0, 2928, 0x7fd30ea75010)         = 0
pthread_mutex_init(0x7fd30ea919b8, 0, 2929, 0x7fd30ea75010)         = 0
pthread_mutex_init(0x7fd30ea919e0, 0, 2930, 0x7fd30ea75010)         = 0
pthread_mutex_init(0x7fd30ea91a08, 0, 2931, 0x7fd30ea75010)         = 0
pthread_mutex_init(0x7fd30ea91a30, 0, 2932, 0x7fd30ea75010)         = 0
pthread_mutex_init(0x7fd30ea91a58, 0, 2933, 0x7fd30ea75010)         = 0
pthread_mutex_init(0x7fd30ea91a80, 0, 2934, 0x7fd30ea75010)         = 0
pthread_mutex_init(0x7fd30ea91aa8, 0, 2935, 0x7fd30ea75010)         = 0
pthread_mutex_init(0x7fd30ea91ad0, 0, 2936, 0x7fd30ea75010)         = 0
pthread_mutex_init(0x7fd30ea91af8, 0, 2937, 0x7fd30ea75010)         = 0
pthread_mutex_init(0x7fd30ea91b20, 0, 2938, 0x7fd30ea75010)         = 0
pthread_mutex_init(0x7fd30ea91b48, 0, 2939, 0x7fd30ea75010)         = 0
pthread_mutex_init(0x7fd30ea91b70, 0, 2940, 0x7fd30ea75010)         = 0
pthread_mutex_init(0x7fd30ea91b98, 0, 2941, 0x7fd30ea75010)         = 0
pthread_mutex_init(0x7fd30ea91bc0, 0, 2942, 0x7fd30ea75010)         = 0
pthread_mutex_init(0x7fd30ea91be8, 0, 2943, 0x7fd30ea75010)         = 0
pthread_mutex_init(0x7fd30ea91c10, 0, 2944, 0x7fd30ea75010)         = 0
pthread_mutex_init(0x7fd30ea91c38, 0, 2945, 0x7fd30ea75010)         = 0
pthread_mutex_init(0x7fd30ea91c60, 0, 2946, 0x7fd30ea75010)         = 0
pthread_mutex_init(0x7fd30ea91c88, 0, 2947, 0x7fd30ea75010)         = 0
pthread_mutex_init(0x7fd30ea91cb0, 0, 2948, 0x7fd30ea75010)         = 0
pthread_mutex_init(0x7fd30ea91cd8, 0, 2949, 0x7fd30ea75010)         = 0
pthread_mutex_init(0x7fd30ea91d00, 0, 2950, 0x7fd30ea75010)         = 0
pthread_mutex_init(0x7fd30ea91d28, 0, 2951, 0x7fd30ea75010)         = 0
pthread_mutex_init(0x7fd30ea91d50, 0, 2952, 0x7fd30ea75010)         = 0
pthread_mutex_init(0x7fd30ea91d78, 0, 2953, 0x7fd30ea75010)         = 0
pthread_mutex_init(0x7fd30ea91da0, 0, 2954, 0x7fd30ea75010)         = 0
pthread_mutex_init(0x7fd30ea91dc8, 0, 2955, 0x7fd30ea75010)         = 0
pthread_mutex_init(0x7fd30ea91df0, 0, 2956, 0x7fd30ea75010)         = 0
pthread_mutex_init(0x7fd30ea91e18, 0, 2957, 0x7fd30ea75010)         = 0
pthread_mutex_init(0x7fd30ea91e40, 0, 2958, 0x7fd30ea75010)         = 0
pthread_mutex_init(0x7fd30ea91e68, 0, 2959, 0x7fd30ea75010)         = 0
pthread_mutex_init(0x7fd30ea91e90, 0, 2960, 0x7fd30ea75010)         = 0
pthread_mutex_init(0x7fd30ea91eb8, 0, 2961, 0x7fd30ea75010)         = 0
pthread_mutex_init(0x7fd30ea91ee0, 0, 2962, 0x7fd30ea75010)         = 0
pthread_mutex_init(0x7fd30ea91f08, 0, 2963, 0x7fd30ea75010)         = 0
pthread_mutex_init(0x7fd30ea91f30, 0, 2964, 0x7fd30ea75010)         = 0
pthread_mutex_init(0x7fd30ea91f58, 0, 2965, 0x7fd30ea75010)         = 0
pthread_mutex_init(0x7fd30ea91f80, 0, 2966, 0x7fd30ea75010)         = 0
pthread_mutex_init(0x7fd30ea91fa8, 0, 2967, 0x7fd30ea75010)         = 0
pthread_mutex_init(0x7fd30ea91fd0, 0, 2968, 0x7fd30ea75010)         = 0
pthread_mutex_init(0x7fd30ea91ff8, 0, 2969, 0x7fd30ea75010)         = 0
pthread_mutex_init(0x7fd30ea92020, 0, 2970, 0x7fd30ea75010)         = 0
pthread_mutex_init(0x7fd30ea92048, 0, 2971, 0x7fd30ea75010)         = 0
pthread_mutex_init(0x7fd30ea92070, 0, 2972, 0x7fd30ea75010)         = 0
pthread_mutex_init(0x7fd30ea92098, 0, 2973, 0x7fd30ea75010)         = 0
pthread_mutex_init(0x7fd30ea920c0, 0, 2974, 0x7fd30ea75010)         = 0
pthread_mutex_init(0x7fd30ea920e8, 0, 2975, 0x7fd30ea75010)         = 0
pthread_mutex_init(0x7fd30ea92110, 0, 2976, 0x7fd30ea75010)         = 0
pthread_mutex_init(0x7fd30ea92138, 0, 2977, 0x7fd30ea75010)         = 0
pthread_mutex_init(0x7fd30ea92160, 0, 2978, 0x7fd30ea75010)         = 0
pthread_mutex_init(0x7fd30ea92188, 0, 2979, 0x7fd30ea75010)         = 0
pthread_mutex_init(0x7fd30ea921b0, 0, 2980, 0x7fd30ea75010)         = 0
pthread_mutex_init(0x7fd30ea921d8, 0, 2981, 0x7fd30ea75010)         = 0
pthread_mutex_init(0x7fd30ea92200, 0, 2982, 0x7fd30ea75010)         = 0
pthread_mutex_init(0x7fd30ea92228, 0, 2983, 0x7fd30ea75010)         = 0
pthread_mutex_init(0x7fd30ea92250, 0, 2984, 0x7fd30ea75010)         = 0
pthread_mutex_init(0x7fd30ea92278, 0, 2985, 0x7fd30ea75010)         = 0
pthread_mutex_init(0x7fd30ea922a0, 0, 2986, 0x7fd30ea75010)         = 0
pthread_mutex_init(0x7fd30ea922c8, 0, 2987, 0x7fd30ea75010)         = 0
pthread_mutex_init(0x7fd30ea922f0, 0, 2988, 0x7fd30ea75010)         = 0
pthread_mutex_init(0x7fd30ea92318, 0, 2989, 0x7fd30ea75010)         = 0
pthread_mutex_init(0x7fd30ea92340, 0, 2990, 0x7fd30ea75010)         = 0
pthread_mutex_init(0x7fd30ea92368, 0, 2991, 0x7fd30ea75010)         = 0
pthread_mutex_init(0x7fd30ea92390, 0, 2992, 0x7fd30ea75010)         = 0
pthread_mutex_init(0x7fd30ea923b8, 0, 2993, 0x7fd30ea75010)         = 0
pthread_mutex_init(0x7fd30ea923e0, 0, 2994, 0x7fd30ea75010)         = 0
pthread_mutex_init(0x7fd30ea92408, 0, 2995, 0x7fd30ea75010)         = 0
pthread_mutex_init(0x7fd30ea92430, 0, 2996, 0x7fd30ea75010)         = 0
pthread_mutex_init(0x7fd30ea92458, 0, 2997, 0x7fd30ea75010)         = 0
pthread_mutex_init(0x7fd30ea92480, 0, 2998, 0x7fd30ea75010)         = 0
pthread_mutex_init(0x7fd30ea924a8, 0, 2999, 0x7fd30ea75010)         = 0
pthread_mutex_init(0x7fd30ea924d0, 0, 3000, 0x7fd30ea75010)         = 0
pthread_mutex_init(0x7fd30ea924f8, 0, 3001, 0x7fd30ea75010)         = 0
pthread_mutex_init(0x7fd30ea92520, 0, 3002, 0x7fd30ea75010)         = 0
pthread_mutex_init(0x7fd30ea92548, 0, 3003, 0x7fd30ea75010)         = 0
pthread_mutex_init(0x7fd30ea92570, 0, 3004, 0x7fd30ea75010)         = 0
pthread_mutex_init(0x7fd30ea92598, 0, 3005, 0x7fd30ea75010)         = 0
pthread_mutex_init(0x7fd30ea925c0, 0, 3006, 0x7fd30ea75010)         = 0
pthread_mutex_init(0x7fd30ea925e8, 0, 3007, 0x7fd30ea75010)         = 0
pthread_mutex_init(0x7fd30ea92610, 0, 3008, 0x7fd30ea75010)         = 0
pthread_mutex_init(0x7fd30ea92638, 0, 3009, 0x7fd30ea75010)         = 0
pthread_mutex_init(0x7fd30ea92660, 0, 3010, 0x7fd30ea75010)         = 0
pthread_mutex_init(0x7fd30ea92688, 0, 3011, 0x7fd30ea75010)         = 0
pthread_mutex_init(0x7fd30ea926b0, 0, 3012, 0x7fd30ea75010)         = 0
pthread_mutex_init(0x7fd30ea926d8, 0, 3013, 0x7fd30ea75010)         = 0
pthread_mutex_init(0x7fd30ea92700, 0, 3014, 0x7fd30ea75010)         = 0
pthread_mutex_init(0x7fd30ea92728, 0, 3015, 0x7fd30ea75010)         = 0
pthread_mutex_init(0x7fd30ea92750, 0, 3016, 0x7fd30ea75010)         = 0
pthread_mutex_init(0x7fd30ea92778, 0, 3017, 0x7fd30ea75010)         = 0
pthread_mutex_init(0x7fd30ea927a0, 0, 3018, 0x7fd30ea75010)         = 0
pthread_mutex_init(0x7fd30ea927c8, 0, 3019, 0x7fd30ea75010)         = 0
pthread_mutex_init(0x7fd30ea927f0, 0, 3020, 0x7fd30ea75010)         = 0
pthread_mutex_init(0x7fd30ea92818, 0, 3021, 0x7fd30ea75010)         = 0
pthread_mutex_init(0x7fd30ea92840, 0, 3022, 0x7fd30ea75010)         = 0
pthread_mutex_init(0x7fd30ea92868, 0, 3023, 0x7fd30ea75010)         = 0
pthread_mutex_init(0x7fd30ea92890, 0, 3024, 0x7fd30ea75010)         = 0
pthread_mutex_init(0x7fd30ea928b8, 0, 3025, 0x7fd30ea75010)         = 0
pthread_mutex_init(0x7fd30ea928e0, 0, 3026, 0x7fd30ea75010)         = 0
pthread_mutex_init(0x7fd30ea92908, 0, 3027, 0x7fd30ea75010)         = 0
pthread_mutex_init(0x7fd30ea92930, 0, 3028, 0x7fd30ea75010)         = 0
pthread_mutex_init(0x7fd30ea92958, 0, 3029, 0x7fd30ea75010)         = 0
pthread_mutex_init(0x7fd30ea92980, 0, 3030, 0x7fd30ea75010)         = 0
pthread_mutex_init(0x7fd30ea929a8, 0, 3031, 0x7fd30ea75010)         = 0
pthread_mutex_init(0x7fd30ea929d0, 0, 3032, 0x7fd30ea75010)         = 0
pthread_mutex_init(0x7fd30ea929f8, 0, 3033, 0x7fd30ea75010)         = 0
pthread_mutex_init(0x7fd30ea92a20, 0, 3034, 0x7fd30ea75010)         = 0
pthread_mutex_init(0x7fd30ea92a48, 0, 3035, 0x7fd30ea75010)         = 0
pthread_mutex_init(0x7fd30ea92a70, 0, 3036, 0x7fd30ea75010)         = 0
pthread_mutex_init(0x7fd30ea92a98, 0, 3037, 0x7fd30ea75010)         = 0
pthread_mutex_init(0x7fd30ea92ac0, 0, 3038, 0x7fd30ea75010)         = 0
pthread_mutex_init(0x7fd30ea92ae8, 0, 3039, 0x7fd30ea75010)         = 0
pthread_mutex_init(0x7fd30ea92b10, 0, 3040, 0x7fd30ea75010)         = 0
pthread_mutex_init(0x7fd30ea92b38, 0, 3041, 0x7fd30ea75010)         = 0
pthread_mutex_init(0x7fd30ea92b60, 0, 3042, 0x7fd30ea75010)         = 0
pthread_mutex_init(0x7fd30ea92b88, 0, 3043, 0x7fd30ea75010)         = 0
pthread_mutex_init(0x7fd30ea92bb0, 0, 3044, 0x7fd30ea75010)         = 0
pthread_mutex_init(0x7fd30ea92bd8, 0, 3045, 0x7fd30ea75010)         = 0
pthread_mutex_init(0x7fd30ea92c00, 0, 3046, 0x7fd30ea75010)         = 0
pthread_mutex_init(0x7fd30ea92c28, 0, 3047, 0x7fd30ea75010)         = 0
pthread_mutex_init(0x7fd30ea92c50, 0, 3048, 0x7fd30ea75010)         = 0
pthread_mutex_init(0x7fd30ea92c78, 0, 3049, 0x7fd30ea75010)         = 0
pthread_mutex_init(0x7fd30ea92ca0, 0, 3050, 0x7fd30ea75010)         = 0
pthread_mutex_init(0x7fd30ea92cc8, 0, 3051, 0x7fd30ea75010)         = 0
pthread_mutex_init(0x7fd30ea92cf0, 0, 3052, 0x7fd30ea75010)         = 0
pthread_mutex_init(0x7fd30ea92d18, 0, 3053, 0x7fd30ea75010)         = 0
pthread_mutex_init(0x7fd30ea92d40, 0, 3054, 0x7fd30ea75010)         = 0
pthread_mutex_init(0x7fd30ea92d68, 0, 3055, 0x7fd30ea75010)         = 0
pthread_mutex_init(0x7fd30ea92d90, 0, 3056, 0x7fd30ea75010)         = 0
pthread_mutex_init(0x7fd30ea92db8, 0, 3057, 0x7fd30ea75010)         = 0
pthread_mutex_init(0x7fd30ea92de0, 0, 3058, 0x7fd30ea75010)         = 0
pthread_mutex_init(0x7fd30ea92e08, 0, 3059, 0x7fd30ea75010)         = 0
pthread_mutex_init(0x7fd30ea92e30, 0, 3060, 0x7fd30ea75010)         = 0
pthread_mutex_init(0x7fd30ea92e58, 0, 3061, 0x7fd30ea75010)         = 0
pthread_mutex_init(0x7fd30ea92e80, 0, 3062, 0x7fd30ea75010)         = 0
pthread_mutex_init(0x7fd30ea92ea8, 0, 3063, 0x7fd30ea75010)         = 0
pthread_mutex_init(0x7fd30ea92ed0, 0, 3064, 0x7fd30ea75010)         = 0
pthread_mutex_init(0x7fd30ea92ef8, 0, 3065, 0x7fd30ea75010)         = 0
pthread_mutex_init(0x7fd30ea92f20, 0, 3066, 0x7fd30ea75010)         = 0
pthread_mutex_init(0x7fd30ea92f48, 0, 3067, 0x7fd30ea75010)         = 0
pthread_mutex_init(0x7fd30ea92f70, 0, 3068, 0x7fd30ea75010)         = 0
pthread_mutex_init(0x7fd30ea92f98, 0, 3069, 0x7fd30ea75010)         = 0
pthread_mutex_init(0x7fd30ea92fc0, 0, 3070, 0x7fd30ea75010)         = 0
pthread_mutex_init(0x7fd30ea92fe8, 0, 3071, 0x7fd30ea75010)         = 0
pthread_mutex_init(0x7fd30ea93010, 0, 3072, 0x7fd30ea75010)         = 0
pthread_mutex_init(0x7fd30ea93038, 0, 3073, 0x7fd30ea75010)         = 0
pthread_mutex_init(0x7fd30ea93060, 0, 3074, 0x7fd30ea75010)         = 0
pthread_mutex_init(0x7fd30ea93088, 0, 3075, 0x7fd30ea75010)         = 0
pthread_mutex_init(0x7fd30ea930b0, 0, 3076, 0x7fd30ea75010)         = 0
pthread_mutex_init(0x7fd30ea930d8, 0, 3077, 0x7fd30ea75010)         = 0
pthread_mutex_init(0x7fd30ea93100, 0, 3078, 0x7fd30ea75010)         = 0
pthread_mutex_init(0x7fd30ea93128, 0, 3079, 0x7fd30ea75010)         = 0
pthread_mutex_init(0x7fd30ea93150, 0, 3080, 0x7fd30ea75010)         = 0
pthread_mutex_init(0x7fd30ea93178, 0, 3081, 0x7fd30ea75010)         = 0
pthread_mutex_init(0x7fd30ea931a0, 0, 3082, 0x7fd30ea75010)         = 0
pthread_mutex_init(0x7fd30ea931c8, 0, 3083, 0x7fd30ea75010)         = 0
pthread_mutex_init(0x7fd30ea931f0, 0, 3084, 0x7fd30ea75010)         = 0
pthread_mutex_init(0x7fd30ea93218, 0, 3085, 0x7fd30ea75010)         = 0
pthread_mutex_init(0x7fd30ea93240, 0, 3086, 0x7fd30ea75010)         = 0
pthread_mutex_init(0x7fd30ea93268, 0, 3087, 0x7fd30ea75010)         = 0
pthread_mutex_init(0x7fd30ea93290, 0, 3088, 0x7fd30ea75010)         = 0
pthread_mutex_init(0x7fd30ea932b8, 0, 3089, 0x7fd30ea75010)         = 0
pthread_mutex_init(0x7fd30ea932e0, 0, 3090, 0x7fd30ea75010)         = 0
pthread_mutex_init(0x7fd30ea93308, 0, 3091, 0x7fd30ea75010)         = 0
pthread_mutex_init(0x7fd30ea93330, 0, 3092, 0x7fd30ea75010)         = 0
pthread_mutex_init(0x7fd30ea93358, 0, 3093, 0x7fd30ea75010)         = 0
pthread_mutex_init(0x7fd30ea93380, 0, 3094, 0x7fd30ea75010)         = 0
pthread_mutex_init(0x7fd30ea933a8, 0, 3095, 0x7fd30ea75010)         = 0
pthread_mutex_init(0x7fd30ea933d0, 0, 3096, 0x7fd30ea75010)         = 0
pthread_mutex_init(0x7fd30ea933f8, 0, 3097, 0x7fd30ea75010)         = 0
pthread_mutex_init(0x7fd30ea93420, 0, 3098, 0x7fd30ea75010)         = 0
pthread_mutex_init(0x7fd30ea93448, 0, 3099, 0x7fd30ea75010)         = 0
pthread_mutex_init(0x7fd30ea93470, 0, 3100, 0x7fd30ea75010)         = 0
pthread_mutex_init(0x7fd30ea93498, 0, 3101, 0x7fd30ea75010)         = 0
pthread_mutex_init(0x7fd30ea934c0, 0, 3102, 0x7fd30ea75010)         = 0
pthread_mutex_init(0x7fd30ea934e8, 0, 3103, 0x7fd30ea75010)         = 0
pthread_mutex_init(0x7fd30ea93510, 0, 3104, 0x7fd30ea75010)         = 0
pthread_mutex_init(0x7fd30ea93538, 0, 3105, 0x7fd30ea75010)         = 0
pthread_mutex_init(0x7fd30ea93560, 0, 3106, 0x7fd30ea75010)         = 0
pthread_mutex_init(0x7fd30ea93588, 0, 3107, 0x7fd30ea75010)         = 0
pthread_mutex_init(0x7fd30ea935b0, 0, 3108, 0x7fd30ea75010)         = 0
pthread_mutex_init(0x7fd30ea935d8, 0, 3109, 0x7fd30ea75010)         = 0
pthread_mutex_init(0x7fd30ea93600, 0, 3110, 0x7fd30ea75010)         = 0
pthread_mutex_init(0x7fd30ea93628, 0, 3111, 0x7fd30ea75010)         = 0
pthread_mutex_init(0x7fd30ea93650, 0, 3112, 0x7fd30ea75010)         = 0
pthread_mutex_init(0x7fd30ea93678, 0, 3113, 0x7fd30ea75010)         = 0
pthread_mutex_init(0x7fd30ea936a0, 0, 3114, 0x7fd30ea75010)         = 0
pthread_mutex_init(0x7fd30ea936c8, 0, 3115, 0x7fd30ea75010)         = 0
pthread_mutex_init(0x7fd30ea936f0, 0, 3116, 0x7fd30ea75010)         = 0
pthread_mutex_init(0x7fd30ea93718, 0, 3117, 0x7fd30ea75010)         = 0
pthread_mutex_init(0x7fd30ea93740, 0, 3118, 0x7fd30ea75010)         = 0
pthread_mutex_init(0x7fd30ea93768, 0, 3119, 0x7fd30ea75010)         = 0
pthread_mutex_init(0x7fd30ea93790, 0, 3120, 0x7fd30ea75010)         = 0
pthread_mutex_init(0x7fd30ea937b8, 0, 3121, 0x7fd30ea75010)         = 0
pthread_mutex_init(0x7fd30ea937e0, 0, 3122, 0x7fd30ea75010)         = 0
pthread_mutex_init(0x7fd30ea93808, 0, 3123, 0x7fd30ea75010)         = 0
pthread_mutex_init(0x7fd30ea93830, 0, 3124, 0x7fd30ea75010)         = 0
pthread_mutex_init(0x7fd30ea93858, 0, 3125, 0x7fd30ea75010)         = 0
pthread_mutex_init(0x7fd30ea93880, 0, 3126, 0x7fd30ea75010)         = 0
pthread_mutex_init(0x7fd30ea938a8, 0, 3127, 0x7fd30ea75010)         = 0
pthread_mutex_init(0x7fd30ea938d0, 0, 3128, 0x7fd30ea75010)         = 0
pthread_mutex_init(0x7fd30ea938f8, 0, 3129, 0x7fd30ea75010)         = 0
pthread_mutex_init(0x7fd30ea93920, 0, 3130, 0x7fd30ea75010)         = 0
pthread_mutex_init(0x7fd30ea93948, 0, 3131, 0x7fd30ea75010)         = 0
pthread_mutex_init(0x7fd30ea93970, 0, 3132, 0x7fd30ea75010)         = 0
pthread_mutex_init(0x7fd30ea93998, 0, 3133, 0x7fd30ea75010)         = 0
pthread_mutex_init(0x7fd30ea939c0, 0, 3134, 0x7fd30ea75010)         = 0
pthread_mutex_init(0x7fd30ea939e8, 0, 3135, 0x7fd30ea75010)         = 0
pthread_mutex_init(0x7fd30ea93a10, 0, 3136, 0x7fd30ea75010)         = 0
pthread_mutex_init(0x7fd30ea93a38, 0, 3137, 0x7fd30ea75010)         = 0
pthread_mutex_init(0x7fd30ea93a60, 0, 3138, 0x7fd30ea75010)         = 0
pthread_mutex_init(0x7fd30ea93a88, 0, 3139, 0x7fd30ea75010)         = 0
pthread_mutex_init(0x7fd30ea93ab0, 0, 3140, 0x7fd30ea75010)         = 0
pthread_mutex_init(0x7fd30ea93ad8, 0, 3141, 0x7fd30ea75010)         = 0
pthread_mutex_init(0x7fd30ea93b00, 0, 3142, 0x7fd30ea75010)         = 0
pthread_mutex_init(0x7fd30ea93b28, 0, 3143, 0x7fd30ea75010)         = 0
pthread_mutex_init(0x7fd30ea93b50, 0, 3144, 0x7fd30ea75010)         = 0
pthread_mutex_init(0x7fd30ea93b78, 0, 3145, 0x7fd30ea75010)         = 0
pthread_mutex_init(0x7fd30ea93ba0, 0, 3146, 0x7fd30ea75010)         = 0
pthread_mutex_init(0x7fd30ea93bc8, 0, 3147, 0x7fd30ea75010)         = 0
pthread_mutex_init(0x7fd30ea93bf0, 0, 3148, 0x7fd30ea75010)         = 0
pthread_mutex_init(0x7fd30ea93c18, 0, 3149, 0x7fd30ea75010)         = 0
pthread_mutex_init(0x7fd30ea93c40, 0, 3150, 0x7fd30ea75010)         = 0
pthread_mutex_init(0x7fd30ea93c68, 0, 3151, 0x7fd30ea75010)         = 0
pthread_mutex_init(0x7fd30ea93c90, 0, 3152, 0x7fd30ea75010)         = 0
pthread_mutex_init(0x7fd30ea93cb8, 0, 3153, 0x7fd30ea75010)         = 0
pthread_mutex_init(0x7fd30ea93ce0, 0, 3154, 0x7fd30ea75010)         = 0
pthread_mutex_init(0x7fd30ea93d08, 0, 3155, 0x7fd30ea75010)         = 0
pthread_mutex_init(0x7fd30ea93d30, 0, 3156, 0x7fd30ea75010)         = 0
pthread_mutex_init(0x7fd30ea93d58, 0, 3157, 0x7fd30ea75010)         = 0
pthread_mutex_init(0x7fd30ea93d80, 0, 3158, 0x7fd30ea75010)         = 0
pthread_mutex_init(0x7fd30ea93da8, 0, 3159, 0x7fd30ea75010)         = 0
pthread_mutex_init(0x7fd30ea93dd0, 0, 3160, 0x7fd30ea75010)         = 0
pthread_mutex_init(0x7fd30ea93df8, 0, 3161, 0x7fd30ea75010)         = 0
pthread_mutex_init(0x7fd30ea93e20, 0, 3162, 0x7fd30ea75010)         = 0
pthread_mutex_init(0x7fd30ea93e48, 0, 3163, 0x7fd30ea75010)         = 0
pthread_mutex_init(0x7fd30ea93e70, 0, 3164, 0x7fd30ea75010)         = 0
pthread_mutex_init(0x7fd30ea93e98, 0, 3165, 0x7fd30ea75010)         = 0
pthread_mutex_init(0x7fd30ea93ec0, 0, 3166, 0x7fd30ea75010)         = 0
pthread_mutex_init(0x7fd30ea93ee8, 0, 3167, 0x7fd30ea75010)         = 0
pthread_mutex_init(0x7fd30ea93f10, 0, 3168, 0x7fd30ea75010)         = 0
pthread_mutex_init(0x7fd30ea93f38, 0, 3169, 0x7fd30ea75010)         = 0
pthread_mutex_init(0x7fd30ea93f60, 0, 3170, 0x7fd30ea75010)         = 0
pthread_mutex_init(0x7fd30ea93f88, 0, 3171, 0x7fd30ea75010)         = 0
pthread_mutex_init(0x7fd30ea93fb0, 0, 3172, 0x7fd30ea75010)         = 0
pthread_mutex_init(0x7fd30ea93fd8, 0, 3173, 0x7fd30ea75010)         = 0
pthread_mutex_init(0x7fd30ea94000, 0, 3174, 0x7fd30ea75010)         = 0
pthread_mutex_init(0x7fd30ea94028, 0, 3175, 0x7fd30ea75010)         = 0
pthread_mutex_init(0x7fd30ea94050, 0, 3176, 0x7fd30ea75010)         = 0
pthread_mutex_init(0x7fd30ea94078, 0, 3177, 0x7fd30ea75010)         = 0
pthread_mutex_init(0x7fd30ea940a0, 0, 3178, 0x7fd30ea75010)         = 0
pthread_mutex_init(0x7fd30ea940c8, 0, 3179, 0x7fd30ea75010)         = 0
pthread_mutex_init(0x7fd30ea940f0, 0, 3180, 0x7fd30ea75010)         = 0
pthread_mutex_init(0x7fd30ea94118, 0, 3181, 0x7fd30ea75010)         = 0
pthread_mutex_init(0x7fd30ea94140, 0, 3182, 0x7fd30ea75010)         = 0
pthread_mutex_init(0x7fd30ea94168, 0, 3183, 0x7fd30ea75010)         = 0
pthread_mutex_init(0x7fd30ea94190, 0, 3184, 0x7fd30ea75010)         = 0
pthread_mutex_init(0x7fd30ea941b8, 0, 3185, 0x7fd30ea75010)         = 0
pthread_mutex_init(0x7fd30ea941e0, 0, 3186, 0x7fd30ea75010)         = 0
pthread_mutex_init(0x7fd30ea94208, 0, 3187, 0x7fd30ea75010)         = 0
pthread_mutex_init(0x7fd30ea94230, 0, 3188, 0x7fd30ea75010)         = 0
pthread_mutex_init(0x7fd30ea94258, 0, 3189, 0x7fd30ea75010)         = 0
pthread_mutex_init(0x7fd30ea94280, 0, 3190, 0x7fd30ea75010)         = 0
pthread_mutex_init(0x7fd30ea942a8, 0, 3191, 0x7fd30ea75010)         = 0
pthread_mutex_init(0x7fd30ea942d0, 0, 3192, 0x7fd30ea75010)         = 0
pthread_mutex_init(0x7fd30ea942f8, 0, 3193, 0x7fd30ea75010)         = 0
pthread_mutex_init(0x7fd30ea94320, 0, 3194, 0x7fd30ea75010)         = 0
pthread_mutex_init(0x7fd30ea94348, 0, 3195, 0x7fd30ea75010)         = 0
pthread_mutex_init(0x7fd30ea94370, 0, 3196, 0x7fd30ea75010)         = 0
pthread_mutex_init(0x7fd30ea94398, 0, 3197, 0x7fd30ea75010)         = 0
pthread_mutex_init(0x7fd30ea943c0, 0, 3198, 0x7fd30ea75010)         = 0
pthread_mutex_init(0x7fd30ea943e8, 0, 3199, 0x7fd30ea75010)         = 0
pthread_mutex_init(0x7fd30ea94410, 0, 3200, 0x7fd30ea75010)         = 0
pthread_mutex_init(0x7fd30ea94438, 0, 3201, 0x7fd30ea75010)         = 0
pthread_mutex_init(0x7fd30ea94460, 0, 3202, 0x7fd30ea75010)         = 0
pthread_mutex_init(0x7fd30ea94488, 0, 3203, 0x7fd30ea75010)         = 0
pthread_mutex_init(0x7fd30ea944b0, 0, 3204, 0x7fd30ea75010)         = 0
pthread_mutex_init(0x7fd30ea944d8, 0, 3205, 0x7fd30ea75010)         = 0
pthread_mutex_init(0x7fd30ea94500, 0, 3206, 0x7fd30ea75010)         = 0
pthread_mutex_init(0x7fd30ea94528, 0, 3207, 0x7fd30ea75010)         = 0
pthread_mutex_init(0x7fd30ea94550, 0, 3208, 0x7fd30ea75010)         = 0
pthread_mutex_init(0x7fd30ea94578, 0, 3209, 0x7fd30ea75010)         = 0
pthread_mutex_init(0x7fd30ea945a0, 0, 3210, 0x7fd30ea75010)         = 0
pthread_mutex_init(0x7fd30ea945c8, 0, 3211, 0x7fd30ea75010)         = 0
pthread_mutex_init(0x7fd30ea945f0, 0, 3212, 0x7fd30ea75010)         = 0
pthread_mutex_init(0x7fd30ea94618, 0, 3213, 0x7fd30ea75010)         = 0
pthread_mutex_init(0x7fd30ea94640, 0, 3214, 0x7fd30ea75010)         = 0
pthread_mutex_init(0x7fd30ea94668, 0, 3215, 0x7fd30ea75010)         = 0
pthread_mutex_init(0x7fd30ea94690, 0, 3216, 0x7fd30ea75010)         = 0
pthread_mutex_init(0x7fd30ea946b8, 0, 3217, 0x7fd30ea75010)         = 0
pthread_mutex_init(0x7fd30ea946e0, 0, 3218, 0x7fd30ea75010)         = 0
pthread_mutex_init(0x7fd30ea94708, 0, 3219, 0x7fd30ea75010)         = 0
pthread_mutex_init(0x7fd30ea94730, 0, 3220, 0x7fd30ea75010)         = 0
pthread_mutex_init(0x7fd30ea94758, 0, 3221, 0x7fd30ea75010)         = 0
pthread_mutex_init(0x7fd30ea94780, 0, 3222, 0x7fd30ea75010)         = 0
pthread_mutex_init(0x7fd30ea947a8, 0, 3223, 0x7fd30ea75010)         = 0
pthread_mutex_init(0x7fd30ea947d0, 0, 3224, 0x7fd30ea75010)         = 0
pthread_mutex_init(0x7fd30ea947f8, 0, 3225, 0x7fd30ea75010)         = 0
pthread_mutex_init(0x7fd30ea94820, 0, 3226, 0x7fd30ea75010)         = 0
pthread_mutex_init(0x7fd30ea94848, 0, 3227, 0x7fd30ea75010)         = 0
pthread_mutex_init(0x7fd30ea94870, 0, 3228, 0x7fd30ea75010)         = 0
pthread_mutex_init(0x7fd30ea94898, 0, 3229, 0x7fd30ea75010)         = 0
pthread_mutex_init(0x7fd30ea948c0, 0, 3230, 0x7fd30ea75010)         = 0
pthread_mutex_init(0x7fd30ea948e8, 0, 3231, 0x7fd30ea75010)         = 0
pthread_mutex_init(0x7fd30ea94910, 0, 3232, 0x7fd30ea75010)         = 0
pthread_mutex_init(0x7fd30ea94938, 0, 3233, 0x7fd30ea75010)         = 0
pthread_mutex_init(0x7fd30ea94960, 0, 3234, 0x7fd30ea75010)         = 0
pthread_mutex_init(0x7fd30ea94988, 0, 3235, 0x7fd30ea75010)         = 0
pthread_mutex_init(0x7fd30ea949b0, 0, 3236, 0x7fd30ea75010)         = 0
pthread_mutex_init(0x7fd30ea949d8, 0, 3237, 0x7fd30ea75010)         = 0
pthread_mutex_init(0x7fd30ea94a00, 0, 3238, 0x7fd30ea75010)         = 0
pthread_mutex_init(0x7fd30ea94a28, 0, 3239, 0x7fd30ea75010)         = 0
pthread_mutex_init(0x7fd30ea94a50, 0, 3240, 0x7fd30ea75010)         = 0
pthread_mutex_init(0x7fd30ea94a78, 0, 3241, 0x7fd30ea75010)         = 0
pthread_mutex_init(0x7fd30ea94aa0, 0, 3242, 0x7fd30ea75010)         = 0
pthread_mutex_init(0x7fd30ea94ac8, 0, 3243, 0x7fd30ea75010)         = 0
pthread_mutex_init(0x7fd30ea94af0, 0, 3244, 0x7fd30ea75010)         = 0
pthread_mutex_init(0x7fd30ea94b18, 0, 3245, 0x7fd30ea75010)         = 0
pthread_mutex_init(0x7fd30ea94b40, 0, 3246, 0x7fd30ea75010)         = 0
pthread_mutex_init(0x7fd30ea94b68, 0, 3247, 0x7fd30ea75010)         = 0
pthread_mutex_init(0x7fd30ea94b90, 0, 3248, 0x7fd30ea75010)         = 0
pthread_mutex_init(0x7fd30ea94bb8, 0, 3249, 0x7fd30ea75010)         = 0
pthread_mutex_init(0x7fd30ea94be0, 0, 3250, 0x7fd30ea75010)         = 0
pthread_mutex_init(0x7fd30ea94c08, 0, 3251, 0x7fd30ea75010)         = 0
pthread_mutex_init(0x7fd30ea94c30, 0, 3252, 0x7fd30ea75010)         = 0
pthread_mutex_init(0x7fd30ea94c58, 0, 3253, 0x7fd30ea75010)         = 0
pthread_mutex_init(0x7fd30ea94c80, 0, 3254, 0x7fd30ea75010)         = 0
pthread_mutex_init(0x7fd30ea94ca8, 0, 3255, 0x7fd30ea75010)         = 0
pthread_mutex_init(0x7fd30ea94cd0, 0, 3256, 0x7fd30ea75010)         = 0
pthread_mutex_init(0x7fd30ea94cf8, 0, 3257, 0x7fd30ea75010)         = 0
pthread_mutex_init(0x7fd30ea94d20, 0, 3258, 0x7fd30ea75010)         = 0
pthread_mutex_init(0x7fd30ea94d48, 0, 3259, 0x7fd30ea75010)         = 0
pthread_mutex_init(0x7fd30ea94d70, 0, 3260, 0x7fd30ea75010)         = 0
pthread_mutex_init(0x7fd30ea94d98, 0, 3261, 0x7fd30ea75010)         = 0
pthread_mutex_init(0x7fd30ea94dc0, 0, 3262, 0x7fd30ea75010)         = 0
pthread_mutex_init(0x7fd30ea94de8, 0, 3263, 0x7fd30ea75010)         = 0
pthread_mutex_init(0x7fd30ea94e10, 0, 3264, 0x7fd30ea75010)         = 0
pthread_mutex_init(0x7fd30ea94e38, 0, 3265, 0x7fd30ea75010)         = 0
pthread_mutex_init(0x7fd30ea94e60, 0, 3266, 0x7fd30ea75010)         = 0
pthread_mutex_init(0x7fd30ea94e88, 0, 3267, 0x7fd30ea75010)         = 0
pthread_mutex_init(0x7fd30ea94eb0, 0, 3268, 0x7fd30ea75010)         = 0
pthread_mutex_init(0x7fd30ea94ed8, 0, 3269, 0x7fd30ea75010)         = 0
pthread_mutex_init(0x7fd30ea94f00, 0, 3270, 0x7fd30ea75010)         = 0
pthread_mutex_init(0x7fd30ea94f28, 0, 3271, 0x7fd30ea75010)         = 0
pthread_mutex_init(0x7fd30ea94f50, 0, 3272, 0x7fd30ea75010)         = 0
pthread_mutex_init(0x7fd30ea94f78, 0, 3273, 0x7fd30ea75010)         = 0
pthread_mutex_init(0x7fd30ea94fa0, 0, 3274, 0x7fd30ea75010)         = 0
pthread_mutex_init(0x7fd30ea94fc8, 0, 3275, 0x7fd30ea75010)         = 0
pthread_mutex_init(0x7fd30ea94ff0, 0, 3276, 0x7fd30ea75010)         = 0
pthread_mutex_init(0x7fd30ea95018, 0, 3277, 0x7fd30ea75010)         = 0
pthread_mutex_init(0x7fd30ea95040, 0, 3278, 0x7fd30ea75010)         = 0
pthread_mutex_init(0x7fd30ea95068, 0, 3279, 0x7fd30ea75010)         = 0
pthread_mutex_init(0x7fd30ea95090, 0, 3280, 0x7fd30ea75010)         = 0
pthread_mutex_init(0x7fd30ea950b8, 0, 3281, 0x7fd30ea75010)         = 0
pthread_mutex_init(0x7fd30ea950e0, 0, 3282, 0x7fd30ea75010)         = 0
pthread_mutex_init(0x7fd30ea95108, 0, 3283, 0x7fd30ea75010)         = 0
pthread_mutex_init(0x7fd30ea95130, 0, 3284, 0x7fd30ea75010)         = 0
pthread_mutex_init(0x7fd30ea95158, 0, 3285, 0x7fd30ea75010)         = 0
pthread_mutex_init(0x7fd30ea95180, 0, 3286, 0x7fd30ea75010)         = 0
pthread_mutex_init(0x7fd30ea951a8, 0, 3287, 0x7fd30ea75010)         = 0
pthread_mutex_init(0x7fd30ea951d0, 0, 3288, 0x7fd30ea75010)         = 0
pthread_mutex_init(0x7fd30ea951f8, 0, 3289, 0x7fd30ea75010)         = 0
pthread_mutex_init(0x7fd30ea95220, 0, 3290, 0x7fd30ea75010)         = 0
pthread_mutex_init(0x7fd30ea95248, 0, 3291, 0x7fd30ea75010)         = 0
pthread_mutex_init(0x7fd30ea95270, 0, 3292, 0x7fd30ea75010)         = 0
pthread_mutex_init(0x7fd30ea95298, 0, 3293, 0x7fd30ea75010)         = 0
pthread_mutex_init(0x7fd30ea952c0, 0, 3294, 0x7fd30ea75010)         = 0
pthread_mutex_init(0x7fd30ea952e8, 0, 3295, 0x7fd30ea75010)         = 0
pthread_mutex_init(0x7fd30ea95310, 0, 3296, 0x7fd30ea75010)         = 0
pthread_mutex_init(0x7fd30ea95338, 0, 3297, 0x7fd30ea75010)         = 0
pthread_mutex_init(0x7fd30ea95360, 0, 3298, 0x7fd30ea75010)         = 0
pthread_mutex_init(0x7fd30ea95388, 0, 3299, 0x7fd30ea75010)         = 0
pthread_mutex_init(0x7fd30ea953b0, 0, 3300, 0x7fd30ea75010)         = 0
pthread_mutex_init(0x7fd30ea953d8, 0, 3301, 0x7fd30ea75010)         = 0
pthread_mutex_init(0x7fd30ea95400, 0, 3302, 0x7fd30ea75010)         = 0
pthread_mutex_init(0x7fd30ea95428, 0, 3303, 0x7fd30ea75010)         = 0
pthread_mutex_init(0x7fd30ea95450, 0, 3304, 0x7fd30ea75010)         = 0
pthread_mutex_init(0x7fd30ea95478, 0, 3305, 0x7fd30ea75010)         = 0
pthread_mutex_init(0x7fd30ea954a0, 0, 3306, 0x7fd30ea75010)         = 0
pthread_mutex_init(0x7fd30ea954c8, 0, 3307, 0x7fd30ea75010)         = 0
pthread_mutex_init(0x7fd30ea954f0, 0, 3308, 0x7fd30ea75010)         = 0
pthread_mutex_init(0x7fd30ea95518, 0, 3309, 0x7fd30ea75010)         = 0
pthread_mutex_init(0x7fd30ea95540, 0, 3310, 0x7fd30ea75010)         = 0
pthread_mutex_init(0x7fd30ea95568, 0, 3311, 0x7fd30ea75010)         = 0
pthread_mutex_init(0x7fd30ea95590, 0, 3312, 0x7fd30ea75010)         = 0
pthread_mutex_init(0x7fd30ea955b8, 0, 3313, 0x7fd30ea75010)         = 0
pthread_mutex_init(0x7fd30ea955e0, 0, 3314, 0x7fd30ea75010)         = 0
pthread_mutex_init(0x7fd30ea95608, 0, 3315, 0x7fd30ea75010)         = 0
pthread_mutex_init(0x7fd30ea95630, 0, 3316, 0x7fd30ea75010)         = 0
pthread_mutex_init(0x7fd30ea95658, 0, 3317, 0x7fd30ea75010)         = 0
pthread_mutex_init(0x7fd30ea95680, 0, 3318, 0x7fd30ea75010)         = 0
pthread_mutex_init(0x7fd30ea956a8, 0, 3319, 0x7fd30ea75010)         = 0
pthread_mutex_init(0x7fd30ea956d0, 0, 3320, 0x7fd30ea75010)         = 0
pthread_mutex_init(0x7fd30ea956f8, 0, 3321, 0x7fd30ea75010)         = 0
pthread_mutex_init(0x7fd30ea95720, 0, 3322, 0x7fd30ea75010)         = 0
pthread_mutex_init(0x7fd30ea95748, 0, 3323, 0x7fd30ea75010)         = 0
pthread_mutex_init(0x7fd30ea95770, 0, 3324, 0x7fd30ea75010)         = 0
pthread_mutex_init(0x7fd30ea95798, 0, 3325, 0x7fd30ea75010)         = 0
pthread_mutex_init(0x7fd30ea957c0, 0, 3326, 0x7fd30ea75010)         = 0
pthread_mutex_init(0x7fd30ea957e8, 0, 3327, 0x7fd30ea75010)         = 0
pthread_mutex_init(0x7fd30ea95810, 0, 3328, 0x7fd30ea75010)         = 0
pthread_mutex_init(0x7fd30ea95838, 0, 3329, 0x7fd30ea75010)         = 0
pthread_mutex_init(0x7fd30ea95860, 0, 3330, 0x7fd30ea75010)         = 0
pthread_mutex_init(0x7fd30ea95888, 0, 3331, 0x7fd30ea75010)         = 0
pthread_mutex_init(0x7fd30ea958b0, 0, 3332, 0x7fd30ea75010)         = 0
pthread_mutex_init(0x7fd30ea958d8, 0, 3333, 0x7fd30ea75010)         = 0
pthread_mutex_init(0x7fd30ea95900, 0, 3334, 0x7fd30ea75010)         = 0
pthread_mutex_init(0x7fd30ea95928, 0, 3335, 0x7fd30ea75010)         = 0
pthread_mutex_init(0x7fd30ea95950, 0, 3336, 0x7fd30ea75010)         = 0
pthread_mutex_init(0x7fd30ea95978, 0, 3337, 0x7fd30ea75010)         = 0
pthread_mutex_init(0x7fd30ea959a0, 0, 3338, 0x7fd30ea75010)         = 0
pthread_mutex_init(0x7fd30ea959c8, 0, 3339, 0x7fd30ea75010)         = 0
pthread_mutex_init(0x7fd30ea959f0, 0, 3340, 0x7fd30ea75010)         = 0
pthread_mutex_init(0x7fd30ea95a18, 0, 3341, 0x7fd30ea75010)         = 0
pthread_mutex_init(0x7fd30ea95a40, 0, 3342, 0x7fd30ea75010)         = 0
pthread_mutex_init(0x7fd30ea95a68, 0, 3343, 0x7fd30ea75010)         = 0
pthread_mutex_init(0x7fd30ea95a90, 0, 3344, 0x7fd30ea75010)         = 0
pthread_mutex_init(0x7fd30ea95ab8, 0, 3345, 0x7fd30ea75010)         = 0
pthread_mutex_init(0x7fd30ea95ae0, 0, 3346, 0x7fd30ea75010)         = 0
pthread_mutex_init(0x7fd30ea95b08, 0, 3347, 0x7fd30ea75010)         = 0
pthread_mutex_init(0x7fd30ea95b30, 0, 3348, 0x7fd30ea75010)         = 0
pthread_mutex_init(0x7fd30ea95b58, 0, 3349, 0x7fd30ea75010)         = 0
pthread_mutex_init(0x7fd30ea95b80, 0, 3350, 0x7fd30ea75010)         = 0
pthread_mutex_init(0x7fd30ea95ba8, 0, 3351, 0x7fd30ea75010)         = 0
pthread_mutex_init(0x7fd30ea95bd0, 0, 3352, 0x7fd30ea75010)         = 0
pthread_mutex_init(0x7fd30ea95bf8, 0, 3353, 0x7fd30ea75010)         = 0
pthread_mutex_init(0x7fd30ea95c20, 0, 3354, 0x7fd30ea75010)         = 0
pthread_mutex_init(0x7fd30ea95c48, 0, 3355, 0x7fd30ea75010)         = 0
pthread_mutex_init(0x7fd30ea95c70, 0, 3356, 0x7fd30ea75010)         = 0
pthread_mutex_init(0x7fd30ea95c98, 0, 3357, 0x7fd30ea75010)         = 0
pthread_mutex_init(0x7fd30ea95cc0, 0, 3358, 0x7fd30ea75010)         = 0
pthread_mutex_init(0x7fd30ea95ce8, 0, 3359, 0x7fd30ea75010)         = 0
pthread_mutex_init(0x7fd30ea95d10, 0, 3360, 0x7fd30ea75010)         = 0
pthread_mutex_init(0x7fd30ea95d38, 0, 3361, 0x7fd30ea75010)         = 0
pthread_mutex_init(0x7fd30ea95d60, 0, 3362, 0x7fd30ea75010)         = 0
pthread_mutex_init(0x7fd30ea95d88, 0, 3363, 0x7fd30ea75010)         = 0
pthread_mutex_init(0x7fd30ea95db0, 0, 3364, 0x7fd30ea75010)         = 0
pthread_mutex_init(0x7fd30ea95dd8, 0, 3365, 0x7fd30ea75010)         = 0
pthread_mutex_init(0x7fd30ea95e00, 0, 3366, 0x7fd30ea75010)         = 0
pthread_mutex_init(0x7fd30ea95e28, 0, 3367, 0x7fd30ea75010)         = 0
pthread_mutex_init(0x7fd30ea95e50, 0, 3368, 0x7fd30ea75010)         = 0
pthread_mutex_init(0x7fd30ea95e78, 0, 3369, 0x7fd30ea75010)         = 0
pthread_mutex_init(0x7fd30ea95ea0, 0, 3370, 0x7fd30ea75010)         = 0
pthread_mutex_init(0x7fd30ea95ec8, 0, 3371, 0x7fd30ea75010)         = 0
pthread_mutex_init(0x7fd30ea95ef0, 0, 3372, 0x7fd30ea75010)         = 0
pthread_mutex_init(0x7fd30ea95f18, 0, 3373, 0x7fd30ea75010)         = 0
pthread_mutex_init(0x7fd30ea95f40, 0, 3374, 0x7fd30ea75010)         = 0
pthread_mutex_init(0x7fd30ea95f68, 0, 3375, 0x7fd30ea75010)         = 0
pthread_mutex_init(0x7fd30ea95f90, 0, 3376, 0x7fd30ea75010)         = 0
pthread_mutex_init(0x7fd30ea95fb8, 0, 3377, 0x7fd30ea75010)         = 0
pthread_mutex_init(0x7fd30ea95fe0, 0, 3378, 0x7fd30ea75010)         = 0
pthread_mutex_init(0x7fd30ea96008, 0, 3379, 0x7fd30ea75010)         = 0
pthread_mutex_init(0x7fd30ea96030, 0, 3380, 0x7fd30ea75010)         = 0
pthread_mutex_init(0x7fd30ea96058, 0, 3381, 0x7fd30ea75010)         = 0
pthread_mutex_init(0x7fd30ea96080, 0, 3382, 0x7fd30ea75010)         = 0
pthread_mutex_init(0x7fd30ea960a8, 0, 3383, 0x7fd30ea75010)         = 0
pthread_mutex_init(0x7fd30ea960d0, 0, 3384, 0x7fd30ea75010)         = 0
pthread_mutex_init(0x7fd30ea960f8, 0, 3385, 0x7fd30ea75010)         = 0
pthread_mutex_init(0x7fd30ea96120, 0, 3386, 0x7fd30ea75010)         = 0
pthread_mutex_init(0x7fd30ea96148, 0, 3387, 0x7fd30ea75010)         = 0
pthread_mutex_init(0x7fd30ea96170, 0, 3388, 0x7fd30ea75010)         = 0
pthread_mutex_init(0x7fd30ea96198, 0, 3389, 0x7fd30ea75010)         = 0
pthread_mutex_init(0x7fd30ea961c0, 0, 3390, 0x7fd30ea75010)         = 0
pthread_mutex_init(0x7fd30ea961e8, 0, 3391, 0x7fd30ea75010)         = 0
pthread_mutex_init(0x7fd30ea96210, 0, 3392, 0x7fd30ea75010)         = 0
pthread_mutex_init(0x7fd30ea96238, 0, 3393, 0x7fd30ea75010)         = 0
pthread_mutex_init(0x7fd30ea96260, 0, 3394, 0x7fd30ea75010)         = 0
pthread_mutex_init(0x7fd30ea96288, 0, 3395, 0x7fd30ea75010)         = 0
pthread_mutex_init(0x7fd30ea962b0, 0, 3396, 0x7fd30ea75010)         = 0
pthread_mutex_init(0x7fd30ea962d8, 0, 3397, 0x7fd30ea75010)         = 0
pthread_mutex_init(0x7fd30ea96300, 0, 3398, 0x7fd30ea75010)         = 0
pthread_mutex_init(0x7fd30ea96328, 0, 3399, 0x7fd30ea75010)         = 0
pthread_mutex_init(0x7fd30ea96350, 0, 3400, 0x7fd30ea75010)         = 0
pthread_mutex_init(0x7fd30ea96378, 0, 3401, 0x7fd30ea75010)         = 0
pthread_mutex_init(0x7fd30ea963a0, 0, 3402, 0x7fd30ea75010)         = 0
pthread_mutex_init(0x7fd30ea963c8, 0, 3403, 0x7fd30ea75010)         = 0
pthread_mutex_init(0x7fd30ea963f0, 0, 3404, 0x7fd30ea75010)         = 0
pthread_mutex_init(0x7fd30ea96418, 0, 3405, 0x7fd30ea75010)         = 0
pthread_mutex_init(0x7fd30ea96440, 0, 3406, 0x7fd30ea75010)         = 0
pthread_mutex_init(0x7fd30ea96468, 0, 3407, 0x7fd30ea75010)         = 0
pthread_mutex_init(0x7fd30ea96490, 0, 3408, 0x7fd30ea75010)         = 0
pthread_mutex_init(0x7fd30ea964b8, 0, 3409, 0x7fd30ea75010)         = 0
pthread_mutex_init(0x7fd30ea964e0, 0, 3410, 0x7fd30ea75010)         = 0
pthread_mutex_init(0x7fd30ea96508, 0, 3411, 0x7fd30ea75010)         = 0
pthread_mutex_init(0x7fd30ea96530, 0, 3412, 0x7fd30ea75010)         = 0
pthread_mutex_init(0x7fd30ea96558, 0, 3413, 0x7fd30ea75010)         = 0
pthread_mutex_init(0x7fd30ea96580, 0, 3414, 0x7fd30ea75010)         = 0
pthread_mutex_init(0x7fd30ea965a8, 0, 3415, 0x7fd30ea75010)         = 0
pthread_mutex_init(0x7fd30ea965d0, 0, 3416, 0x7fd30ea75010)         = 0
pthread_mutex_init(0x7fd30ea965f8, 0, 3417, 0x7fd30ea75010)         = 0
pthread_mutex_init(0x7fd30ea96620, 0, 3418, 0x7fd30ea75010)         = 0
pthread_mutex_init(0x7fd30ea96648, 0, 3419, 0x7fd30ea75010)         = 0
pthread_mutex_init(0x7fd30ea96670, 0, 3420, 0x7fd30ea75010)         = 0
pthread_mutex_init(0x7fd30ea96698, 0, 3421, 0x7fd30ea75010)         = 0
pthread_mutex_init(0x7fd30ea966c0, 0, 3422, 0x7fd30ea75010)         = 0
pthread_mutex_init(0x7fd30ea966e8, 0, 3423, 0x7fd30ea75010)         = 0
pthread_mutex_init(0x7fd30ea96710, 0, 3424, 0x7fd30ea75010)         = 0
pthread_mutex_init(0x7fd30ea96738, 0, 3425, 0x7fd30ea75010)         = 0
pthread_mutex_init(0x7fd30ea96760, 0, 3426, 0x7fd30ea75010)         = 0
pthread_mutex_init(0x7fd30ea96788, 0, 3427, 0x7fd30ea75010)         = 0
pthread_mutex_init(0x7fd30ea967b0, 0, 3428, 0x7fd30ea75010)         = 0
pthread_mutex_init(0x7fd30ea967d8, 0, 3429, 0x7fd30ea75010)         = 0
pthread_mutex_init(0x7fd30ea96800, 0, 3430, 0x7fd30ea75010)         = 0
pthread_mutex_init(0x7fd30ea96828, 0, 3431, 0x7fd30ea75010)         = 0
pthread_mutex_init(0x7fd30ea96850, 0, 3432, 0x7fd30ea75010)         = 0
pthread_mutex_init(0x7fd30ea96878, 0, 3433, 0x7fd30ea75010)         = 0
pthread_mutex_init(0x7fd30ea968a0, 0, 3434, 0x7fd30ea75010)         = 0
pthread_mutex_init(0x7fd30ea968c8, 0, 3435, 0x7fd30ea75010)         = 0
pthread_mutex_init(0x7fd30ea968f0, 0, 3436, 0x7fd30ea75010)         = 0
pthread_mutex_init(0x7fd30ea96918, 0, 3437, 0x7fd30ea75010)         = 0
pthread_mutex_init(0x7fd30ea96940, 0, 3438, 0x7fd30ea75010)         = 0
pthread_mutex_init(0x7fd30ea96968, 0, 3439, 0x7fd30ea75010)         = 0
pthread_mutex_init(0x7fd30ea96990, 0, 3440, 0x7fd30ea75010)         = 0
pthread_mutex_init(0x7fd30ea969b8, 0, 3441, 0x7fd30ea75010)         = 0
pthread_mutex_init(0x7fd30ea969e0, 0, 3442, 0x7fd30ea75010)         = 0
pthread_mutex_init(0x7fd30ea96a08, 0, 3443, 0x7fd30ea75010)         = 0
pthread_mutex_init(0x7fd30ea96a30, 0, 3444, 0x7fd30ea75010)         = 0
pthread_mutex_init(0x7fd30ea96a58, 0, 3445, 0x7fd30ea75010)         = 0
pthread_mutex_init(0x7fd30ea96a80, 0, 3446, 0x7fd30ea75010)         = 0
pthread_mutex_init(0x7fd30ea96aa8, 0, 3447, 0x7fd30ea75010)         = 0
pthread_mutex_init(0x7fd30ea96ad0, 0, 3448, 0x7fd30ea75010)         = 0
pthread_mutex_init(0x7fd30ea96af8, 0, 3449, 0x7fd30ea75010)         = 0
pthread_mutex_init(0x7fd30ea96b20, 0, 3450, 0x7fd30ea75010)         = 0
pthread_mutex_init(0x7fd30ea96b48, 0, 3451, 0x7fd30ea75010)         = 0
pthread_mutex_init(0x7fd30ea96b70, 0, 3452, 0x7fd30ea75010)         = 0
pthread_mutex_init(0x7fd30ea96b98, 0, 3453, 0x7fd30ea75010)         = 0
pthread_mutex_init(0x7fd30ea96bc0, 0, 3454, 0x7fd30ea75010)         = 0
pthread_mutex_init(0x7fd30ea96be8, 0, 3455, 0x7fd30ea75010)         = 0
pthread_mutex_init(0x7fd30ea96c10, 0, 3456, 0x7fd30ea75010)         = 0
pthread_mutex_init(0x7fd30ea96c38, 0, 3457, 0x7fd30ea75010)         = 0
pthread_mutex_init(0x7fd30ea96c60, 0, 3458, 0x7fd30ea75010)         = 0
pthread_mutex_init(0x7fd30ea96c88, 0, 3459, 0x7fd30ea75010)         = 0
pthread_mutex_init(0x7fd30ea96cb0, 0, 3460, 0x7fd30ea75010)         = 0
pthread_mutex_init(0x7fd30ea96cd8, 0, 3461, 0x7fd30ea75010)         = 0
pthread_mutex_init(0x7fd30ea96d00, 0, 3462, 0x7fd30ea75010)         = 0
pthread_mutex_init(0x7fd30ea96d28, 0, 3463, 0x7fd30ea75010)         = 0
pthread_mutex_init(0x7fd30ea96d50, 0, 3464, 0x7fd30ea75010)         = 0
pthread_mutex_init(0x7fd30ea96d78, 0, 3465, 0x7fd30ea75010)         = 0
pthread_mutex_init(0x7fd30ea96da0, 0, 3466, 0x7fd30ea75010)         = 0
pthread_mutex_init(0x7fd30ea96dc8, 0, 3467, 0x7fd30ea75010)         = 0
pthread_mutex_init(0x7fd30ea96df0, 0, 3468, 0x7fd30ea75010)         = 0
pthread_mutex_init(0x7fd30ea96e18, 0, 3469, 0x7fd30ea75010)         = 0
pthread_mutex_init(0x7fd30ea96e40, 0, 3470, 0x7fd30ea75010)         = 0
pthread_mutex_init(0x7fd30ea96e68, 0, 3471, 0x7fd30ea75010)         = 0
pthread_mutex_init(0x7fd30ea96e90, 0, 3472, 0x7fd30ea75010)         = 0
pthread_mutex_init(0x7fd30ea96eb8, 0, 3473, 0x7fd30ea75010)         = 0
pthread_mutex_init(0x7fd30ea96ee0, 0, 3474, 0x7fd30ea75010)         = 0
pthread_mutex_init(0x7fd30ea96f08, 0, 3475, 0x7fd30ea75010)         = 0
pthread_mutex_init(0x7fd30ea96f30, 0, 3476, 0x7fd30ea75010)         = 0
pthread_mutex_init(0x7fd30ea96f58, 0, 3477, 0x7fd30ea75010)         = 0
pthread_mutex_init(0x7fd30ea96f80, 0, 3478, 0x7fd30ea75010)         = 0
pthread_mutex_init(0x7fd30ea96fa8, 0, 3479, 0x7fd30ea75010)         = 0
pthread_mutex_init(0x7fd30ea96fd0, 0, 3480, 0x7fd30ea75010)         = 0
pthread_mutex_init(0x7fd30ea96ff8, 0, 3481, 0x7fd30ea75010)         = 0
pthread_mutex_init(0x7fd30ea97020, 0, 3482, 0x7fd30ea75010)         = 0
pthread_mutex_init(0x7fd30ea97048, 0, 3483, 0x7fd30ea75010)         = 0
pthread_mutex_init(0x7fd30ea97070, 0, 3484, 0x7fd30ea75010)         = 0
pthread_mutex_init(0x7fd30ea97098, 0, 3485, 0x7fd30ea75010)         = 0
pthread_mutex_init(0x7fd30ea970c0, 0, 3486, 0x7fd30ea75010)         = 0
pthread_mutex_init(0x7fd30ea970e8, 0, 3487, 0x7fd30ea75010)         = 0
pthread_mutex_init(0x7fd30ea97110, 0, 3488, 0x7fd30ea75010)         = 0
pthread_mutex_init(0x7fd30ea97138, 0, 3489, 0x7fd30ea75010)         = 0
pthread_mutex_init(0x7fd30ea97160, 0, 3490, 0x7fd30ea75010)         = 0
pthread_mutex_init(0x7fd30ea97188, 0, 3491, 0x7fd30ea75010)         = 0
pthread_mutex_init(0x7fd30ea971b0, 0, 3492, 0x7fd30ea75010)         = 0
pthread_mutex_init(0x7fd30ea971d8, 0, 3493, 0x7fd30ea75010)         = 0
pthread_mutex_init(0x7fd30ea97200, 0, 3494, 0x7fd30ea75010)         = 0
pthread_mutex_init(0x7fd30ea97228, 0, 3495, 0x7fd30ea75010)         = 0
pthread_mutex_init(0x7fd30ea97250, 0, 3496, 0x7fd30ea75010)         = 0
pthread_mutex_init(0x7fd30ea97278, 0, 3497, 0x7fd30ea75010)         = 0
pthread_mutex_init(0x7fd30ea972a0, 0, 3498, 0x7fd30ea75010)         = 0
pthread_mutex_init(0x7fd30ea972c8, 0, 3499, 0x7fd30ea75010)         = 0
pthread_mutex_init(0x7fd30ea972f0, 0, 3500, 0x7fd30ea75010)         = 0
pthread_mutex_init(0x7fd30ea97318, 0, 3501, 0x7fd30ea75010)         = 0
pthread_mutex_init(0x7fd30ea97340, 0, 3502, 0x7fd30ea75010)         = 0
pthread_mutex_init(0x7fd30ea97368, 0, 3503, 0x7fd30ea75010)         = 0
pthread_mutex_init(0x7fd30ea97390, 0, 3504, 0x7fd30ea75010)         = 0
pthread_mutex_init(0x7fd30ea973b8, 0, 3505, 0x7fd30ea75010)         = 0
pthread_mutex_init(0x7fd30ea973e0, 0, 3506, 0x7fd30ea75010)         = 0
pthread_mutex_init(0x7fd30ea97408, 0, 3507, 0x7fd30ea75010)         = 0
pthread_mutex_init(0x7fd30ea97430, 0, 3508, 0x7fd30ea75010)         = 0
pthread_mutex_init(0x7fd30ea97458, 0, 3509, 0x7fd30ea75010)         = 0
pthread_mutex_init(0x7fd30ea97480, 0, 3510, 0x7fd30ea75010)         = 0
pthread_mutex_init(0x7fd30ea974a8, 0, 3511, 0x7fd30ea75010)         = 0
pthread_mutex_init(0x7fd30ea974d0, 0, 3512, 0x7fd30ea75010)         = 0
pthread_mutex_init(0x7fd30ea974f8, 0, 3513, 0x7fd30ea75010)         = 0
pthread_mutex_init(0x7fd30ea97520, 0, 3514, 0x7fd30ea75010)         = 0
pthread_mutex_init(0x7fd30ea97548, 0, 3515, 0x7fd30ea75010)         = 0
pthread_mutex_init(0x7fd30ea97570, 0, 3516, 0x7fd30ea75010)         = 0
pthread_mutex_init(0x7fd30ea97598, 0, 3517, 0x7fd30ea75010)         = 0
pthread_mutex_init(0x7fd30ea975c0, 0, 3518, 0x7fd30ea75010)         = 0
pthread_mutex_init(0x7fd30ea975e8, 0, 3519, 0x7fd30ea75010)         = 0
pthread_mutex_init(0x7fd30ea97610, 0, 3520, 0x7fd30ea75010)         = 0
pthread_mutex_init(0x7fd30ea97638, 0, 3521, 0x7fd30ea75010)         = 0
pthread_mutex_init(0x7fd30ea97660, 0, 3522, 0x7fd30ea75010)         = 0
pthread_mutex_init(0x7fd30ea97688, 0, 3523, 0x7fd30ea75010)         = 0
pthread_mutex_init(0x7fd30ea976b0, 0, 3524, 0x7fd30ea75010)         = 0
pthread_mutex_init(0x7fd30ea976d8, 0, 3525, 0x7fd30ea75010)         = 0
pthread_mutex_init(0x7fd30ea97700, 0, 3526, 0x7fd30ea75010)         = 0
pthread_mutex_init(0x7fd30ea97728, 0, 3527, 0x7fd30ea75010)         = 0
pthread_mutex_init(0x7fd30ea97750, 0, 3528, 0x7fd30ea75010)         = 0
pthread_mutex_init(0x7fd30ea97778, 0, 3529, 0x7fd30ea75010)         = 0
pthread_mutex_init(0x7fd30ea977a0, 0, 3530, 0x7fd30ea75010)         = 0
pthread_mutex_init(0x7fd30ea977c8, 0, 3531, 0x7fd30ea75010)         = 0
pthread_mutex_init(0x7fd30ea977f0, 0, 3532, 0x7fd30ea75010)         = 0
pthread_mutex_init(0x7fd30ea97818, 0, 3533, 0x7fd30ea75010)         = 0
pthread_mutex_init(0x7fd30ea97840, 0, 3534, 0x7fd30ea75010)         = 0
pthread_mutex_init(0x7fd30ea97868, 0, 3535, 0x7fd30ea75010)         = 0
pthread_mutex_init(0x7fd30ea97890, 0, 3536, 0x7fd30ea75010)         = 0
pthread_mutex_init(0x7fd30ea978b8, 0, 3537, 0x7fd30ea75010)         = 0
pthread_mutex_init(0x7fd30ea978e0, 0, 3538, 0x7fd30ea75010)         = 0
pthread_mutex_init(0x7fd30ea97908, 0, 3539, 0x7fd30ea75010)         = 0
pthread_mutex_init(0x7fd30ea97930, 0, 3540, 0x7fd30ea75010)         = 0
pthread_mutex_init(0x7fd30ea97958, 0, 3541, 0x7fd30ea75010)         = 0
pthread_mutex_init(0x7fd30ea97980, 0, 3542, 0x7fd30ea75010)         = 0
pthread_mutex_init(0x7fd30ea979a8, 0, 3543, 0x7fd30ea75010)         = 0
pthread_mutex_init(0x7fd30ea979d0, 0, 3544, 0x7fd30ea75010)         = 0
pthread_mutex_init(0x7fd30ea979f8, 0, 3545, 0x7fd30ea75010)         = 0
pthread_mutex_init(0x7fd30ea97a20, 0, 3546, 0x7fd30ea75010)         = 0
pthread_mutex_init(0x7fd30ea97a48, 0, 3547, 0x7fd30ea75010)         = 0
pthread_mutex_init(0x7fd30ea97a70, 0, 3548, 0x7fd30ea75010)         = 0
pthread_mutex_init(0x7fd30ea97a98, 0, 3549, 0x7fd30ea75010)         = 0
pthread_mutex_init(0x7fd30ea97ac0, 0, 3550, 0x7fd30ea75010)         = 0
pthread_mutex_init(0x7fd30ea97ae8, 0, 3551, 0x7fd30ea75010)         = 0
pthread_mutex_init(0x7fd30ea97b10, 0, 3552, 0x7fd30ea75010)         = 0
pthread_mutex_init(0x7fd30ea97b38, 0, 3553, 0x7fd30ea75010)         = 0
pthread_mutex_init(0x7fd30ea97b60, 0, 3554, 0x7fd30ea75010)         = 0
pthread_mutex_init(0x7fd30ea97b88, 0, 3555, 0x7fd30ea75010)         = 0
pthread_mutex_init(0x7fd30ea97bb0, 0, 3556, 0x7fd30ea75010)         = 0
pthread_mutex_init(0x7fd30ea97bd8, 0, 3557, 0x7fd30ea75010)         = 0
pthread_mutex_init(0x7fd30ea97c00, 0, 3558, 0x7fd30ea75010)         = 0
pthread_mutex_init(0x7fd30ea97c28, 0, 3559, 0x7fd30ea75010)         = 0
pthread_mutex_init(0x7fd30ea97c50, 0, 3560, 0x7fd30ea75010)         = 0
pthread_mutex_init(0x7fd30ea97c78, 0, 3561, 0x7fd30ea75010)         = 0
pthread_mutex_init(0x7fd30ea97ca0, 0, 3562, 0x7fd30ea75010)         = 0
pthread_mutex_init(0x7fd30ea97cc8, 0, 3563, 0x7fd30ea75010)         = 0
pthread_mutex_init(0x7fd30ea97cf0, 0, 3564, 0x7fd30ea75010)         = 0
pthread_mutex_init(0x7fd30ea97d18, 0, 3565, 0x7fd30ea75010)         = 0
pthread_mutex_init(0x7fd30ea97d40, 0, 3566, 0x7fd30ea75010)         = 0
pthread_mutex_init(0x7fd30ea97d68, 0, 3567, 0x7fd30ea75010)         = 0
pthread_mutex_init(0x7fd30ea97d90, 0, 3568, 0x7fd30ea75010)         = 0
pthread_mutex_init(0x7fd30ea97db8, 0, 3569, 0x7fd30ea75010)         = 0
pthread_mutex_init(0x7fd30ea97de0, 0, 3570, 0x7fd30ea75010)         = 0
pthread_mutex_init(0x7fd30ea97e08, 0, 3571, 0x7fd30ea75010)         = 0
pthread_mutex_init(0x7fd30ea97e30, 0, 3572, 0x7fd30ea75010)         = 0
pthread_mutex_init(0x7fd30ea97e58, 0, 3573, 0x7fd30ea75010)         = 0
pthread_mutex_init(0x7fd30ea97e80, 0, 3574, 0x7fd30ea75010)         = 0
pthread_mutex_init(0x7fd30ea97ea8, 0, 3575, 0x7fd30ea75010)         = 0
pthread_mutex_init(0x7fd30ea97ed0, 0, 3576, 0x7fd30ea75010)         = 0
pthread_mutex_init(0x7fd30ea97ef8, 0, 3577, 0x7fd30ea75010)         = 0
pthread_mutex_init(0x7fd30ea97f20, 0, 3578, 0x7fd30ea75010)         = 0
pthread_mutex_init(0x7fd30ea97f48, 0, 3579, 0x7fd30ea75010)         = 0
pthread_mutex_init(0x7fd30ea97f70, 0, 3580, 0x7fd30ea75010)         = 0
pthread_mutex_init(0x7fd30ea97f98, 0, 3581, 0x7fd30ea75010)         = 0
pthread_mutex_init(0x7fd30ea97fc0, 0, 3582, 0x7fd30ea75010)         = 0
pthread_mutex_init(0x7fd30ea97fe8, 0, 3583, 0x7fd30ea75010)         = 0
pthread_mutex_init(0x7fd30ea98010, 0, 3584, 0x7fd30ea75010)         = 0
pthread_mutex_init(0x7fd30ea98038, 0, 3585, 0x7fd30ea75010)         = 0
pthread_mutex_init(0x7fd30ea98060, 0, 3586, 0x7fd30ea75010)         = 0
pthread_mutex_init(0x7fd30ea98088, 0, 3587, 0x7fd30ea75010)         = 0
pthread_mutex_init(0x7fd30ea980b0, 0, 3588, 0x7fd30ea75010)         = 0
pthread_mutex_init(0x7fd30ea980d8, 0, 3589, 0x7fd30ea75010)         = 0
pthread_mutex_init(0x7fd30ea98100, 0, 3590, 0x7fd30ea75010)         = 0
pthread_mutex_init(0x7fd30ea98128, 0, 3591, 0x7fd30ea75010)         = 0
pthread_mutex_init(0x7fd30ea98150, 0, 3592, 0x7fd30ea75010)         = 0
pthread_mutex_init(0x7fd30ea98178, 0, 3593, 0x7fd30ea75010)         = 0
pthread_mutex_init(0x7fd30ea981a0, 0, 3594, 0x7fd30ea75010)         = 0
pthread_mutex_init(0x7fd30ea981c8, 0, 3595, 0x7fd30ea75010)         = 0
pthread_mutex_init(0x7fd30ea981f0, 0, 3596, 0x7fd30ea75010)         = 0
pthread_mutex_init(0x7fd30ea98218, 0, 3597, 0x7fd30ea75010)         = 0
pthread_mutex_init(0x7fd30ea98240, 0, 3598, 0x7fd30ea75010)         = 0
pthread_mutex_init(0x7fd30ea98268, 0, 3599, 0x7fd30ea75010)         = 0
pthread_mutex_init(0x7fd30ea98290, 0, 3600, 0x7fd30ea75010)         = 0
pthread_mutex_init(0x7fd30ea982b8, 0, 3601, 0x7fd30ea75010)         = 0
pthread_mutex_init(0x7fd30ea982e0, 0, 3602, 0x7fd30ea75010)         = 0
pthread_mutex_init(0x7fd30ea98308, 0, 3603, 0x7fd30ea75010)         = 0
pthread_mutex_init(0x7fd30ea98330, 0, 3604, 0x7fd30ea75010)         = 0
pthread_mutex_init(0x7fd30ea98358, 0, 3605, 0x7fd30ea75010)         = 0
pthread_mutex_init(0x7fd30ea98380, 0, 3606, 0x7fd30ea75010)         = 0
pthread_mutex_init(0x7fd30ea983a8, 0, 3607, 0x7fd30ea75010)         = 0
pthread_mutex_init(0x7fd30ea983d0, 0, 3608, 0x7fd30ea75010)         = 0
pthread_mutex_init(0x7fd30ea983f8, 0, 3609, 0x7fd30ea75010)         = 0
pthread_mutex_init(0x7fd30ea98420, 0, 3610, 0x7fd30ea75010)         = 0
pthread_mutex_init(0x7fd30ea98448, 0, 3611, 0x7fd30ea75010)         = 0
pthread_mutex_init(0x7fd30ea98470, 0, 3612, 0x7fd30ea75010)         = 0
pthread_mutex_init(0x7fd30ea98498, 0, 3613, 0x7fd30ea75010)         = 0
pthread_mutex_init(0x7fd30ea984c0, 0, 3614, 0x7fd30ea75010)         = 0
pthread_mutex_init(0x7fd30ea984e8, 0, 3615, 0x7fd30ea75010)         = 0
pthread_mutex_init(0x7fd30ea98510, 0, 3616, 0x7fd30ea75010)         = 0
pthread_mutex_init(0x7fd30ea98538, 0, 3617, 0x7fd30ea75010)         = 0
pthread_mutex_init(0x7fd30ea98560, 0, 3618, 0x7fd30ea75010)         = 0
pthread_mutex_init(0x7fd30ea98588, 0, 3619, 0x7fd30ea75010)         = 0
pthread_mutex_init(0x7fd30ea985b0, 0, 3620, 0x7fd30ea75010)         = 0
pthread_mutex_init(0x7fd30ea985d8, 0, 3621, 0x7fd30ea75010)         = 0
pthread_mutex_init(0x7fd30ea98600, 0, 3622, 0x7fd30ea75010)         = 0
pthread_mutex_init(0x7fd30ea98628, 0, 3623, 0x7fd30ea75010)         = 0
pthread_mutex_init(0x7fd30ea98650, 0, 3624, 0x7fd30ea75010)         = 0
pthread_mutex_init(0x7fd30ea98678, 0, 3625, 0x7fd30ea75010)         = 0
pthread_mutex_init(0x7fd30ea986a0, 0, 3626, 0x7fd30ea75010)         = 0
pthread_mutex_init(0x7fd30ea986c8, 0, 3627, 0x7fd30ea75010)         = 0
pthread_mutex_init(0x7fd30ea986f0, 0, 3628, 0x7fd30ea75010)         = 0
pthread_mutex_init(0x7fd30ea98718, 0, 3629, 0x7fd30ea75010)         = 0
pthread_mutex_init(0x7fd30ea98740, 0, 3630, 0x7fd30ea75010)         = 0
pthread_mutex_init(0x7fd30ea98768, 0, 3631, 0x7fd30ea75010)         = 0
pthread_mutex_init(0x7fd30ea98790, 0, 3632, 0x7fd30ea75010)         = 0
pthread_mutex_init(0x7fd30ea987b8, 0, 3633, 0x7fd30ea75010)         = 0
pthread_mutex_init(0x7fd30ea987e0, 0, 3634, 0x7fd30ea75010)         = 0
pthread_mutex_init(0x7fd30ea98808, 0, 3635, 0x7fd30ea75010)         = 0
pthread_mutex_init(0x7fd30ea98830, 0, 3636, 0x7fd30ea75010)         = 0
pthread_mutex_init(0x7fd30ea98858, 0, 3637, 0x7fd30ea75010)         = 0
pthread_mutex_init(0x7fd30ea98880, 0, 3638, 0x7fd30ea75010)         = 0
pthread_mutex_init(0x7fd30ea988a8, 0, 3639, 0x7fd30ea75010)         = 0
pthread_mutex_init(0x7fd30ea988d0, 0, 3640, 0x7fd30ea75010)         = 0
pthread_mutex_init(0x7fd30ea988f8, 0, 3641, 0x7fd30ea75010)         = 0
pthread_mutex_init(0x7fd30ea98920, 0, 3642, 0x7fd30ea75010)         = 0
pthread_mutex_init(0x7fd30ea98948, 0, 3643, 0x7fd30ea75010)         = 0
pthread_mutex_init(0x7fd30ea98970, 0, 3644, 0x7fd30ea75010)         = 0
pthread_mutex_init(0x7fd30ea98998, 0, 3645, 0x7fd30ea75010)         = 0
pthread_mutex_init(0x7fd30ea989c0, 0, 3646, 0x7fd30ea75010)         = 0
pthread_mutex_init(0x7fd30ea989e8, 0, 3647, 0x7fd30ea75010)         = 0
pthread_mutex_init(0x7fd30ea98a10, 0, 3648, 0x7fd30ea75010)         = 0
pthread_mutex_init(0x7fd30ea98a38, 0, 3649, 0x7fd30ea75010)         = 0
pthread_mutex_init(0x7fd30ea98a60, 0, 3650, 0x7fd30ea75010)         = 0
pthread_mutex_init(0x7fd30ea98a88, 0, 3651, 0x7fd30ea75010)         = 0
pthread_mutex_init(0x7fd30ea98ab0, 0, 3652, 0x7fd30ea75010)         = 0
pthread_mutex_init(0x7fd30ea98ad8, 0, 3653, 0x7fd30ea75010)         = 0
pthread_mutex_init(0x7fd30ea98b00, 0, 3654, 0x7fd30ea75010)         = 0
pthread_mutex_init(0x7fd30ea98b28, 0, 3655, 0x7fd30ea75010)         = 0
pthread_mutex_init(0x7fd30ea98b50, 0, 3656, 0x7fd30ea75010)         = 0
pthread_mutex_init(0x7fd30ea98b78, 0, 3657, 0x7fd30ea75010)         = 0
pthread_mutex_init(0x7fd30ea98ba0, 0, 3658, 0x7fd30ea75010)         = 0
pthread_mutex_init(0x7fd30ea98bc8, 0, 3659, 0x7fd30ea75010)         = 0
pthread_mutex_init(0x7fd30ea98bf0, 0, 3660, 0x7fd30ea75010)         = 0
pthread_mutex_init(0x7fd30ea98c18, 0, 3661, 0x7fd30ea75010)         = 0
pthread_mutex_init(0x7fd30ea98c40, 0, 3662, 0x7fd30ea75010)         = 0
pthread_mutex_init(0x7fd30ea98c68, 0, 3663, 0x7fd30ea75010)         = 0
pthread_mutex_init(0x7fd30ea98c90, 0, 3664, 0x7fd30ea75010)         = 0
pthread_mutex_init(0x7fd30ea98cb8, 0, 3665, 0x7fd30ea75010)         = 0
pthread_mutex_init(0x7fd30ea98ce0, 0, 3666, 0x7fd30ea75010)         = 0
pthread_mutex_init(0x7fd30ea98d08, 0, 3667, 0x7fd30ea75010)         = 0
pthread_mutex_init(0x7fd30ea98d30, 0, 3668, 0x7fd30ea75010)         = 0
pthread_mutex_init(0x7fd30ea98d58, 0, 3669, 0x7fd30ea75010)         = 0
pthread_mutex_init(0x7fd30ea98d80, 0, 3670, 0x7fd30ea75010)         = 0
pthread_mutex_init(0x7fd30ea98da8, 0, 3671, 0x7fd30ea75010)         = 0
pthread_mutex_init(0x7fd30ea98dd0, 0, 3672, 0x7fd30ea75010)         = 0
pthread_mutex_init(0x7fd30ea98df8, 0, 3673, 0x7fd30ea75010)         = 0
pthread_mutex_init(0x7fd30ea98e20, 0, 3674, 0x7fd30ea75010)         = 0
pthread_mutex_init(0x7fd30ea98e48, 0, 3675, 0x7fd30ea75010)         = 0
pthread_mutex_init(0x7fd30ea98e70, 0, 3676, 0x7fd30ea75010)         = 0
pthread_mutex_init(0x7fd30ea98e98, 0, 3677, 0x7fd30ea75010)         = 0
pthread_mutex_init(0x7fd30ea98ec0, 0, 3678, 0x7fd30ea75010)         = 0
pthread_mutex_init(0x7fd30ea98ee8, 0, 3679, 0x7fd30ea75010)         = 0
pthread_mutex_init(0x7fd30ea98f10, 0, 3680, 0x7fd30ea75010)         = 0
pthread_mutex_init(0x7fd30ea98f38, 0, 3681, 0x7fd30ea75010)         = 0
pthread_mutex_init(0x7fd30ea98f60, 0, 3682, 0x7fd30ea75010)         = 0
pthread_mutex_init(0x7fd30ea98f88, 0, 3683, 0x7fd30ea75010)         = 0
pthread_mutex_init(0x7fd30ea98fb0, 0, 3684, 0x7fd30ea75010)         = 0
pthread_mutex_init(0x7fd30ea98fd8, 0, 3685, 0x7fd30ea75010)         = 0
pthread_mutex_init(0x7fd30ea99000, 0, 3686, 0x7fd30ea75010)         = 0
pthread_mutex_init(0x7fd30ea99028, 0, 3687, 0x7fd30ea75010)         = 0
pthread_mutex_init(0x7fd30ea99050, 0, 3688, 0x7fd30ea75010)         = 0
pthread_mutex_init(0x7fd30ea99078, 0, 3689, 0x7fd30ea75010)         = 0
pthread_mutex_init(0x7fd30ea990a0, 0, 3690, 0x7fd30ea75010)         = 0
pthread_mutex_init(0x7fd30ea990c8, 0, 3691, 0x7fd30ea75010)         = 0
pthread_mutex_init(0x7fd30ea990f0, 0, 3692, 0x7fd30ea75010)         = 0
pthread_mutex_init(0x7fd30ea99118, 0, 3693, 0x7fd30ea75010)         = 0
pthread_mutex_init(0x7fd30ea99140, 0, 3694, 0x7fd30ea75010)         = 0
pthread_mutex_init(0x7fd30ea99168, 0, 3695, 0x7fd30ea75010)         = 0
pthread_mutex_init(0x7fd30ea99190, 0, 3696, 0x7fd30ea75010)         = 0
pthread_mutex_init(0x7fd30ea991b8, 0, 3697, 0x7fd30ea75010)         = 0
pthread_mutex_init(0x7fd30ea991e0, 0, 3698, 0x7fd30ea75010)         = 0
pthread_mutex_init(0x7fd30ea99208, 0, 3699, 0x7fd30ea75010)         = 0
pthread_mutex_init(0x7fd30ea99230, 0, 3700, 0x7fd30ea75010)         = 0
pthread_mutex_init(0x7fd30ea99258, 0, 3701, 0x7fd30ea75010)         = 0
pthread_mutex_init(0x7fd30ea99280, 0, 3702, 0x7fd30ea75010)         = 0
pthread_mutex_init(0x7fd30ea992a8, 0, 3703, 0x7fd30ea75010)         = 0
pthread_mutex_init(0x7fd30ea992d0, 0, 3704, 0x7fd30ea75010)         = 0
pthread_mutex_init(0x7fd30ea992f8, 0, 3705, 0x7fd30ea75010)         = 0
pthread_mutex_init(0x7fd30ea99320, 0, 3706, 0x7fd30ea75010)         = 0
pthread_mutex_init(0x7fd30ea99348, 0, 3707, 0x7fd30ea75010)         = 0
pthread_mutex_init(0x7fd30ea99370, 0, 3708, 0x7fd30ea75010)         = 0
pthread_mutex_init(0x7fd30ea99398, 0, 3709, 0x7fd30ea75010)         = 0
pthread_mutex_init(0x7fd30ea993c0, 0, 3710, 0x7fd30ea75010)         = 0
pthread_mutex_init(0x7fd30ea993e8, 0, 3711, 0x7fd30ea75010)         = 0
pthread_mutex_init(0x7fd30ea99410, 0, 3712, 0x7fd30ea75010)         = 0
pthread_mutex_init(0x7fd30ea99438, 0, 3713, 0x7fd30ea75010)         = 0
pthread_mutex_init(0x7fd30ea99460, 0, 3714, 0x7fd30ea75010)         = 0
pthread_mutex_init(0x7fd30ea99488, 0, 3715, 0x7fd30ea75010)         = 0
pthread_mutex_init(0x7fd30ea994b0, 0, 3716, 0x7fd30ea75010)         = 0
pthread_mutex_init(0x7fd30ea994d8, 0, 3717, 0x7fd30ea75010)         = 0
pthread_mutex_init(0x7fd30ea99500, 0, 3718, 0x7fd30ea75010)         = 0
pthread_mutex_init(0x7fd30ea99528, 0, 3719, 0x7fd30ea75010)         = 0
pthread_mutex_init(0x7fd30ea99550, 0, 3720, 0x7fd30ea75010)         = 0
pthread_mutex_init(0x7fd30ea99578, 0, 3721, 0x7fd30ea75010)         = 0
pthread_mutex_init(0x7fd30ea995a0, 0, 3722, 0x7fd30ea75010)         = 0
pthread_mutex_init(0x7fd30ea995c8, 0, 3723, 0x7fd30ea75010)         = 0
pthread_mutex_init(0x7fd30ea995f0, 0, 3724, 0x7fd30ea75010)         = 0
pthread_mutex_init(0x7fd30ea99618, 0, 3725, 0x7fd30ea75010)         = 0
pthread_mutex_init(0x7fd30ea99640, 0, 3726, 0x7fd30ea75010)         = 0
pthread_mutex_init(0x7fd30ea99668, 0, 3727, 0x7fd30ea75010)         = 0
pthread_mutex_init(0x7fd30ea99690, 0, 3728, 0x7fd30ea75010)         = 0
pthread_mutex_init(0x7fd30ea996b8, 0, 3729, 0x7fd30ea75010)         = 0
pthread_mutex_init(0x7fd30ea996e0, 0, 3730, 0x7fd30ea75010)         = 0
pthread_mutex_init(0x7fd30ea99708, 0, 3731, 0x7fd30ea75010)         = 0
pthread_mutex_init(0x7fd30ea99730, 0, 3732, 0x7fd30ea75010)         = 0
pthread_mutex_init(0x7fd30ea99758, 0, 3733, 0x7fd30ea75010)         = 0
pthread_mutex_init(0x7fd30ea99780, 0, 3734, 0x7fd30ea75010)         = 0
pthread_mutex_init(0x7fd30ea997a8, 0, 3735, 0x7fd30ea75010)         = 0
pthread_mutex_init(0x7fd30ea997d0, 0, 3736, 0x7fd30ea75010)         = 0
pthread_mutex_init(0x7fd30ea997f8, 0, 3737, 0x7fd30ea75010)         = 0
pthread_mutex_init(0x7fd30ea99820, 0, 3738, 0x7fd30ea75010)         = 0
pthread_mutex_init(0x7fd30ea99848, 0, 3739, 0x7fd30ea75010)         = 0
pthread_mutex_init(0x7fd30ea99870, 0, 3740, 0x7fd30ea75010)         = 0
pthread_mutex_init(0x7fd30ea99898, 0, 3741, 0x7fd30ea75010)         = 0
pthread_mutex_init(0x7fd30ea998c0, 0, 3742, 0x7fd30ea75010)         = 0
pthread_mutex_init(0x7fd30ea998e8, 0, 3743, 0x7fd30ea75010)         = 0
pthread_mutex_init(0x7fd30ea99910, 0, 3744, 0x7fd30ea75010)         = 0
pthread_mutex_init(0x7fd30ea99938, 0, 3745, 0x7fd30ea75010)         = 0
pthread_mutex_init(0x7fd30ea99960, 0, 3746, 0x7fd30ea75010)         = 0
pthread_mutex_init(0x7fd30ea99988, 0, 3747, 0x7fd30ea75010)         = 0
pthread_mutex_init(0x7fd30ea999b0, 0, 3748, 0x7fd30ea75010)         = 0
pthread_mutex_init(0x7fd30ea999d8, 0, 3749, 0x7fd30ea75010)         = 0
pthread_mutex_init(0x7fd30ea99a00, 0, 3750, 0x7fd30ea75010)         = 0
pthread_mutex_init(0x7fd30ea99a28, 0, 3751, 0x7fd30ea75010)         = 0
pthread_mutex_init(0x7fd30ea99a50, 0, 3752, 0x7fd30ea75010)         = 0
pthread_mutex_init(0x7fd30ea99a78, 0, 3753, 0x7fd30ea75010)         = 0
pthread_mutex_init(0x7fd30ea99aa0, 0, 3754, 0x7fd30ea75010)         = 0
pthread_mutex_init(0x7fd30ea99ac8, 0, 3755, 0x7fd30ea75010)         = 0
pthread_mutex_init(0x7fd30ea99af0, 0, 3756, 0x7fd30ea75010)         = 0
pthread_mutex_init(0x7fd30ea99b18, 0, 3757, 0x7fd30ea75010)         = 0
pthread_mutex_init(0x7fd30ea99b40, 0, 3758, 0x7fd30ea75010)         = 0
pthread_mutex_init(0x7fd30ea99b68, 0, 3759, 0x7fd30ea75010)         = 0
pthread_mutex_init(0x7fd30ea99b90, 0, 3760, 0x7fd30ea75010)         = 0
pthread_mutex_init(0x7fd30ea99bb8, 0, 3761, 0x7fd30ea75010)         = 0
pthread_mutex_init(0x7fd30ea99be0, 0, 3762, 0x7fd30ea75010)         = 0
pthread_mutex_init(0x7fd30ea99c08, 0, 3763, 0x7fd30ea75010)         = 0
pthread_mutex_init(0x7fd30ea99c30, 0, 3764, 0x7fd30ea75010)         = 0
pthread_mutex_init(0x7fd30ea99c58, 0, 3765, 0x7fd30ea75010)         = 0
pthread_mutex_init(0x7fd30ea99c80, 0, 3766, 0x7fd30ea75010)         = 0
pthread_mutex_init(0x7fd30ea99ca8, 0, 3767, 0x7fd30ea75010)         = 0
pthread_mutex_init(0x7fd30ea99cd0, 0, 3768, 0x7fd30ea75010)         = 0
pthread_mutex_init(0x7fd30ea99cf8, 0, 3769, 0x7fd30ea75010)         = 0
pthread_mutex_init(0x7fd30ea99d20, 0, 3770, 0x7fd30ea75010)         = 0
pthread_mutex_init(0x7fd30ea99d48, 0, 3771, 0x7fd30ea75010)         = 0
pthread_mutex_init(0x7fd30ea99d70, 0, 3772, 0x7fd30ea75010)         = 0
pthread_mutex_init(0x7fd30ea99d98, 0, 3773, 0x7fd30ea75010)         = 0
pthread_mutex_init(0x7fd30ea99dc0, 0, 3774, 0x7fd30ea75010)         = 0
pthread_mutex_init(0x7fd30ea99de8, 0, 3775, 0x7fd30ea75010)         = 0
pthread_mutex_init(0x7fd30ea99e10, 0, 3776, 0x7fd30ea75010)         = 0
pthread_mutex_init(0x7fd30ea99e38, 0, 3777, 0x7fd30ea75010)         = 0
pthread_mutex_init(0x7fd30ea99e60, 0, 3778, 0x7fd30ea75010)         = 0
pthread_mutex_init(0x7fd30ea99e88, 0, 3779, 0x7fd30ea75010)         = 0
pthread_mutex_init(0x7fd30ea99eb0, 0, 3780, 0x7fd30ea75010)         = 0
pthread_mutex_init(0x7fd30ea99ed8, 0, 3781, 0x7fd30ea75010)         = 0
pthread_mutex_init(0x7fd30ea99f00, 0, 3782, 0x7fd30ea75010)         = 0
pthread_mutex_init(0x7fd30ea99f28, 0, 3783, 0x7fd30ea75010)         = 0
pthread_mutex_init(0x7fd30ea99f50, 0, 3784, 0x7fd30ea75010)         = 0
pthread_mutex_init(0x7fd30ea99f78, 0, 3785, 0x7fd30ea75010)         = 0
pthread_mutex_init(0x7fd30ea99fa0, 0, 3786, 0x7fd30ea75010)         = 0
pthread_mutex_init(0x7fd30ea99fc8, 0, 3787, 0x7fd30ea75010)         = 0
pthread_mutex_init(0x7fd30ea99ff0, 0, 3788, 0x7fd30ea75010)         = 0
pthread_mutex_init(0x7fd30ea9a018, 0, 3789, 0x7fd30ea75010)         = 0
pthread_mutex_init(0x7fd30ea9a040, 0, 3790, 0x7fd30ea75010)         = 0
pthread_mutex_init(0x7fd30ea9a068, 0, 3791, 0x7fd30ea75010)         = 0
pthread_mutex_init(0x7fd30ea9a090, 0, 3792, 0x7fd30ea75010)         = 0
pthread_mutex_init(0x7fd30ea9a0b8, 0, 3793, 0x7fd30ea75010)         = 0
pthread_mutex_init(0x7fd30ea9a0e0, 0, 3794, 0x7fd30ea75010)         = 0
pthread_mutex_init(0x7fd30ea9a108, 0, 3795, 0x7fd30ea75010)         = 0
pthread_mutex_init(0x7fd30ea9a130, 0, 3796, 0x7fd30ea75010)         = 0
pthread_mutex_init(0x7fd30ea9a158, 0, 3797, 0x7fd30ea75010)         = 0
pthread_mutex_init(0x7fd30ea9a180, 0, 3798, 0x7fd30ea75010)         = 0
pthread_mutex_init(0x7fd30ea9a1a8, 0, 3799, 0x7fd30ea75010)         = 0
pthread_mutex_init(0x7fd30ea9a1d0, 0, 3800, 0x7fd30ea75010)         = 0
pthread_mutex_init(0x7fd30ea9a1f8, 0, 3801, 0x7fd30ea75010)         = 0
pthread_mutex_init(0x7fd30ea9a220, 0, 3802, 0x7fd30ea75010)         = 0
pthread_mutex_init(0x7fd30ea9a248, 0, 3803, 0x7fd30ea75010)         = 0
pthread_mutex_init(0x7fd30ea9a270, 0, 3804, 0x7fd30ea75010)         = 0
pthread_mutex_init(0x7fd30ea9a298, 0, 3805, 0x7fd30ea75010)         = 0
pthread_mutex_init(0x7fd30ea9a2c0, 0, 3806, 0x7fd30ea75010)         = 0
pthread_mutex_init(0x7fd30ea9a2e8, 0, 3807, 0x7fd30ea75010)         = 0
pthread_mutex_init(0x7fd30ea9a310, 0, 3808, 0x7fd30ea75010)         = 0
pthread_mutex_init(0x7fd30ea9a338, 0, 3809, 0x7fd30ea75010)         = 0
pthread_mutex_init(0x7fd30ea9a360, 0, 3810, 0x7fd30ea75010)         = 0
pthread_mutex_init(0x7fd30ea9a388, 0, 3811, 0x7fd30ea75010)         = 0
pthread_mutex_init(0x7fd30ea9a3b0, 0, 3812, 0x7fd30ea75010)         = 0
pthread_mutex_init(0x7fd30ea9a3d8, 0, 3813, 0x7fd30ea75010)         = 0
pthread_mutex_init(0x7fd30ea9a400, 0, 3814, 0x7fd30ea75010)         = 0
pthread_mutex_init(0x7fd30ea9a428, 0, 3815, 0x7fd30ea75010)         = 0
pthread_mutex_init(0x7fd30ea9a450, 0, 3816, 0x7fd30ea75010)         = 0
pthread_mutex_init(0x7fd30ea9a478, 0, 3817, 0x7fd30ea75010)         = 0
pthread_mutex_init(0x7fd30ea9a4a0, 0, 3818, 0x7fd30ea75010)         = 0
pthread_mutex_init(0x7fd30ea9a4c8, 0, 3819, 0x7fd30ea75010)         = 0
pthread_mutex_init(0x7fd30ea9a4f0, 0, 3820, 0x7fd30ea75010)         = 0
pthread_mutex_init(0x7fd30ea9a518, 0, 3821, 0x7fd30ea75010)         = 0
pthread_mutex_init(0x7fd30ea9a540, 0, 3822, 0x7fd30ea75010)         = 0
pthread_mutex_init(0x7fd30ea9a568, 0, 3823, 0x7fd30ea75010)         = 0
pthread_mutex_init(0x7fd30ea9a590, 0, 3824, 0x7fd30ea75010)         = 0
pthread_mutex_init(0x7fd30ea9a5b8, 0, 3825, 0x7fd30ea75010)         = 0
pthread_mutex_init(0x7fd30ea9a5e0, 0, 3826, 0x7fd30ea75010)         = 0
pthread_mutex_init(0x7fd30ea9a608, 0, 3827, 0x7fd30ea75010)         = 0
pthread_mutex_init(0x7fd30ea9a630, 0, 3828, 0x7fd30ea75010)         = 0
pthread_mutex_init(0x7fd30ea9a658, 0, 3829, 0x7fd30ea75010)         = 0
pthread_mutex_init(0x7fd30ea9a680, 0, 3830, 0x7fd30ea75010)         = 0
pthread_mutex_init(0x7fd30ea9a6a8, 0, 3831, 0x7fd30ea75010)         = 0
pthread_mutex_init(0x7fd30ea9a6d0, 0, 3832, 0x7fd30ea75010)         = 0
pthread_mutex_init(0x7fd30ea9a6f8, 0, 3833, 0x7fd30ea75010)         = 0
pthread_mutex_init(0x7fd30ea9a720, 0, 3834, 0x7fd30ea75010)         = 0
pthread_mutex_init(0x7fd30ea9a748, 0, 3835, 0x7fd30ea75010)         = 0
pthread_mutex_init(0x7fd30ea9a770, 0, 3836, 0x7fd30ea75010)         = 0
pthread_mutex_init(0x7fd30ea9a798, 0, 3837, 0x7fd30ea75010)         = 0
pthread_mutex_init(0x7fd30ea9a7c0, 0, 3838, 0x7fd30ea75010)         = 0
pthread_mutex_init(0x7fd30ea9a7e8, 0, 3839, 0x7fd30ea75010)         = 0
pthread_mutex_init(0x7fd30ea9a810, 0, 3840, 0x7fd30ea75010)         = 0
pthread_mutex_init(0x7fd30ea9a838, 0, 3841, 0x7fd30ea75010)         = 0
pthread_mutex_init(0x7fd30ea9a860, 0, 3842, 0x7fd30ea75010)         = 0
pthread_mutex_init(0x7fd30ea9a888, 0, 3843, 0x7fd30ea75010)         = 0
pthread_mutex_init(0x7fd30ea9a8b0, 0, 3844, 0x7fd30ea75010)         = 0
pthread_mutex_init(0x7fd30ea9a8d8, 0, 3845, 0x7fd30ea75010)         = 0
pthread_mutex_init(0x7fd30ea9a900, 0, 3846, 0x7fd30ea75010)         = 0
pthread_mutex_init(0x7fd30ea9a928, 0, 3847, 0x7fd30ea75010)         = 0
pthread_mutex_init(0x7fd30ea9a950, 0, 3848, 0x7fd30ea75010)         = 0
pthread_mutex_init(0x7fd30ea9a978, 0, 3849, 0x7fd30ea75010)         = 0
pthread_mutex_init(0x7fd30ea9a9a0, 0, 3850, 0x7fd30ea75010)         = 0
pthread_mutex_init(0x7fd30ea9a9c8, 0, 3851, 0x7fd30ea75010)         = 0
pthread_mutex_init(0x7fd30ea9a9f0, 0, 3852, 0x7fd30ea75010)         = 0
pthread_mutex_init(0x7fd30ea9aa18, 0, 3853, 0x7fd30ea75010)         = 0
pthread_mutex_init(0x7fd30ea9aa40, 0, 3854, 0x7fd30ea75010)         = 0
pthread_mutex_init(0x7fd30ea9aa68, 0, 3855, 0x7fd30ea75010)         = 0
pthread_mutex_init(0x7fd30ea9aa90, 0, 3856, 0x7fd30ea75010)         = 0
pthread_mutex_init(0x7fd30ea9aab8, 0, 3857, 0x7fd30ea75010)         = 0
pthread_mutex_init(0x7fd30ea9aae0, 0, 3858, 0x7fd30ea75010)         = 0
pthread_mutex_init(0x7fd30ea9ab08, 0, 3859, 0x7fd30ea75010)         = 0
pthread_mutex_init(0x7fd30ea9ab30, 0, 3860, 0x7fd30ea75010)         = 0
pthread_mutex_init(0x7fd30ea9ab58, 0, 3861, 0x7fd30ea75010)         = 0
pthread_mutex_init(0x7fd30ea9ab80, 0, 3862, 0x7fd30ea75010)         = 0
pthread_mutex_init(0x7fd30ea9aba8, 0, 3863, 0x7fd30ea75010)         = 0
pthread_mutex_init(0x7fd30ea9abd0, 0, 3864, 0x7fd30ea75010)         = 0
pthread_mutex_init(0x7fd30ea9abf8, 0, 3865, 0x7fd30ea75010)         = 0
pthread_mutex_init(0x7fd30ea9ac20, 0, 3866, 0x7fd30ea75010)         = 0
pthread_mutex_init(0x7fd30ea9ac48, 0, 3867, 0x7fd30ea75010)         = 0
pthread_mutex_init(0x7fd30ea9ac70, 0, 3868, 0x7fd30ea75010)         = 0
pthread_mutex_init(0x7fd30ea9ac98, 0, 3869, 0x7fd30ea75010)         = 0
pthread_mutex_init(0x7fd30ea9acc0, 0, 3870, 0x7fd30ea75010)         = 0
pthread_mutex_init(0x7fd30ea9ace8, 0, 3871, 0x7fd30ea75010)         = 0
pthread_mutex_init(0x7fd30ea9ad10, 0, 3872, 0x7fd30ea75010)         = 0
pthread_mutex_init(0x7fd30ea9ad38, 0, 3873, 0x7fd30ea75010)         = 0
pthread_mutex_init(0x7fd30ea9ad60, 0, 3874, 0x7fd30ea75010)         = 0
pthread_mutex_init(0x7fd30ea9ad88, 0, 3875, 0x7fd30ea75010)         = 0
pthread_mutex_init(0x7fd30ea9adb0, 0, 3876, 0x7fd30ea75010)         = 0
pthread_mutex_init(0x7fd30ea9add8, 0, 3877, 0x7fd30ea75010)         = 0
pthread_mutex_init(0x7fd30ea9ae00, 0, 3878, 0x7fd30ea75010)         = 0
pthread_mutex_init(0x7fd30ea9ae28, 0, 3879, 0x7fd30ea75010)         = 0
pthread_mutex_init(0x7fd30ea9ae50, 0, 3880, 0x7fd30ea75010)         = 0
pthread_mutex_init(0x7fd30ea9ae78, 0, 3881, 0x7fd30ea75010)         = 0
pthread_mutex_init(0x7fd30ea9aea0, 0, 3882, 0x7fd30ea75010)         = 0
pthread_mutex_init(0x7fd30ea9aec8, 0, 3883, 0x7fd30ea75010)         = 0
pthread_mutex_init(0x7fd30ea9aef0, 0, 3884, 0x7fd30ea75010)         = 0
pthread_mutex_init(0x7fd30ea9af18, 0, 3885, 0x7fd30ea75010)         = 0
pthread_mutex_init(0x7fd30ea9af40, 0, 3886, 0x7fd30ea75010)         = 0
pthread_mutex_init(0x7fd30ea9af68, 0, 3887, 0x7fd30ea75010)         = 0
pthread_mutex_init(0x7fd30ea9af90, 0, 3888, 0x7fd30ea75010)         = 0
pthread_mutex_init(0x7fd30ea9afb8, 0, 3889, 0x7fd30ea75010)         = 0
pthread_mutex_init(0x7fd30ea9afe0, 0, 3890, 0x7fd30ea75010)         = 0
pthread_mutex_init(0x7fd30ea9b008, 0, 3891, 0x7fd30ea75010)         = 0
pthread_mutex_init(0x7fd30ea9b030, 0, 3892, 0x7fd30ea75010)         = 0
pthread_mutex_init(0x7fd30ea9b058, 0, 3893, 0x7fd30ea75010)         = 0
pthread_mutex_init(0x7fd30ea9b080, 0, 3894, 0x7fd30ea75010)         = 0
pthread_mutex_init(0x7fd30ea9b0a8, 0, 3895, 0x7fd30ea75010)         = 0
pthread_mutex_init(0x7fd30ea9b0d0, 0, 3896, 0x7fd30ea75010)         = 0
pthread_mutex_init(0x7fd30ea9b0f8, 0, 3897, 0x7fd30ea75010)         = 0
pthread_mutex_init(0x7fd30ea9b120, 0, 3898, 0x7fd30ea75010)         = 0
pthread_mutex_init(0x7fd30ea9b148, 0, 3899, 0x7fd30ea75010)         = 0
pthread_mutex_init(0x7fd30ea9b170, 0, 3900, 0x7fd30ea75010)         = 0
pthread_mutex_init(0x7fd30ea9b198, 0, 3901, 0x7fd30ea75010)         = 0
pthread_mutex_init(0x7fd30ea9b1c0, 0, 3902, 0x7fd30ea75010)         = 0
pthread_mutex_init(0x7fd30ea9b1e8, 0, 3903, 0x7fd30ea75010)         = 0
pthread_mutex_init(0x7fd30ea9b210, 0, 3904, 0x7fd30ea75010)         = 0
pthread_mutex_init(0x7fd30ea9b238, 0, 3905, 0x7fd30ea75010)         = 0
pthread_mutex_init(0x7fd30ea9b260, 0, 3906, 0x7fd30ea75010)         = 0
pthread_mutex_init(0x7fd30ea9b288, 0, 3907, 0x7fd30ea75010)         = 0
pthread_mutex_init(0x7fd30ea9b2b0, 0, 3908, 0x7fd30ea75010)         = 0
pthread_mutex_init(0x7fd30ea9b2d8, 0, 3909, 0x7fd30ea75010)         = 0
pthread_mutex_init(0x7fd30ea9b300, 0, 3910, 0x7fd30ea75010)         = 0
pthread_mutex_init(0x7fd30ea9b328, 0, 3911, 0x7fd30ea75010)         = 0
pthread_mutex_init(0x7fd30ea9b350, 0, 3912, 0x7fd30ea75010)         = 0
pthread_mutex_init(0x7fd30ea9b378, 0, 3913, 0x7fd30ea75010)         = 0
pthread_mutex_init(0x7fd30ea9b3a0, 0, 3914, 0x7fd30ea75010)         = 0
pthread_mutex_init(0x7fd30ea9b3c8, 0, 3915, 0x7fd30ea75010)         = 0
pthread_mutex_init(0x7fd30ea9b3f0, 0, 3916, 0x7fd30ea75010)         = 0
pthread_mutex_init(0x7fd30ea9b418, 0, 3917, 0x7fd30ea75010)         = 0
pthread_mutex_init(0x7fd30ea9b440, 0, 3918, 0x7fd30ea75010)         = 0
pthread_mutex_init(0x7fd30ea9b468, 0, 3919, 0x7fd30ea75010)         = 0
pthread_mutex_init(0x7fd30ea9b490, 0, 3920, 0x7fd30ea75010)         = 0
pthread_mutex_init(0x7fd30ea9b4b8, 0, 3921, 0x7fd30ea75010)         = 0
pthread_mutex_init(0x7fd30ea9b4e0, 0, 3922, 0x7fd30ea75010)         = 0
pthread_mutex_init(0x7fd30ea9b508, 0, 3923, 0x7fd30ea75010)         = 0
pthread_mutex_init(0x7fd30ea9b530, 0, 3924, 0x7fd30ea75010)         = 0
pthread_mutex_init(0x7fd30ea9b558, 0, 3925, 0x7fd30ea75010)         = 0
pthread_mutex_init(0x7fd30ea9b580, 0, 3926, 0x7fd30ea75010)         = 0
pthread_mutex_init(0x7fd30ea9b5a8, 0, 3927, 0x7fd30ea75010)         = 0
pthread_mutex_init(0x7fd30ea9b5d0, 0, 3928, 0x7fd30ea75010)         = 0
pthread_mutex_init(0x7fd30ea9b5f8, 0, 3929, 0x7fd30ea75010)         = 0
pthread_mutex_init(0x7fd30ea9b620, 0, 3930, 0x7fd30ea75010)         = 0
pthread_mutex_init(0x7fd30ea9b648, 0, 3931, 0x7fd30ea75010)         = 0
pthread_mutex_init(0x7fd30ea9b670, 0, 3932, 0x7fd30ea75010)         = 0
pthread_mutex_init(0x7fd30ea9b698, 0, 3933, 0x7fd30ea75010)         = 0
pthread_mutex_init(0x7fd30ea9b6c0, 0, 3934, 0x7fd30ea75010)         = 0
pthread_mutex_init(0x7fd30ea9b6e8, 0, 3935, 0x7fd30ea75010)         = 0
pthread_mutex_init(0x7fd30ea9b710, 0, 3936, 0x7fd30ea75010)         = 0
pthread_mutex_init(0x7fd30ea9b738, 0, 3937, 0x7fd30ea75010)         = 0
pthread_mutex_init(0x7fd30ea9b760, 0, 3938, 0x7fd30ea75010)         = 0
pthread_mutex_init(0x7fd30ea9b788, 0, 3939, 0x7fd30ea75010)         = 0
pthread_mutex_init(0x7fd30ea9b7b0, 0, 3940, 0x7fd30ea75010)         = 0
pthread_mutex_init(0x7fd30ea9b7d8, 0, 3941, 0x7fd30ea75010)         = 0
pthread_mutex_init(0x7fd30ea9b800, 0, 3942, 0x7fd30ea75010)         = 0
pthread_mutex_init(0x7fd30ea9b828, 0, 3943, 0x7fd30ea75010)         = 0
pthread_mutex_init(0x7fd30ea9b850, 0, 3944, 0x7fd30ea75010)         = 0
pthread_mutex_init(0x7fd30ea9b878, 0, 3945, 0x7fd30ea75010)         = 0
pthread_mutex_init(0x7fd30ea9b8a0, 0, 3946, 0x7fd30ea75010)         = 0
pthread_mutex_init(0x7fd30ea9b8c8, 0, 3947, 0x7fd30ea75010)         = 0
pthread_mutex_init(0x7fd30ea9b8f0, 0, 3948, 0x7fd30ea75010)         = 0
pthread_mutex_init(0x7fd30ea9b918, 0, 3949, 0x7fd30ea75010)         = 0
pthread_mutex_init(0x7fd30ea9b940, 0, 3950, 0x7fd30ea75010)         = 0
pthread_mutex_init(0x7fd30ea9b968, 0, 3951, 0x7fd30ea75010)         = 0
pthread_mutex_init(0x7fd30ea9b990, 0, 3952, 0x7fd30ea75010)         = 0
pthread_mutex_init(0x7fd30ea9b9b8, 0, 3953, 0x7fd30ea75010)         = 0
pthread_mutex_init(0x7fd30ea9b9e0, 0, 3954, 0x7fd30ea75010)         = 0
pthread_mutex_init(0x7fd30ea9ba08, 0, 3955, 0x7fd30ea75010)         = 0
pthread_mutex_init(0x7fd30ea9ba30, 0, 3956, 0x7fd30ea75010)         = 0
pthread_mutex_init(0x7fd30ea9ba58, 0, 3957, 0x7fd30ea75010)         = 0
pthread_mutex_init(0x7fd30ea9ba80, 0, 3958, 0x7fd30ea75010)         = 0
pthread_mutex_init(0x7fd30ea9baa8, 0, 3959, 0x7fd30ea75010)         = 0
pthread_mutex_init(0x7fd30ea9bad0, 0, 3960, 0x7fd30ea75010)         = 0
pthread_mutex_init(0x7fd30ea9baf8, 0, 3961, 0x7fd30ea75010)         = 0
pthread_mutex_init(0x7fd30ea9bb20, 0, 3962, 0x7fd30ea75010)         = 0
pthread_mutex_init(0x7fd30ea9bb48, 0, 3963, 0x7fd30ea75010)         = 0
pthread_mutex_init(0x7fd30ea9bb70, 0, 3964, 0x7fd30ea75010)         = 0
pthread_mutex_init(0x7fd30ea9bb98, 0, 3965, 0x7fd30ea75010)         = 0
pthread_mutex_init(0x7fd30ea9bbc0, 0, 3966, 0x7fd30ea75010)         = 0
pthread_mutex_init(0x7fd30ea9bbe8, 0, 3967, 0x7fd30ea75010)         = 0
pthread_mutex_init(0x7fd30ea9bc10, 0, 3968, 0x7fd30ea75010)         = 0
pthread_mutex_init(0x7fd30ea9bc38, 0, 3969, 0x7fd30ea75010)         = 0
pthread_mutex_init(0x7fd30ea9bc60, 0, 3970, 0x7fd30ea75010)         = 0
pthread_mutex_init(0x7fd30ea9bc88, 0, 3971, 0x7fd30ea75010)         = 0
pthread_mutex_init(0x7fd30ea9bcb0, 0, 3972, 0x7fd30ea75010)         = 0
pthread_mutex_init(0x7fd30ea9bcd8, 0, 3973, 0x7fd30ea75010)         = 0
pthread_mutex_init(0x7fd30ea9bd00, 0, 3974, 0x7fd30ea75010)         = 0
pthread_mutex_init(0x7fd30ea9bd28, 0, 3975, 0x7fd30ea75010)         = 0
pthread_mutex_init(0x7fd30ea9bd50, 0, 3976, 0x7fd30ea75010)         = 0
pthread_mutex_init(0x7fd30ea9bd78, 0, 3977, 0x7fd30ea75010)         = 0
pthread_mutex_init(0x7fd30ea9bda0, 0, 3978, 0x7fd30ea75010)         = 0
pthread_mutex_init(0x7fd30ea9bdc8, 0, 3979, 0x7fd30ea75010)         = 0
pthread_mutex_init(0x7fd30ea9bdf0, 0, 3980, 0x7fd30ea75010)         = 0
pthread_mutex_init(0x7fd30ea9be18, 0, 3981, 0x7fd30ea75010)         = 0
pthread_mutex_init(0x7fd30ea9be40, 0, 3982, 0x7fd30ea75010)         = 0
pthread_mutex_init(0x7fd30ea9be68, 0, 3983, 0x7fd30ea75010)         = 0
pthread_mutex_init(0x7fd30ea9be90, 0, 3984, 0x7fd30ea75010)         = 0
pthread_mutex_init(0x7fd30ea9beb8, 0, 3985, 0x7fd30ea75010)         = 0
pthread_mutex_init(0x7fd30ea9bee0, 0, 3986, 0x7fd30ea75010)         = 0
pthread_mutex_init(0x7fd30ea9bf08, 0, 3987, 0x7fd30ea75010)         = 0
pthread_mutex_init(0x7fd30ea9bf30, 0, 3988, 0x7fd30ea75010)         = 0
pthread_mutex_init(0x7fd30ea9bf58, 0, 3989, 0x7fd30ea75010)         = 0
pthread_mutex_init(0x7fd30ea9bf80, 0, 3990, 0x7fd30ea75010)         = 0
pthread_mutex_init(0x7fd30ea9bfa8, 0, 3991, 0x7fd30ea75010)         = 0
pthread_mutex_init(0x7fd30ea9bfd0, 0, 3992, 0x7fd30ea75010)         = 0
pthread_mutex_init(0x7fd30ea9bff8, 0, 3993, 0x7fd30ea75010)         = 0
pthread_mutex_init(0x7fd30ea9c020, 0, 3994, 0x7fd30ea75010)         = 0
pthread_mutex_init(0x7fd30ea9c048, 0, 3995, 0x7fd30ea75010)         = 0
pthread_mutex_init(0x7fd30ea9c070, 0, 3996, 0x7fd30ea75010)         = 0
pthread_mutex_init(0x7fd30ea9c098, 0, 3997, 0x7fd30ea75010)         = 0
pthread_mutex_init(0x7fd30ea9c0c0, 0, 3998, 0x7fd30ea75010)         = 0
pthread_mutex_init(0x7fd30ea9c0e8, 0, 3999, 0x7fd30ea75010)         = 0
pthread_mutex_init(0x7fd30ea9c110, 0, 4000, 0x7fd30ea75010)         = 0
pthread_mutex_init(0x7fd30ea9c138, 0, 4001, 0x7fd30ea75010)         = 0
pthread_mutex_init(0x7fd30ea9c160, 0, 4002, 0x7fd30ea75010)         = 0
pthread_mutex_init(0x7fd30ea9c188, 0, 4003, 0x7fd30ea75010)         = 0
pthread_mutex_init(0x7fd30ea9c1b0, 0, 4004, 0x7fd30ea75010)         = 0
pthread_mutex_init(0x7fd30ea9c1d8, 0, 4005, 0x7fd30ea75010)         = 0
pthread_mutex_init(0x7fd30ea9c200, 0, 4006, 0x7fd30ea75010)         = 0
pthread_mutex_init(0x7fd30ea9c228, 0, 4007, 0x7fd30ea75010)         = 0
pthread_mutex_init(0x7fd30ea9c250, 0, 4008, 0x7fd30ea75010)         = 0
pthread_mutex_init(0x7fd30ea9c278, 0, 4009, 0x7fd30ea75010)         = 0
pthread_mutex_init(0x7fd30ea9c2a0, 0, 4010, 0x7fd30ea75010)         = 0
pthread_mutex_init(0x7fd30ea9c2c8, 0, 4011, 0x7fd30ea75010)         = 0
pthread_mutex_init(0x7fd30ea9c2f0, 0, 4012, 0x7fd30ea75010)         = 0
pthread_mutex_init(0x7fd30ea9c318, 0, 4013, 0x7fd30ea75010)         = 0
pthread_mutex_init(0x7fd30ea9c340, 0, 4014, 0x7fd30ea75010)         = 0
pthread_mutex_init(0x7fd30ea9c368, 0, 4015, 0x7fd30ea75010)         = 0
pthread_mutex_init(0x7fd30ea9c390, 0, 4016, 0x7fd30ea75010)         = 0
pthread_mutex_init(0x7fd30ea9c3b8, 0, 4017, 0x7fd30ea75010)         = 0
pthread_mutex_init(0x7fd30ea9c3e0, 0, 4018, 0x7fd30ea75010)         = 0
pthread_mutex_init(0x7fd30ea9c408, 0, 4019, 0x7fd30ea75010)         = 0
pthread_mutex_init(0x7fd30ea9c430, 0, 4020, 0x7fd30ea75010)         = 0
pthread_mutex_init(0x7fd30ea9c458, 0, 4021, 0x7fd30ea75010)         = 0
pthread_mutex_init(0x7fd30ea9c480, 0, 4022, 0x7fd30ea75010)         = 0
pthread_mutex_init(0x7fd30ea9c4a8, 0, 4023, 0x7fd30ea75010)         = 0
pthread_mutex_init(0x7fd30ea9c4d0, 0, 4024, 0x7fd30ea75010)         = 0
pthread_mutex_init(0x7fd30ea9c4f8, 0, 4025, 0x7fd30ea75010)         = 0
pthread_mutex_init(0x7fd30ea9c520, 0, 4026, 0x7fd30ea75010)         = 0
pthread_mutex_init(0x7fd30ea9c548, 0, 4027, 0x7fd30ea75010)         = 0
pthread_mutex_init(0x7fd30ea9c570, 0, 4028, 0x7fd30ea75010)         = 0
pthread_mutex_init(0x7fd30ea9c598, 0, 4029, 0x7fd30ea75010)         = 0
pthread_mutex_init(0x7fd30ea9c5c0, 0, 4030, 0x7fd30ea75010)         = 0
pthread_mutex_init(0x7fd30ea9c5e8, 0, 4031, 0x7fd30ea75010)         = 0
pthread_mutex_init(0x7fd30ea9c610, 0, 4032, 0x7fd30ea75010)         = 0
pthread_mutex_init(0x7fd30ea9c638, 0, 4033, 0x7fd30ea75010)         = 0
pthread_mutex_init(0x7fd30ea9c660, 0, 4034, 0x7fd30ea75010)         = 0
pthread_mutex_init(0x7fd30ea9c688, 0, 4035, 0x7fd30ea75010)         = 0
pthread_mutex_init(0x7fd30ea9c6b0, 0, 4036, 0x7fd30ea75010)         = 0
pthread_mutex_init(0x7fd30ea9c6d8, 0, 4037, 0x7fd30ea75010)         = 0
pthread_mutex_init(0x7fd30ea9c700, 0, 4038, 0x7fd30ea75010)         = 0
pthread_mutex_init(0x7fd30ea9c728, 0, 4039, 0x7fd30ea75010)         = 0
pthread_mutex_init(0x7fd30ea9c750, 0, 4040, 0x7fd30ea75010)         = 0
pthread_mutex_init(0x7fd30ea9c778, 0, 4041, 0x7fd30ea75010)         = 0
pthread_mutex_init(0x7fd30ea9c7a0, 0, 4042, 0x7fd30ea75010)         = 0
pthread_mutex_init(0x7fd30ea9c7c8, 0, 4043, 0x7fd30ea75010)         = 0
pthread_mutex_init(0x7fd30ea9c7f0, 0, 4044, 0x7fd30ea75010)         = 0
pthread_mutex_init(0x7fd30ea9c818, 0, 4045, 0x7fd30ea75010)         = 0
pthread_mutex_init(0x7fd30ea9c840, 0, 4046, 0x7fd30ea75010)         = 0
pthread_mutex_init(0x7fd30ea9c868, 0, 4047, 0x7fd30ea75010)         = 0
pthread_mutex_init(0x7fd30ea9c890, 0, 4048, 0x7fd30ea75010)         = 0
pthread_mutex_init(0x7fd30ea9c8b8, 0, 4049, 0x7fd30ea75010)         = 0
pthread_mutex_init(0x7fd30ea9c8e0, 0, 4050, 0x7fd30ea75010)         = 0
pthread_mutex_init(0x7fd30ea9c908, 0, 4051, 0x7fd30ea75010)         = 0
pthread_mutex_init(0x7fd30ea9c930, 0, 4052, 0x7fd30ea75010)         = 0
pthread_mutex_init(0x7fd30ea9c958, 0, 4053, 0x7fd30ea75010)         = 0
pthread_mutex_init(0x7fd30ea9c980, 0, 4054, 0x7fd30ea75010)         = 0
pthread_mutex_init(0x7fd30ea9c9a8, 0, 4055, 0x7fd30ea75010)         = 0
pthread_mutex_init(0x7fd30ea9c9d0, 0, 4056, 0x7fd30ea75010)         = 0
pthread_mutex_init(0x7fd30ea9c9f8, 0, 4057, 0x7fd30ea75010)         = 0
pthread_mutex_init(0x7fd30ea9ca20, 0, 4058, 0x7fd30ea75010)         = 0
pthread_mutex_init(0x7fd30ea9ca48, 0, 4059, 0x7fd30ea75010)         = 0
pthread_mutex_init(0x7fd30ea9ca70, 0, 4060, 0x7fd30ea75010)         = 0
pthread_mutex_init(0x7fd30ea9ca98, 0, 4061, 0x7fd30ea75010)         = 0
pthread_mutex_init(0x7fd30ea9cac0, 0, 4062, 0x7fd30ea75010)         = 0
pthread_mutex_init(0x7fd30ea9cae8, 0, 4063, 0x7fd30ea75010)         = 0
pthread_mutex_init(0x7fd30ea9cb10, 0, 4064, 0x7fd30ea75010)         = 0
pthread_mutex_init(0x7fd30ea9cb38, 0, 4065, 0x7fd30ea75010)         = 0
pthread_mutex_init(0x7fd30ea9cb60, 0, 4066, 0x7fd30ea75010)         = 0
pthread_mutex_init(0x7fd30ea9cb88, 0, 4067, 0x7fd30ea75010)         = 0
pthread_mutex_init(0x7fd30ea9cbb0, 0, 4068, 0x7fd30ea75010)         = 0
pthread_mutex_init(0x7fd30ea9cbd8, 0, 4069, 0x7fd30ea75010)         = 0
pthread_mutex_init(0x7fd30ea9cc00, 0, 4070, 0x7fd30ea75010)         = 0
pthread_mutex_init(0x7fd30ea9cc28, 0, 4071, 0x7fd30ea75010)         = 0
pthread_mutex_init(0x7fd30ea9cc50, 0, 4072, 0x7fd30ea75010)         = 0
pthread_mutex_init(0x7fd30ea9cc78, 0, 4073, 0x7fd30ea75010)         = 0
pthread_mutex_init(0x7fd30ea9cca0, 0, 4074, 0x7fd30ea75010)         = 0
pthread_mutex_init(0x7fd30ea9ccc8, 0, 4075, 0x7fd30ea75010)         = 0
pthread_mutex_init(0x7fd30ea9ccf0, 0, 4076, 0x7fd30ea75010)         = 0
pthread_mutex_init(0x7fd30ea9cd18, 0, 4077, 0x7fd30ea75010)         = 0
pthread_mutex_init(0x7fd30ea9cd40, 0, 4078, 0x7fd30ea75010)         = 0
pthread_mutex_init(0x7fd30ea9cd68, 0, 4079, 0x7fd30ea75010)         = 0
pthread_mutex_init(0x7fd30ea9cd90, 0, 4080, 0x7fd30ea75010)         = 0
pthread_mutex_init(0x7fd30ea9cdb8, 0, 4081, 0x7fd30ea75010)         = 0
pthread_mutex_init(0x7fd30ea9cde0, 0, 4082, 0x7fd30ea75010)         = 0
pthread_mutex_init(0x7fd30ea9ce08, 0, 4083, 0x7fd30ea75010)         = 0
pthread_mutex_init(0x7fd30ea9ce30, 0, 4084, 0x7fd30ea75010)         = 0
pthread_mutex_init(0x7fd30ea9ce58, 0, 4085, 0x7fd30ea75010)         = 0
pthread_mutex_init(0x7fd30ea9ce80, 0, 4086, 0x7fd30ea75010)         = 0
pthread_mutex_init(0x7fd30ea9cea8, 0, 4087, 0x7fd30ea75010)         = 0
pthread_mutex_init(0x7fd30ea9ced0, 0, 4088, 0x7fd30ea75010)         = 0
pthread_mutex_init(0x7fd30ea9cef8, 0, 4089, 0x7fd30ea75010)         = 0
pthread_mutex_init(0x7fd30ea9cf20, 0, 4090, 0x7fd30ea75010)         = 0
pthread_mutex_init(0x7fd30ea9cf48, 0, 4091, 0x7fd30ea75010)         = 0
pthread_mutex_init(0x7fd30ea9cf70, 0, 4092, 0x7fd30ea75010)         = 0
pthread_mutex_init(0x7fd30ea9cf98, 0, 4093, 0x7fd30ea75010)         = 0
pthread_mutex_init(0x7fd30ea9cfc0, 0, 4094, 0x7fd30ea75010)         = 0
pthread_mutex_init(0x7fd30ea9cfe8, 0, 4095, 0x7fd30ea75010)         = 0
calloc(4, 6504)                                                     = 0x18f9cd0
pipe(0x7ffe83b2a230)                                                = 0
event_init(0x18f9cd0, 0, 0x18f9cd0, 0x7fd30f461b4b)                 = 0x1900280
event_set(0x18f9ce0, 6, 18, 0x46854b)                               = 0
event_base_set(0x1900280, 0x18f9ce0, 0x18f9ce0, 0x7fd30f92420c)     = 0
event_add(0x18f9ce0, 0, 1, 0x7fd30f92420c)                          = 0
malloc(56)                                                          = 0x1900820
pthread_mutex_init(0x1900830, 0, 0x1900820, 0x1900850)              = 0
pthread_mutex_init(0x18f9d68, 0, 0x1900820, 0)                      = 0
calloc(1, 88)                                                       = 0x1900860
strdup("suffix")                                                    = 0x19008c0
calloc(64, 8)                                                       = 0x19008e0
pthread_mutex_init(0x1900860, 0, 0x1900a80, 0x1900a80)              = 0
pipe(0x7ffe83b2a230)                                                = 0
event_init(0x18fb638, 0, 0x18f9cd0, 0x7fd30f461b4b)                 = 0x1900af0
event_set(0x18fb648, 11, 18, 0x46854b)                              = 0
event_base_set(0x1900af0, 0x18fb648, 0x18fb648, 0x7fd30f92420c)     = 0
event_add(0x18fb648, 0, 1, 0x7fd30f92420c)                          = 0
malloc(56)                                                          = 0x1901090
pthread_mutex_init(0x19010a0, 0, 0x1901090, 0x19010c0)              = 0
pthread_mutex_init(0x18fb6d0, 0, 0x1901090, 0)                      = 0
calloc(1, 88)                                                       = 0x19010d0
strdup("suffix")                                                    = 0x1901130
calloc(64, 8)                                                       = 0x1901150
pthread_mutex_init(0x19010d0, 0, 0x1901300, 0x1901300)              = 0
pipe(0x7ffe83b2a230)                                                = 0
event_init(0x18fcfa0, 0, 0x18f9cd0, 0x7fd30f461b4b)                 = 0x1901360
event_set(0x18fcfb0, 16, 18, 0x46854b)                              = 0
event_base_set(0x1901360, 0x18fcfb0, 0x18fcfb0, 0x7fd30f92420c)     = 0
event_add(0x18fcfb0, 0, 1, 0x7fd30f92420c)                          = 0
malloc(56)                                                          = 0x1901900
pthread_mutex_init(0x1901910, 0, 0x1901900, 0x1901930)              = 0
pthread_mutex_init(0x18fd038, 0, 0x1901900, 0)                      = 0
calloc(1, 88)                                                       = 0x1901940
strdup("suffix")                                                    = 0x19019a0
calloc(64, 8)                                                       = 0x19019c0
pthread_mutex_init(0x1901940, 0, 0x1901b80, 0x1901b80)              = 0
pipe(0x7ffe83b2a230)                                                = 0
event_init(0x18fe908, 0, 0x18f9cd0, 0x7fd30f461b4b)                 = 0x1901bd0
event_set(0x18fe918, 21, 18, 0x46854b)                              = 0
event_base_set(0x1901bd0, 0x18fe918, 0x18fe918, 0x7fd30f92420c)     = 0
event_add(0x18fe918, 0, 1, 0x7fd30f92420c)                          = 0
malloc(56)                                                          = 0x1902170
pthread_mutex_init(0x1902180, 0, 0x1902170, 0x19021a0)              = 0
pthread_mutex_init(0x18fe9a0, 0, 0x1902170, 0)                      = 0
calloc(1, 88)                                                       = 0x19021b0
strdup("suffix")                                                    = 0x1902210
calloc(64, 8)                                                       = 0x1902230
pthread_mutex_init(0x19021b0, 0, 0x1902400, 0x1902400)              = 0
pthread_attr_init(0x7ffe83b2a1c0, 0x18f9cd0, 0x18f9cd0, 0)          = 0
pthread_create(0x18f9cd0, 0x7ffe83b2a1c0, 0x4684cd, 0x18f9cd0)      = 0
pthread_attr_init(0x7ffe83b2a1c0, 0x18fb638, 0x18f9cd0, 0x7fd30ea74700) = 0
pthread_create(0x18fb638, 0x7ffe83b2a1c0, 0x4684cd, 0x18fb638)      = 0
pthread_attr_init(0x7ffe83b2a1c0, 0x18fcfa0, 0x18f9cd0, 0x7fd30e273700) = 0
pthread_create(0x18fcfa0, 0x7ffe83b2a1c0, 0x4684cd, 0x18fcfa0)      = 0
pthread_attr_init(0x7ffe83b2a1c0, 0x18fe908, 0x18f9cd0, 0x7fd30da72700) = 0
pthread_create(0x18fe908, 0x7ffe83b2a1c0, 0x4684cd, 0x18fe908)      = 0
pthread_mutex_lock(0x4980e0, 0x7fd30d270fb0, 0, 0x7fd30d271700)     = 0
pthread_cond_wait(0x498120, 0x4980e0, 0, 0)                         = 0
pthread_cond_wait(0x498120, 0x4980e0, 0, 0x7fd30f8bf170)            = 0
pthread_cond_wait(0x498120, 0x4980e0, 0, 0x7fd30f8bf170)            = 0
pthread_cond_wait(0x498120, 0x4980e0, 0, 0x7fd30f8bf170)            = 0
pthread_mutex_unlock(0x4980e0, 128, 0, 0x7fd30f8bf170)              = 0
pthread_cond_init(0x49dd80, 0, 1, 0x7fd30f8b8839)                   = 0
pthread_mutex_init(0x49dd40, 0, 1, 0x7fd30f8b8839)                  = 0
getenv("MEMCACHED_HASH_BULK_MOVE")                                  = nil
pthread_mutex_init(0x497f20, 0, 0x4842ca, 10)                       = 0
pthread_create(0x497fa8, 0, 0x4678cf, 0)                            = 0
pthread_mutex_lock(0x49dd40, 0x7fd30c9ebfb0, 0, 0x7fd30c9ec700)     = 0
pthread_create(0x49ddb0, 0, 0x46dde8, 0)                            = 0
pthread_cond_wait(0x49dd80, 0x49dd40, 0, 0x7fd2fffff700)            = 0
pthread_mutex_unlock(0x49dd40, 128, 0, 0x7fd30f8bf170)              = 0
__pmc_depAdd(4728, 4733, 1, 0x7fd30f8b8839)                         = 0
__pmc_depAdd(4728, 4734, 0, 0)                                      = 0
__pmc_depAdd(4728, 4738, 0, 0)                                      = 0
__pmc_depAdd(4728, 4741, 0, 0)                                      = 0
__pmc_depAdd(4722, 4725, 0, 0)                                      = 0
__pmc_depAdd(4725, 4726, 0, 0)                                      = 0
__pmc_depAdd(4726, 4727, 0, 0)                                      = 0
__pmc_depAdd(4722, 4728, 0, 0)                                      = 0
__pmc_depAdd(4727, 4729, 0, 0)                                      = 0
__pmc_depAdd(4729, 4730, 0, 0)                                      = 0
__pmc_depAdd(4729, 4733, 0, 0)                                      = 0
__pmc_depAdd(4730, 4734, 0, 0)                                      = 0
__pmc_depAdd(4730, 4735, 0, 0)                                      = 0
__pmc_depAdd(4735, 4736, 0, 0)                                      = 0
__pmc_depAdd(4736, 4737, 0, 0)                                      = 0
__pmc_depAdd(4737, 4738, 0, 0)                                      = 0
__pmc_depAdd(4730, 4740, 0, 0)                                      = 0
__pmc_depAdd(4740, 4741, 0, 0)                                      = 0
__pmc_depAdd(4738, 4743, 0, 0)                                      = 0
__pmc_depAdd(4741, 4743, 0, 0)                                      = 0
__pmc_funcBegin(0x484190, 0, 0, 0)                                  = 0
__pmc_dummy_begin(0, 0, 0, 1)                                       = 0
__pmc_printStoreAddr(0x7ffe83b2a200, 8, 4722, 0)                    = 0
pthread_mutex_lock(0x497650, 0, 0, 0)                               = 0
__pmc_printStoreAddr(0x497678, 4, 4726, 1763)                       = 0
__pmc_printStoreAddr(0x49dee3, 1, 4727, 1764)                       = 0
__pmc_printLoadAddr(0x7ffe83b2a200, 8, 4728, 1766)                  = 0
pthread_create(0x497680, 0, 0x45a510, 0)                            = 0
__pmc_printStoreAddr(0x7ffe83b2a1f0, 4, 4730, 1765)                 = 0
pthread_mutex_unlock(0x497650, 0, 0, 0)                             = 0
__pmc_printStoreAddr(0x7ffe83b2a210, 4, 4741, 1774)                 = 0
__pmc_printLoadAddr(0x7ffe83b2a210, 4, 4743, 1775)                  = 0
__pmc_funcEnd(0x484190, 0, 0, 0)                                    = 0
__pmc_dummy_end(0, 129, 1, 0x7fd30f8b8839)                          = 0
getenv("MEMCACHED_SLAB_BULK_CHECK")                                 = nil
pthread_cond_init(0x48b9a0, 0, 0x483b0e, 14)                        = 0
pthread_mutex_init(0x48b960, 0, 0x483b0e, 14)                       = 0
pthread_create(0x48b9d0, 0, 0x41bad5, 0)                            = 0
clock_gettime(1, 0x7ffe83b2a220, 0, 0x7fd2feffd700)                 = 0
event_set(0x48ac40, 0xffffffff, 0, 0x414d1a)                        = 0
event_base_set(0x18f7890, 0x48ac40, 1, 0x7fd30f92420c)              = 0
event_add(0x48ac40, 0x7ffe83b2a210, 1, 0x7fd30f92420c)              = 0
clock_gettime(1, 0x7ffe83b2a220, 0x7fffffff, 0)                     = 0
getenv("MEMCACHED_PORT_FILENAME")                                   = nil
__errno_location()                                                  = 0x7fd30f3372a0
snprintf("1508469", 32, "%d", 1508469)                              = 7
getaddrinfo(nil, "1508469", 0x7ffe83b2a160, 0x7ffe83b2a140)         = 0
socket(2, 1, 6)                                                     = 26
fcntl(26, 3, 0, 0x7fd30f4739cb)                                     = 2
fcntl(26, 4, 2050, 0)                                               = 0
setsockopt(26, 1, 2, 0x7ffe83b2a124)                                = 0
setsockopt(26, 1, 9, 0x7ffe83b2a124)                                = 0
setsockopt(26, 1, 13, 0x7ffe83b2a158)                               = 0
setsockopt(26, 6, 1, 0x7ffe83b2a124)                                = 0
bind(26, 0x1903780, 16, 0x1903780)                                  = 0
listen(26, 1024, 1024, 0x7fd30f47338b)                              = 0
calloc(1, 512)                                                      = 0x1903dc0
malloc(1)                                                           = 0x1903fd0
malloc(2048)                                                        = 0x1903ff0
malloc(1600)                                                        = 0x1904800
malloc(800)                                                         = 0x1904e50
malloc(6400)                                                        = 0x1905180
malloc(560)                                                         = 0x1906a90
pthread_mutex_lock(0x498000, 0, 0x1906a90, 0x1906cc0)               = 0
pthread_mutex_unlock(0x498000, 0, 0, 0)                             = 0
event_set(0x1903de0, 26, 18, 0x413ed4)                              = 0
event_base_set(0x18f7890, 0x1903de0, 0x1903de0, 0x7fd30f92420c)     = 0
event_add(0x1903de0, 0, 18, 0x7fd30f92420c)                         = 0
pthread_mutex_lock(0x498000, 0, 0, 0x7fd30f472d1e)                  = 0
pthread_mutex_unlock(0x498000, 0, 0, 0)                             = 0
socket(10, 1, 6)                                                    = 27
fcntl(27, 3, 0, 0x7fd30f4739cb)                                     = 2
fcntl(27, 4, 2050, 0)                                               = 0
setsockopt(27, 41, 26, 0x7ffe83b2a124)                              = 0
setsockopt(27, 1, 2, 0x7ffe83b2a124)                                = 0
setsockopt(27, 1, 9, 0x7ffe83b2a124)                                = 0
setsockopt(27, 1, 13, 0x7ffe83b2a158)                               = 0
setsockopt(27, 6, 1, 0x7ffe83b2a124)                                = 0
bind(27, 0x1903720, 28, 0x1903720)                                  = 0
listen(27, 1024, 1024, 0x7fd30f47338b)                              = 0
calloc(1, 512)                                                      = 0x1906e00
malloc(1)                                                           = 0x1907010
malloc(2048)                                                        = 0x1907030
malloc(1600)                                                        = 0x1907840
malloc(800)                                                         = 0x1907e90
malloc(6400)                                                        = 0x19081c0
malloc(560)                                                         = 0x1909ad0
pthread_mutex_lock(0x498000, 0, 0x1909ad0, 0x1909d00)               = 0
pthread_mutex_unlock(0x498000, 0, 0, 0)                             = 0
event_set(0x1906e20, 27, 18, 0x413ed4)                              = 0
event_base_set(0x18f7890, 0x1906e20, 0x1906e20, 0x7fd30f92420c)     = 0
event_add(0x1906e20, 0, 18, 0x7fd30f92420c)                         = 0
pthread_mutex_lock(0x498000, 0, 0, 0x7fd30f472d1e)                  = 0
pthread_mutex_unlock(0x498000, 0, 0, 0)                             = 0
freeaddrinfo(0x1903750)                                             = <void>
__errno_location()                                                  = 0x7fd30f3372a0
snprintf("1508469", 32, "%d", 1508469)                              = 7
getaddrinfo(nil, "1508469", 0x7ffe83b2a160, 0x7ffe83b2a140)         = 0
socket(2, 2, 17)                                                    = 28
fcntl(28, 3, 0, 0x7fd30f4739cb)                                     = 2
fcntl(28, 4, 2050, 0)                                               = 0
setsockopt(28, 1, 2, 0x7ffe83b2a124)                                = 0
getsockopt(28, 1, 7, 0x7ffe83b2a0d8)                                = 0
setsockopt(28, 1, 7, 0x7ffe83b2a0d4)                                = 0
setsockopt(28, 1, 7, 0x7ffe83b2a0d4)                                = 0
setsockopt(28, 1, 7, 0x7ffe83b2a0d4)                                = 0
setsockopt(28, 1, 7, 0x7ffe83b2a0d4)                                = 0
setsockopt(28, 1, 7, 0x7ffe83b2a0d4)                                = 0
setsockopt(28, 1, 7, 0x7ffe83b2a0d4)                                = 0
setsockopt(28, 1, 7, 0x7ffe83b2a0d4)                                = 0
setsockopt(28, 1, 7, 0x7ffe83b2a0d4)                                = 0
setsockopt(28, 1, 7, 0x7ffe83b2a0d4)                                = 0
setsockopt(28, 1, 7, 0x7ffe83b2a0d4)                                = 0
setsockopt(28, 1, 7, 0x7ffe83b2a0d4)                                = 0
setsockopt(28, 1, 7, 0x7ffe83b2a0d4)                                = 0
setsockopt(28, 1, 7, 0x7ffe83b2a0d4)                                = 0
setsockopt(28, 1, 7, 0x7ffe83b2a0d4)                                = 0
setsockopt(28, 1, 7, 0x7ffe83b2a0d4)                                = 0
setsockopt(28, 1, 7, 0x7ffe83b2a0d4)                                = 0
setsockopt(28, 1, 7, 0x7ffe83b2a0d4)                                = 0
setsockopt(28, 1, 7, 0x7ffe83b2a0d4)                                = 0
setsockopt(28, 1, 7, 0x7ffe83b2a0d4)                                = 0
setsockopt(28, 1, 7, 0x7ffe83b2a0d4)                                = 0
setsockopt(28, 1, 7, 0x7ffe83b2a0d4)                                = 0
setsockopt(28, 1, 7, 0x7ffe83b2a0d4)                                = 0
setsockopt(28, 1, 7, 0x7ffe83b2a0d4)                                = 0
setsockopt(28, 1, 7, 0x7ffe83b2a0d4)                                = 0
setsockopt(28, 1, 7, 0x7ffe83b2a0d4)                                = 0
setsockopt(28, 1, 7, 0x7ffe83b2a0d4)                                = 0
setsockopt(28, 1, 7, 0x7ffe83b2a0d4)                                = 0
setsockopt(28, 1, 7, 0x7ffe83b2a0d4)                                = 0
bind(28, 0x1903780, 16, 0x1903780)                                  = 0
pthread_mutex_lock(0x498080, 3, 18, 0x10000)                        = 0
pthread_mutex_unlock(0x498080, 3, 0, 0)                             = 0
malloc(2560)                                                        = 0x190a350
pthread_mutex_lock(0x498080, 0, 0x190ad28, 2520)                    = 0
pthread_mutex_unlock(0x498080, 0, 0x190ad28, 0)                     = 0
pthread_mutex_lock(0x1900830, 0x190a350, 0x190a350, 4)              = 0
pthread_mutex_unlock(0x1900830, 0x190a350, 0x190a350, 0)            = 0
write(7, "c", 1)                                                    = 1
dup(28, 0x7ffe83b2a0e7, 1, 0x7fd30f8bf32f)                          = 29
pthread_mutex_lock(0x498080, 3, 18, 0x10000)                        = 0
pthread_mutex_unlock(0x498080, 3, 0, 0)                             = 0
pthread_mutex_lock(0x19010a0, 0x190a378, 0x190a378, 4)              = 0
pthread_mutex_unlock(0x19010a0, 0x190a378, 0x190a378, 0)            = 0
write(12, "c", 1)                                                   = 1
dup(28, 0x7ffe83b2a0e7, 1, 0x7fd30f8bf32f)                          = 30
pthread_mutex_lock(0x498080, 3, 18, 0x10000)                        = 0
pthread_mutex_unlock(0x498080, 3, 0, 0)                             = 0
pthread_mutex_lock(0x1901910, 0x190a3a0, 0x190a3a0, 4)              = 0
pthread_mutex_unlock(0x1901910, 0x190a3a0, 0x190a3a0, 0)            = 0
write(17, "c", 1)                                                   = 1
dup(28, 0x7ffe83b2a0e7, 1, 0x7fd30f8bf32f)                          = 31
pthread_mutex_lock(0x498080, 3, 18, 0x10000)                        = 0
pthread_mutex_unlock(0x498080, 3, 0, 0)                             = 0
pthread_mutex_lock(0x1902180, 0x190a3c8, 0x190a3c8, 4)              = 0
pthread_mutex_unlock(0x1902180, 0x190a3c8, 0x190a3c8, 0)            = 0
write(22, "c", 1)                                                   = 1
socket(10, 2, 17)                                                   = 32
fcntl(32, 3, 0, 0x7fd30f4739cb)                                     = 2
fcntl(32, 4, 2050, 0)                                               = 0
setsockopt(32, 41, 26, 0x7ffe83b2a124)                              = 0
setsockopt(32, 1, 2, 0x7ffe83b2a124)                                = 0
getsockopt(32, 1, 7, 0x7ffe83b2a0d8)                                = 0
setsockopt(32, 1, 7, 0x7ffe83b2a0d4)                                = 0
setsockopt(32, 1, 7, 0x7ffe83b2a0d4)                                = 0
setsockopt(32, 1, 7, 0x7ffe83b2a0d4)                                = 0
setsockopt(32, 1, 7, 0x7ffe83b2a0d4)                                = 0
setsockopt(32, 1, 7, 0x7ffe83b2a0d4)                                = 0
setsockopt(32, 1, 7, 0x7ffe83b2a0d4)                                = 0
setsockopt(32, 1, 7, 0x7ffe83b2a0d4)                                = 0
setsockopt(32, 1, 7, 0x7ffe83b2a0d4)                                = 0
setsockopt(32, 1, 7, 0x7ffe83b2a0d4)                                = 0
setsockopt(32, 1, 7, 0x7ffe83b2a0d4)                                = 0
setsockopt(32, 1, 7, 0x7ffe83b2a0d4)                                = 0
setsockopt(32, 1, 7, 0x7ffe83b2a0d4)                                = 0
setsockopt(32, 1, 7, 0x7ffe83b2a0d4)                                = 0
setsockopt(32, 1, 7, 0x7ffe83b2a0d4)                                = 0
setsockopt(32, 1, 7, 0x7ffe83b2a0d4)                                = 0
setsockopt(32, 1, 7, 0x7ffe83b2a0d4)                                = 0
setsockopt(32, 1, 7, 0x7ffe83b2a0d4)                                = 0
setsockopt(32, 1, 7, 0x7ffe83b2a0d4)                                = 0
setsockopt(32, 1, 7, 0x7ffe83b2a0d4)                                = 0
setsockopt(32, 1, 7, 0x7ffe83b2a0d4)                                = 0
setsockopt(32, 1, 7, 0x7ffe83b2a0d4)                                = 0
setsockopt(32, 1, 7, 0x7ffe83b2a0d4)                                = 0
setsockopt(32, 1, 7, 0x7ffe83b2a0d4)                                = 0
setsockopt(32, 1, 7, 0x7ffe83b2a0d4)                                = 0
setsockopt(32, 1, 7, 0x7ffe83b2a0d4)                                = 0
setsockopt(32, 1, 7, 0x7ffe83b2a0d4)                                = 0
setsockopt(32, 1, 7, 0x7ffe83b2a0d4)                                = 0
setsockopt(32, 1, 7, 0x7ffe83b2a0d4)                                = 0
bind(32, 0x1903720, 28, 0x1903720)                                  = 0
pthread_mutex_lock(0x498080, 3, 18, 0x10000)                        = 0
pthread_mutex_unlock(0x498080, 3, 0, 0)                             = 0
pthread_mutex_lock(0x1900830, 0x190a3c8, 0x190a3c8, 4)              = 0
pthread_mutex_unlock(0x1900830, 0x190a3c8, 0x190a3c8, 0)            = 0
write(7, "c", 1)                                                    = 1
dup(32, 0x7ffe83b2a0e7, 1, 0x7fd30f8bf32f)                          = 33
pthread_mutex_lock(0x498080, 3, 18, 0x10000)                        = 0
pthread_mutex_unlock(0x498080, 3, 0, 0)                             = 0
pthread_mutex_lock(0x19010a0, 0x190a3a0, 0x190a3a0, 4)              = 0
pthread_mutex_unlock(0x19010a0, 0x190a3a0, 0x190a3a0, 0)            = 0
write(12, "c", 1)                                                   = 1
dup(32, 0x7ffe83b2a0e7, 1, 0x7fd30f8bf32f)                          = 34
pthread_mutex_lock(0x498080, 3, 18, 0x10000)                        = 0
pthread_mutex_unlock(0x498080, 3, 0, 0)                             = 0
pthread_mutex_lock(0x1901910, 0x190a378, 0x190a378, 4)              = 0
pthread_mutex_unlock(0x1901910, 0x190a378, 0x190a378, 0)            = 0
write(17, "c", 1)                                                   = 1
dup(32, 0x7ffe83b2a0e7, 1, 0x7fd30f8bf32f)                          = 35
pthread_mutex_lock(0x498080, 3, 18, 0x10000)                        = 0
pthread_mutex_unlock(0x498080, 3, 0, 0)                             = 0
pthread_mutex_lock(0x1902180, 0x190a350, 0x190a350, 4)              = 0
pthread_mutex_unlock(0x1902180, 0x190a350, 0x190a350, 0)            = 0
write(22, "c", 1)                                                   = 1
freeaddrinfo(0x1903750)                                             = <void>
usleep(1000)                                                        = <void>
__ctype_b_loc()                                                     = 0x7fd30f3372b8
snprintf("%00", 4, "%%%02hhX", 0)                                   = 3
__ctype_b_loc()                                                     = 0x7fd30f3372b8
snprintf("%01", 4, "%%%02hhX", 0x1)                                 = 3
__ctype_b_loc()                                                     = 0x7fd30f3372b8
snprintf("%02", 4, "%%%02hhX", 0x2)                                 = 3
__ctype_b_loc()                                                     = 0x7fd30f3372b8
snprintf("%03", 4, "%%%02hhX", 0x3)                                 = 3
__ctype_b_loc()                                                     = 0x7fd30f3372b8
snprintf("%04", 4, "%%%02hhX", 0x4)                                 = 3
__ctype_b_loc()                                                     = 0x7fd30f3372b8
snprintf("%05", 4, "%%%02hhX", 0x5)                                 = 3
__ctype_b_loc()                                                     = 0x7fd30f3372b8
snprintf("%06", 4, "%%%02hhX", 0x6)                                 = 3
__ctype_b_loc()                                                     = 0x7fd30f3372b8
snprintf("%07", 4, "%%%02hhX", 0x7)                                 = 3
__ctype_b_loc()                                                     = 0x7fd30f3372b8
snprintf("%08", 4, "%%%02hhX", 0x8)                                 = 3
__ctype_b_loc()                                                     = 0x7fd30f3372b8
snprintf("%09", 4, "%%%02hhX", 0x9)                                 = 3
__ctype_b_loc()                                                     = 0x7fd30f3372b8
snprintf("%0A", 4, "%%%02hhX", 0xa)                                 = 3
__ctype_b_loc()                                                     = 0x7fd30f3372b8
snprintf("%0B", 4, "%%%02hhX", 0xb)                                 = 3
__ctype_b_loc()                                                     = 0x7fd30f3372b8
snprintf("%0C", 4, "%%%02hhX", 0xc)                                 = 3
__ctype_b_loc()                                                     = 0x7fd30f3372b8
snprintf("%0D", 4, "%%%02hhX", 0xd)                                 = 3
__ctype_b_loc()                                                     = 0x7fd30f3372b8
snprintf("%0E", 4, "%%%02hhX", 0xe)                                 = 3
__ctype_b_loc()                                                     = 0x7fd30f3372b8
snprintf("%0F", 4, "%%%02hhX", 0xf)                                 = 3
__ctype_b_loc()                                                     = 0x7fd30f3372b8
snprintf("%10", 4, "%%%02hhX", 0x10)                                = 3
__ctype_b_loc()                                                     = 0x7fd30f3372b8
snprintf("%11", 4, "%%%02hhX", 0x11)                                = 3
__ctype_b_loc()                                                     = 0x7fd30f3372b8
snprintf("%12", 4, "%%%02hhX", 0x12)                                = 3
__ctype_b_loc()                                                     = 0x7fd30f3372b8
snprintf("%13", 4, "%%%02hhX", 0x13)                                = 3
__ctype_b_loc()                                                     = 0x7fd30f3372b8
snprintf("%14", 4, "%%%02hhX", 0x14)                                = 3
__ctype_b_loc()                                                     = 0x7fd30f3372b8
snprintf("%15", 4, "%%%02hhX", 0x15)                                = 3
__ctype_b_loc()                                                     = 0x7fd30f3372b8
snprintf("%16", 4, "%%%02hhX", 0x16)                                = 3
__ctype_b_loc()                                                     = 0x7fd30f3372b8
snprintf("%17", 4, "%%%02hhX", 0x17)                                = 3
__ctype_b_loc()                                                     = 0x7fd30f3372b8
snprintf("%18", 4, "%%%02hhX", 0x18)                                = 3
__ctype_b_loc()                                                     = 0x7fd30f3372b8
snprintf("%19", 4, "%%%02hhX", 0x19)                                = 3
__ctype_b_loc()                                                     = 0x7fd30f3372b8
snprintf("%1A", 4, "%%%02hhX", 0x1a)                                = 3
__ctype_b_loc()                                                     = 0x7fd30f3372b8
snprintf("%1B", 4, "%%%02hhX", 0x1b)                                = 3
__ctype_b_loc()                                                     = 0x7fd30f3372b8
snprintf("%1C", 4, "%%%02hhX", 0x1c)                                = 3
__ctype_b_loc()                                                     = 0x7fd30f3372b8
snprintf("%1D", 4, "%%%02hhX", 0x1d)                                = 3
__ctype_b_loc()                                                     = 0x7fd30f3372b8
snprintf("%1E", 4, "%%%02hhX", 0x1e)                                = 3
__ctype_b_loc()                                                     = 0x7fd30f3372b8
snprintf("%1F", 4, "%%%02hhX", 0x1f)                                = 3
__ctype_b_loc()                                                     = 0x7fd30f3372b8
snprintf("%20", 4, "%%%02hhX", 0x20)                                = 3
__ctype_b_loc()                                                     = 0x7fd30f3372b8
snprintf("%21", 4, "%%%02hhX", 0x21)                                = 3
__ctype_b_loc()                                                     = 0x7fd30f3372b8
snprintf("%22", 4, "%%%02hhX", 0x22)                                = 3
__ctype_b_loc()                                                     = 0x7fd30f3372b8
snprintf("%23", 4, "%%%02hhX", 0x23)                                = 3
__ctype_b_loc()                                                     = 0x7fd30f3372b8
snprintf("%24", 4, "%%%02hhX", 0x24)                                = 3
__ctype_b_loc()                                                     = 0x7fd30f3372b8
snprintf("%25", 4, "%%%02hhX", 0x25)                                = 3
__ctype_b_loc()                                                     = 0x7fd30f3372b8
snprintf("%26", 4, "%%%02hhX", 0x26)                                = 3
__ctype_b_loc()                                                     = 0x7fd30f3372b8
snprintf("%27", 4, "%%%02hhX", 0x27)                                = 3
__ctype_b_loc()                                                     = 0x7fd30f3372b8
snprintf("%28", 4, "%%%02hhX", 0x28)                                = 3
__ctype_b_loc()                                                     = 0x7fd30f3372b8
snprintf("%29", 4, "%%%02hhX", 0x29)                                = 3
__ctype_b_loc()                                                     = 0x7fd30f3372b8
snprintf("%2A", 4, "%%%02hhX", 0x2a)                                = 3
__ctype_b_loc()                                                     = 0x7fd30f3372b8
snprintf("%2B", 4, "%%%02hhX", 0x2b)                                = 3
__ctype_b_loc()                                                     = 0x7fd30f3372b8
snprintf("%2C", 4, "%%%02hhX", 0x2c)                                = 3
__ctype_b_loc()                                                     = 0x7fd30f3372b8
__ctype_b_loc()                                                     = 0x7fd30f3372b8
__ctype_b_loc()                                                     = 0x7fd30f3372b8
snprintf("%2F", 4, "%%%02hhX", 0x2f)                                = 3
__ctype_b_loc()                                                     = 0x7fd30f3372b8
__ctype_b_loc()                                                     = 0x7fd30f3372b8
__ctype_b_loc()                                                     = 0x7fd30f3372b8
__ctype_b_loc()                                                     = 0x7fd30f3372b8
__ctype_b_loc()                                                     = 0x7fd30f3372b8
__ctype_b_loc()                                                     = 0x7fd30f3372b8
__ctype_b_loc()                                                     = 0x7fd30f3372b8
__ctype_b_loc()                                                     = 0x7fd30f3372b8
__ctype_b_loc()                                                     = 0x7fd30f3372b8
__ctype_b_loc()                                                     = 0x7fd30f3372b8
__ctype_b_loc()                                                     = 0x7fd30f3372b8
snprintf("%3A", 4, "%%%02hhX", 0x3a)                                = 3
__ctype_b_loc()                                                     = 0x7fd30f3372b8
snprintf("%3B", 4, "%%%02hhX", 0x3b)                                = 3
__ctype_b_loc()                                                     = 0x7fd30f3372b8
snprintf("%3C", 4, "%%%02hhX", 0x3c)                                = 3
__ctype_b_loc()                                                     = 0x7fd30f3372b8
snprintf("%3D", 4, "%%%02hhX", 0x3d)                                = 3
__ctype_b_loc()                                                     = 0x7fd30f3372b8
snprintf("%3E", 4, "%%%02hhX", 0x3e)                                = 3
__ctype_b_loc()                                                     = 0x7fd30f3372b8
snprintf("%3F", 4, "%%%02hhX", 0x3f)                                = 3
__ctype_b_loc()                                                     = 0x7fd30f3372b8
snprintf("%40", 4, "%%%02hhX", 0x40)                                = 3
__ctype_b_loc()                                                     = 0x7fd30f3372b8
__ctype_b_loc()                                                     = 0x7fd30f3372b8
__ctype_b_loc()                                                     = 0x7fd30f3372b8
__ctype_b_loc()                                                     = 0x7fd30f3372b8
__ctype_b_loc()                                                     = 0x7fd30f3372b8
__ctype_b_loc()                                                     = 0x7fd30f3372b8
__ctype_b_loc()                                                     = 0x7fd30f3372b8
__ctype_b_loc()                                                     = 0x7fd30f3372b8
__ctype_b_loc()                                                     = 0x7fd30f3372b8
__ctype_b_loc()                                                     = 0x7fd30f3372b8
__ctype_b_loc()                                                     = 0x7fd30f3372b8
__ctype_b_loc()                                                     = 0x7fd30f3372b8
__ctype_b_loc()                                                     = 0x7fd30f3372b8
__ctype_b_loc()                                                     = 0x7fd30f3372b8
__ctype_b_loc()                                                     = 0x7fd30f3372b8
__ctype_b_loc()                                                     = 0x7fd30f3372b8
__ctype_b_loc()                                                     = 0x7fd30f3372b8
__ctype_b_loc()                                                     = 0x7fd30f3372b8
__ctype_b_loc()                                                     = 0x7fd30f3372b8
__ctype_b_loc()                                                     = 0x7fd30f3372b8
__ctype_b_loc()                                                     = 0x7fd30f3372b8
__ctype_b_loc()                                                     = 0x7fd30f3372b8
__ctype_b_loc()                                                     = 0x7fd30f3372b8
__ctype_b_loc()                                                     = 0x7fd30f3372b8
__ctype_b_loc()                                                     = 0x7fd30f3372b8
__ctype_b_loc()                                                     = 0x7fd30f3372b8
__ctype_b_loc()                                                     = 0x7fd30f3372b8
snprintf("%5B", 4, "%%%02hhX", 0x5b)                                = 3
__ctype_b_loc()                                                     = 0x7fd30f3372b8
snprintf("%5C", 4, "%%%02hhX", 0x5c)                                = 3
__ctype_b_loc()                                                     = 0x7fd30f3372b8
snprintf("%5D", 4, "%%%02hhX", 0x5d)                                = 3
__ctype_b_loc()                                                     = 0x7fd30f3372b8
snprintf("%5E", 4, "%%%02hhX", 0x5e)                                = 3
__ctype_b_loc()                                                     = 0x7fd30f3372b8
__ctype_b_loc()                                                     = 0x7fd30f3372b8
snprintf("%60", 4, "%%%02hhX", 0x60)                                = 3
__ctype_b_loc()                                                     = 0x7fd30f3372b8
__ctype_b_loc()                                                     = 0x7fd30f3372b8
__ctype_b_loc()                                                     = 0x7fd30f3372b8
__ctype_b_loc()                                                     = 0x7fd30f3372b8
__ctype_b_loc()                                                     = 0x7fd30f3372b8
__ctype_b_loc()                                                     = 0x7fd30f3372b8
__ctype_b_loc()                                                     = 0x7fd30f3372b8
__ctype_b_loc()                                                     = 0x7fd30f3372b8
__ctype_b_loc()                                                     = 0x7fd30f3372b8
__ctype_b_loc()                                                     = 0x7fd30f3372b8
__ctype_b_loc()                                                     = 0x7fd30f3372b8
__ctype_b_loc()                                                     = 0x7fd30f3372b8
__ctype_b_loc()                                                     = 0x7fd30f3372b8
__ctype_b_loc()                                                     = 0x7fd30f3372b8
__ctype_b_loc()                                                     = 0x7fd30f3372b8
__ctype_b_loc()                                                     = 0x7fd30f3372b8
__ctype_b_loc()                                                     = 0x7fd30f3372b8
__ctype_b_loc()                                                     = 0x7fd30f3372b8
__ctype_b_loc()                                                     = 0x7fd30f3372b8
__ctype_b_loc()                                                     = 0x7fd30f3372b8
__ctype_b_loc()                                                     = 0x7fd30f3372b8
__ctype_b_loc()                                                     = 0x7fd30f3372b8
__ctype_b_loc()                                                     = 0x7fd30f3372b8
__ctype_b_loc()                                                     = 0x7fd30f3372b8
__ctype_b_loc()                                                     = 0x7fd30f3372b8
__ctype_b_loc()                                                     = 0x7fd30f3372b8
__ctype_b_loc()                                                     = 0x7fd30f3372b8
snprintf("%7B", 4, "%%%02hhX", 0x7b)                                = 3
__ctype_b_loc()                                                     = 0x7fd30f3372b8
snprintf("%7C", 4, "%%%02hhX", 0x7c)                                = 3
__ctype_b_loc()                                                     = 0x7fd30f3372b8
snprintf("%7D", 4, "%%%02hhX", 0x7d)                                = 3
__ctype_b_loc()                                                     = 0x7fd30f3372b8
__ctype_b_loc()                                                     = 0x7fd30f3372b8
snprintf("%7F", 4, "%%%02hhX", 0x7f)                                = 3
__ctype_b_loc()                                                     = 0x7fd30f3372b8
snprintf("%80", 4, "%%%02hhX", 0x80)                                = 3
__ctype_b_loc()                                                     = 0x7fd30f3372b8
snprintf("%81", 4, "%%%02hhX", 0x81)                                = 3
__ctype_b_loc()                                                     = 0x7fd30f3372b8
snprintf("%82", 4, "%%%02hhX", 0x82)                                = 3
__ctype_b_loc()                                                     = 0x7fd30f3372b8
snprintf("%83", 4, "%%%02hhX", 0x83)                                = 3
__ctype_b_loc()                                                     = 0x7fd30f3372b8
snprintf("%84", 4, "%%%02hhX", 0x84)                                = 3
__ctype_b_loc()                                                     = 0x7fd30f3372b8
snprintf("%85", 4, "%%%02hhX", 0x85)                                = 3
__ctype_b_loc()                                                     = 0x7fd30f3372b8
snprintf("%86", 4, "%%%02hhX", 0x86)                                = 3
__ctype_b_loc()                                                     = 0x7fd30f3372b8
snprintf("%87", 4, "%%%02hhX", 0x87)                                = 3
__ctype_b_loc()                                                     = 0x7fd30f3372b8
snprintf("%88", 4, "%%%02hhX", 0x88)                                = 3
__ctype_b_loc()                                                     = 0x7fd30f3372b8
snprintf("%89", 4, "%%%02hhX", 0x89)                                = 3
__ctype_b_loc()                                                     = 0x7fd30f3372b8
snprintf("%8A", 4, "%%%02hhX", 0x8a)                                = 3
__ctype_b_loc()                                                     = 0x7fd30f3372b8
snprintf("%8B", 4, "%%%02hhX", 0x8b)                                = 3
__ctype_b_loc()                                                     = 0x7fd30f3372b8
snprintf("%8C", 4, "%%%02hhX", 0x8c)                                = 3
__ctype_b_loc()                                                     = 0x7fd30f3372b8
snprintf("%8D", 4, "%%%02hhX", 0x8d)                                = 3
__ctype_b_loc()                                                     = 0x7fd30f3372b8
snprintf("%8E", 4, "%%%02hhX", 0x8e)                                = 3
__ctype_b_loc()                                                     = 0x7fd30f3372b8
snprintf("%8F", 4, "%%%02hhX", 0x8f)                                = 3
__ctype_b_loc()                                                     = 0x7fd30f3372b8
snprintf("%90", 4, "%%%02hhX", 0x90)                                = 3
__ctype_b_loc()                                                     = 0x7fd30f3372b8
snprintf("%91", 4, "%%%02hhX", 0x91)                                = 3
__ctype_b_loc()                                                     = 0x7fd30f3372b8
snprintf("%92", 4, "%%%02hhX", 0x92)                                = 3
__ctype_b_loc()                                                     = 0x7fd30f3372b8
snprintf("%93", 4, "%%%02hhX", 0x93)                                = 3
__ctype_b_loc()                                                     = 0x7fd30f3372b8
snprintf("%94", 4, "%%%02hhX", 0x94)                                = 3
__ctype_b_loc()                                                     = 0x7fd30f3372b8
snprintf("%95", 4, "%%%02hhX", 0x95)                                = 3
__ctype_b_loc()                                                     = 0x7fd30f3372b8
snprintf("%96", 4, "%%%02hhX", 0x96)                                = 3
__ctype_b_loc()                                                     = 0x7fd30f3372b8
snprintf("%97", 4, "%%%02hhX", 0x97)                                = 3
__ctype_b_loc()                                                     = 0x7fd30f3372b8
snprintf("%98", 4, "%%%02hhX", 0x98)                                = 3
__ctype_b_loc()                                                     = 0x7fd30f3372b8
snprintf("%99", 4, "%%%02hhX", 0x99)                                = 3
__ctype_b_loc()                                                     = 0x7fd30f3372b8
snprintf("%9A", 4, "%%%02hhX", 0x9a)                                = 3
__ctype_b_loc()                                                     = 0x7fd30f3372b8
snprintf("%9B", 4, "%%%02hhX", 0x9b)                                = 3
__ctype_b_loc()                                                     = 0x7fd30f3372b8
snprintf("%9C", 4, "%%%02hhX", 0x9c)                                = 3
__ctype_b_loc()                                                     = 0x7fd30f3372b8
snprintf("%9D", 4, "%%%02hhX", 0x9d)                                = 3
__ctype_b_loc()                                                     = 0x7fd30f3372b8
snprintf("%9E", 4, "%%%02hhX", 0x9e)                                = 3
__ctype_b_loc()                                                     = 0x7fd30f3372b8
snprintf("%9F", 4, "%%%02hhX", 0x9f)                                = 3
__ctype_b_loc()                                                     = 0x7fd30f3372b8
snprintf("%A0", 4, "%%%02hhX", 0xa0)                                = 3
__ctype_b_loc()                                                     = 0x7fd30f3372b8
snprintf("%A1", 4, "%%%02hhX", 0xa1)                                = 3
__ctype_b_loc()                                                     = 0x7fd30f3372b8
snprintf("%A2", 4, "%%%02hhX", 0xa2)                                = 3
__ctype_b_loc()                                                     = 0x7fd30f3372b8
snprintf("%A3", 4, "%%%02hhX", 0xa3)                                = 3
__ctype_b_loc()                                                     = 0x7fd30f3372b8
snprintf("%A4", 4, "%%%02hhX", 0xa4)                                = 3
__ctype_b_loc()                                                     = 0x7fd30f3372b8
snprintf("%A5", 4, "%%%02hhX", 0xa5)                                = 3
__ctype_b_loc()                                                     = 0x7fd30f3372b8
snprintf("%A6", 4, "%%%02hhX", 0xa6)                                = 3
__ctype_b_loc()                                                     = 0x7fd30f3372b8
snprintf("%A7", 4, "%%%02hhX", 0xa7)                                = 3
__ctype_b_loc()                                                     = 0x7fd30f3372b8
snprintf("%A8", 4, "%%%02hhX", 0xa8)                                = 3
__ctype_b_loc()                                                     = 0x7fd30f3372b8
snprintf("%A9", 4, "%%%02hhX", 0xa9)                                = 3
__ctype_b_loc()                                                     = 0x7fd30f3372b8
snprintf("%AA", 4, "%%%02hhX", 0xaa)                                = 3
__ctype_b_loc()                                                     = 0x7fd30f3372b8
snprintf("%AB", 4, "%%%02hhX", 0xab)                                = 3
__ctype_b_loc()                                                     = 0x7fd30f3372b8
snprintf("%AC", 4, "%%%02hhX", 0xac)                                = 3
__ctype_b_loc()                                                     = 0x7fd30f3372b8
snprintf("%AD", 4, "%%%02hhX", 0xad)                                = 3
__ctype_b_loc()                                                     = 0x7fd30f3372b8
snprintf("%AE", 4, "%%%02hhX", 0xae)                                = 3
__ctype_b_loc()                                                     = 0x7fd30f3372b8
snprintf("%AF", 4, "%%%02hhX", 0xaf)                                = 3
__ctype_b_loc()                                                     = 0x7fd30f3372b8
snprintf("%B0", 4, "%%%02hhX", 0xb0)                                = 3
__ctype_b_loc()                                                     = 0x7fd30f3372b8
snprintf("%B1", 4, "%%%02hhX", 0xb1)                                = 3
__ctype_b_loc()                                                     = 0x7fd30f3372b8
snprintf("%B2", 4, "%%%02hhX", 0xb2)                                = 3
__ctype_b_loc()                                                     = 0x7fd30f3372b8
snprintf("%B3", 4, "%%%02hhX", 0xb3)                                = 3
__ctype_b_loc()                                                     = 0x7fd30f3372b8
snprintf("%B4", 4, "%%%02hhX", 0xb4)                                = 3
__ctype_b_loc()                                                     = 0x7fd30f3372b8
snprintf("%B5", 4, "%%%02hhX", 0xb5)                                = 3
__ctype_b_loc()                                                     = 0x7fd30f3372b8
snprintf("%B6", 4, "%%%02hhX", 0xb6)                                = 3
__ctype_b_loc()                                                     = 0x7fd30f3372b8
snprintf("%B7", 4, "%%%02hhX", 0xb7)                                = 3
__ctype_b_loc()                                                     = 0x7fd30f3372b8
snprintf("%B8", 4, "%%%02hhX", 0xb8)                                = 3
__ctype_b_loc()                                                     = 0x7fd30f3372b8
snprintf("%B9", 4, "%%%02hhX", 0xb9)                                = 3
__ctype_b_loc()                                                     = 0x7fd30f3372b8
snprintf("%BA", 4, "%%%02hhX", 0xba)                                = 3
__ctype_b_loc()                                                     = 0x7fd30f3372b8
snprintf("%BB", 4, "%%%02hhX", 0xbb)                                = 3
__ctype_b_loc()                                                     = 0x7fd30f3372b8
snprintf("%BC", 4, "%%%02hhX", 0xbc)                                = 3
__ctype_b_loc()                                                     = 0x7fd30f3372b8
snprintf("%BD", 4, "%%%02hhX", 0xbd)                                = 3
__ctype_b_loc()                                                     = 0x7fd30f3372b8
snprintf("%BE", 4, "%%%02hhX", 0xbe)                                = 3
__ctype_b_loc()                                                     = 0x7fd30f3372b8
snprintf("%BF", 4, "%%%02hhX", 0xbf)                                = 3
__ctype_b_loc()                                                     = 0x7fd30f3372b8
snprintf("%C0", 4, "%%%02hhX", 0xc0)                                = 3
__ctype_b_loc()                                                     = 0x7fd30f3372b8
snprintf("%C1", 4, "%%%02hhX", 0xc1)                                = 3
__ctype_b_loc()                                                     = 0x7fd30f3372b8
snprintf("%C2", 4, "%%%02hhX", 0xc2)                                = 3
__ctype_b_loc()                                                     = 0x7fd30f3372b8
snprintf("%C3", 4, "%%%02hhX", 0xc3)                                = 3
__ctype_b_loc()                                                     = 0x7fd30f3372b8
snprintf("%C4", 4, "%%%02hhX", 0xc4)                                = 3
__ctype_b_loc()                                                     = 0x7fd30f3372b8
snprintf("%C5", 4, "%%%02hhX", 0xc5)                                = 3
__ctype_b_loc()                                                     = 0x7fd30f3372b8
snprintf("%C6", 4, "%%%02hhX", 0xc6)                                = 3
__ctype_b_loc()                                                     = 0x7fd30f3372b8
snprintf("%C7", 4, "%%%02hhX", 0xc7)                                = 3
__ctype_b_loc()                                                     = 0x7fd30f3372b8
snprintf("%C8", 4, "%%%02hhX", 0xc8)                                = 3
__ctype_b_loc()                                                     = 0x7fd30f3372b8
snprintf("%C9", 4, "%%%02hhX", 0xc9)                                = 3
__ctype_b_loc()                                                     = 0x7fd30f3372b8
snprintf("%CA", 4, "%%%02hhX", 0xca)                                = 3
__ctype_b_loc()                                                     = 0x7fd30f3372b8
snprintf("%CB", 4, "%%%02hhX", 0xcb)                                = 3
__ctype_b_loc()                                                     = 0x7fd30f3372b8
snprintf("%CC", 4, "%%%02hhX", 0xcc)                                = 3
__ctype_b_loc()                                                     = 0x7fd30f3372b8
snprintf("%CD", 4, "%%%02hhX", 0xcd)                                = 3
__ctype_b_loc()                                                     = 0x7fd30f3372b8
snprintf("%CE", 4, "%%%02hhX", 0xce)                                = 3
__ctype_b_loc()                                                     = 0x7fd30f3372b8
snprintf("%CF", 4, "%%%02hhX", 0xcf)                                = 3
__ctype_b_loc()                                                     = 0x7fd30f3372b8
snprintf("%D0", 4, "%%%02hhX", 0xd0)                                = 3
__ctype_b_loc()                                                     = 0x7fd30f3372b8
snprintf("%D1", 4, "%%%02hhX", 0xd1)                                = 3
__ctype_b_loc()                                                     = 0x7fd30f3372b8
snprintf("%D2", 4, "%%%02hhX", 0xd2)                                = 3
__ctype_b_loc()                                                     = 0x7fd30f3372b8
snprintf("%D3", 4, "%%%02hhX", 0xd3)                                = 3
__ctype_b_loc()                                                     = 0x7fd30f3372b8
snprintf("%D4", 4, "%%%02hhX", 0xd4)                                = 3
__ctype_b_loc()                                                     = 0x7fd30f3372b8
snprintf("%D5", 4, "%%%02hhX", 0xd5)                                = 3
__ctype_b_loc()                                                     = 0x7fd30f3372b8
snprintf("%D6", 4, "%%%02hhX", 0xd6)                                = 3
__ctype_b_loc()                                                     = 0x7fd30f3372b8
snprintf("%D7", 4, "%%%02hhX", 0xd7)                                = 3
__ctype_b_loc()                                                     = 0x7fd30f3372b8
snprintf("%D8", 4, "%%%02hhX", 0xd8)                                = 3
__ctype_b_loc()                                                     = 0x7fd30f3372b8
snprintf("%D9", 4, "%%%02hhX", 0xd9)                                = 3
__ctype_b_loc()                                                     = 0x7fd30f3372b8
snprintf("%DA", 4, "%%%02hhX", 0xda)                                = 3
__ctype_b_loc()                                                     = 0x7fd30f3372b8
snprintf("%DB", 4, "%%%02hhX", 0xdb)                                = 3
__ctype_b_loc()                                                     = 0x7fd30f3372b8
snprintf("%DC", 4, "%%%02hhX", 0xdc)                                = 3
__ctype_b_loc()                                                     = 0x7fd30f3372b8
snprintf("%DD", 4, "%%%02hhX", 0xdd)                                = 3
__ctype_b_loc()                                                     = 0x7fd30f3372b8
snprintf("%DE", 4, "%%%02hhX", 0xde)                                = 3
__ctype_b_loc()                                                     = 0x7fd30f3372b8
snprintf("%DF", 4, "%%%02hhX", 0xdf)                                = 3
__ctype_b_loc()                                                     = 0x7fd30f3372b8
snprintf("%E0", 4, "%%%02hhX", 0xe0)                                = 3
__ctype_b_loc()                                                     = 0x7fd30f3372b8
snprintf("%E1", 4, "%%%02hhX", 0xe1)                                = 3
__ctype_b_loc()                                                     = 0x7fd30f3372b8
snprintf("%E2", 4, "%%%02hhX", 0xe2)                                = 3
__ctype_b_loc()                                                     = 0x7fd30f3372b8
snprintf("%E3", 4, "%%%02hhX", 0xe3)                                = 3
__ctype_b_loc()                                                     = 0x7fd30f3372b8
snprintf("%E4", 4, "%%%02hhX", 0xe4)                                = 3
__ctype_b_loc()                                                     = 0x7fd30f3372b8
snprintf("%E5", 4, "%%%02hhX", 0xe5)                                = 3
__ctype_b_loc()                                                     = 0x7fd30f3372b8
snprintf("%E6", 4, "%%%02hhX", 0xe6)                                = 3
__ctype_b_loc()                                                     = 0x7fd30f3372b8
snprintf("%E7", 4, "%%%02hhX", 0xe7)                                = 3
__ctype_b_loc()                                                     = 0x7fd30f3372b8
snprintf("%E8", 4, "%%%02hhX", 0xe8)                                = 3
__ctype_b_loc()                                                     = 0x7fd30f3372b8
snprintf("%E9", 4, "%%%02hhX", 0xe9)                                = 3
__ctype_b_loc()                                                     = 0x7fd30f3372b8
snprintf("%EA", 4, "%%%02hhX", 0xea)                                = 3
__ctype_b_loc()                                                     = 0x7fd30f3372b8
snprintf("%EB", 4, "%%%02hhX", 0xeb)                                = 3
__ctype_b_loc()                                                     = 0x7fd30f3372b8
snprintf("%EC", 4, "%%%02hhX", 0xec)                                = 3
__ctype_b_loc()                                                     = 0x7fd30f3372b8
snprintf("%ED", 4, "%%%02hhX", 0xed)                                = 3
__ctype_b_loc()                                                     = 0x7fd30f3372b8
snprintf("%EE", 4, "%%%02hhX", 0xee)                                = 3
__ctype_b_loc()                                                     = 0x7fd30f3372b8
snprintf("%EF", 4, "%%%02hhX", 0xef)                                = 3
__ctype_b_loc()                                                     = 0x7fd30f3372b8
snprintf("%F0", 4, "%%%02hhX", 0xf0)                                = 3
__ctype_b_loc()                                                     = 0x7fd30f3372b8
snprintf("%F1", 4, "%%%02hhX", 0xf1)                                = 3
__ctype_b_loc()                                                     = 0x7fd30f3372b8
snprintf("%F2", 4, "%%%02hhX", 0xf2)                                = 3
__ctype_b_loc()                                                     = 0x7fd30f3372b8
snprintf("%F3", 4, "%%%02hhX", 0xf3)                                = 3
__ctype_b_loc()                                                     = 0x7fd30f3372b8
snprintf("%F4", 4, "%%%02hhX", 0xf4)                                = 3
__ctype_b_loc()                                                     = 0x7fd30f3372b8
snprintf("%F5", 4, "%%%02hhX", 0xf5)                                = 3
__ctype_b_loc()                                                     = 0x7fd30f3372b8
snprintf("%F6", 4, "%%%02hhX", 0xf6)                                = 3
__ctype_b_loc()                                                     = 0x7fd30f3372b8
snprintf("%F7", 4, "%%%02hhX", 0xf7)                                = 3
__ctype_b_loc()                                                     = 0x7fd30f3372b8
snprintf("%F8", 4, "%%%02hhX", 0xf8)                                = 3
__ctype_b_loc()                                                     = 0x7fd30f3372b8
snprintf("%F9", 4, "%%%02hhX", 0xf9)                                = 3
__ctype_b_loc()                                                     = 0x7fd30f3372b8
snprintf("%FA", 4, "%%%02hhX", 0xfa)                                = 3
__ctype_b_loc()                                                     = 0x7fd30f3372b8
snprintf("%FB", 4, "%%%02hhX", 0xfb)                                = 3
__ctype_b_loc()                                                     = 0x7fd30f3372b8
snprintf("%FC", 4, "%%%02hhX", 0xfc)                                = 3
__ctype_b_loc()                                                     = 0x7fd30f3372b8
snprintf("%FD", 4, "%%%02hhX", 0xfd)                                = 3
__ctype_b_loc()                                                     = 0x7fd30f3372b8
snprintf("%FE", 4, "%%%02hhX", 0xfe)                                = 3
__ctype_b_loc()                                                     = 0x7fd30f3372b8
snprintf("%FF", 4, "%%%02hhX", 0xff)                                = 3
event_base_loop(0x18f7890, 0, 0x498980, 2040 <unfinished ...>
event_del(0x48ac40, 1, 0, 0)                                        = 0
event_set(0x48ac40, 0xffffffff, 0, 0x414d1a)                        = 0
event_base_set(0x18f7890, 0x48ac40, 1, 0x7fd30f92420c)              = 0
event_add(0x48ac40, 0x7ffe83b2a100, 1, 0x7fd30f92420c)              = 0
clock_gettime(1, 0x7ffe83b2a110, 0x7fffffff, 0)                     = 0
event_del(0x48ac40, 1, 0, 0)                                        = 0
event_set(0x48ac40, 0xffffffff, 0, 0x414d1a)                        = 0
event_base_set(0x18f7890, 0x48ac40, 1, 0x7fd30f92420c)              = 0
event_add(0x48ac40, 0x7ffe83b2a100, 1, 0x7fd30f92420c)              = 0
clock_gettime(1, 0x7ffe83b2a110, 0x7fffffff, 0)                     = 0
event_del(0x48ac40, 1, 0, 0)                                        = 0
event_set(0x48ac40, 0xffffffff, 0, 0x414d1a)                        = 0
event_base_set(0x18f7890, 0x48ac40, 1, 0x7fd30f92420c)              = 0
event_add(0x48ac40, 0x7ffe83b2a100, 1, 0x7fd30f92420c)              = 0
clock_gettime(1, 0x7ffe83b2a110, 0x7fffffff, 0)                     = 0
event_del(0x48ac40, 1, 0, 0)                                        = 0
event_set(0x48ac40, 0xffffffff, 0, 0x414d1a)                        = 0
event_base_set(0x18f7890, 0x48ac40, 1, 0x7fd30f92420c)              = 0
event_add(0x48ac40, 0x7ffe83b2a100, 1, 0x7fd30f92420c)              = 0
clock_gettime(1, 0x7ffe83b2a110, 0x7fffffff, 0)                     = 0
event_del(0x48ac40, 1, 0, 0)                                        = 0
event_set(0x48ac40, 0xffffffff, 0, 0x414d1a)                        = 0
event_base_set(0x18f7890, 0x48ac40, 1, 0x7fd30f92420c)              = 0
event_add(0x48ac40, 0x7ffe83b2a100, 1, 0x7fd30f92420c)              = 0
clock_gettime(1, 0x7ffe83b2a110, 0x7fffffff, 0)                     = 0
event_del(0x48ac40, 1, 0, 0)                                        = 0
event_set(0x48ac40, 0xffffffff, 0, 0x414d1a)                        = 0
event_base_set(0x18f7890, 0x48ac40, 1, 0x7fd30f92420c)              = 0
event_add(0x48ac40, 0x7ffe83b2a100, 1, 0x7fd30f92420c)              = 0
clock_gettime(1, 0x7ffe83b2a110, 0x7fffffff, 0)                     = 0
event_del(0x48ac40, 1, 0, 0)                                        = 0
event_set(0x48ac40, 0xffffffff, 0, 0x414d1a)                        = 0
event_base_set(0x18f7890, 0x48ac40, 1, 0x7fd30f92420c)              = 0
event_add(0x48ac40, 0x7ffe83b2a100, 1, 0x7fd30f92420c)              = 0
clock_gettime(1, 0x7ffe83b2a110, 0x7fffffff, 0)                     = 0
event_del(0x48ac40, 1, 0, 0)                                        = 0
event_set(0x48ac40, 0xffffffff, 0, 0x414d1a)                        = 0
event_base_set(0x18f7890, 0x48ac40, 1, 0x7fd30f92420c)              = 0
event_add(0x48ac40, 0x7ffe83b2a100, 1, 0x7fd30f92420c)              = 0
clock_gettime(1, 0x7ffe83b2a110, 0x7fffffff, 0)                     = 0
event_del(0x48ac40, 1, 0, 0)                                        = 0
event_set(0x48ac40, 0xffffffff, 0, 0x414d1a)                        = 0
event_base_set(0x18f7890, 0x48ac40, 1, 0x7fd30f92420c)              = 0
event_add(0x48ac40, 0x7ffe83b2a100, 1, 0x7fd30f92420c)              = 0
clock_gettime(1, 0x7ffe83b2a110, 0x7fffffff, 0)                     = 0
event_del(0x48ac40, 1, 0, 0)                                        = 0
event_set(0x48ac40, 0xffffffff, 0, 0x414d1a)                        = 0
event_base_set(0x18f7890, 0x48ac40, 1, 0x7fd30f92420c)              = 0
event_add(0x48ac40, 0x7ffe83b2a100, 1, 0x7fd30f92420c)              = 0
clock_gettime(1, 0x7ffe83b2a110, 0x7fffffff, 0)                     = 0
event_del(0x48ac40, 1, 0, 0)                                        = 0
event_set(0x48ac40, 0xffffffff, 0, 0x414d1a)                        = 0
event_base_set(0x18f7890, 0x48ac40, 1, 0x7fd30f92420c)              = 0
event_add(0x48ac40, 0x7ffe83b2a100, 1, 0x7fd30f92420c)              = 0
clock_gettime(1, 0x7ffe83b2a110, 0x7fffffff, 0)                     = 0
event_del(0x48ac40, 1, 0, 0)                                        = 0
event_set(0x48ac40, 0xffffffff, 0, 0x414d1a)                        = 0
event_base_set(0x18f7890, 0x48ac40, 1, 0x7fd30f92420c)              = 0
event_add(0x48ac40, 0x7ffe83b2a100, 1, 0x7fd30f92420c)              = 0
clock_gettime(1, 0x7ffe83b2a110, 0x7fffffff, 0)                     = 0
event_del(0x48ac40, 1, 0, 0)                                        = 0
event_set(0x48ac40, 0xffffffff, 0, 0x414d1a)                        = 0
event_base_set(0x18f7890, 0x48ac40, 1, 0x7fd30f92420c)              = 0
event_add(0x48ac40, 0x7ffe83b2a100, 1, 0x7fd30f92420c)              = 0
clock_gettime(1, 0x7ffe83b2a110, 0x7fffffff, 0)                     = 0
event_del(0x48ac40, 1, 0, 0)                                        = 0
event_set(0x48ac40, 0xffffffff, 0, 0x414d1a)                        = 0
event_base_set(0x18f7890, 0x48ac40, 1, 0x7fd30f92420c)              = 0
event_add(0x48ac40, 0x7ffe83b2a100, 1, 0x7fd30f92420c)              = 0
clock_gettime(1, 0x7ffe83b2a110, 0x7fffffff, 0)                     = 0
event_del(0x48ac40, 1, 0, 0)                                        = 0
event_set(0x48ac40, 0xffffffff, 0, 0x414d1a)                        = 0
event_base_set(0x18f7890, 0x48ac40, 1, 0x7fd30f92420c)              = 0
event_add(0x48ac40, 0x7ffe83b2a100, 1, 0x7fd30f92420c)              = 0
clock_gettime(1, 0x7ffe83b2a110, 0x7fffffff, 0)                     = 0
event_del(0x48ac40, 1, 0, 0)                                        = 0
event_set(0x48ac40, 0xffffffff, 0, 0x414d1a)                        = 0
event_base_set(0x18f7890, 0x48ac40, 1, 0x7fd30f92420c)              = 0
event_add(0x48ac40, 0x7ffe83b2a100, 1, 0x7fd30f92420c)              = 0
clock_gettime(1, 0x7ffe83b2a110, 0x7fffffff, 0)                     = 0
event_del(0x48ac40, 1, 0, 0)                                        = 0
event_set(0x48ac40, 0xffffffff, 0, 0x414d1a)                        = 0
event_base_set(0x18f7890, 0x48ac40, 1, 0x7fd30f92420c)              = 0
event_add(0x48ac40, 0x7ffe83b2a100, 1, 0x7fd30f92420c)              = 0
clock_gettime(1, 0x7ffe83b2a110, 0x7fffffff, 0)                     = 0
event_del(0x48ac40, 1, 0, 0)                                        = 0
event_set(0x48ac40, 0xffffffff, 0, 0x414d1a)                        = 0
event_base_set(0x18f7890, 0x48ac40, 1, 0x7fd30f92420c)              = 0
event_add(0x48ac40, 0x7ffe83b2a100, 1, 0x7fd30f92420c)              = 0
clock_gettime(1, 0x7ffe83b2a110, 0x7fffffff, 0)                     = 0
event_del(0x48ac40, 1, 0, 0)                                        = 0
event_set(0x48ac40, 0xffffffff, 0, 0x414d1a)                        = 0
event_base_set(0x18f7890, 0x48ac40, 1, 0x7fd30f92420c)              = 0
event_add(0x48ac40, 0x7ffe83b2a100, 1, 0x7fd30f92420c)              = 0
clock_gettime(1, 0x7ffe83b2a110, 0x7fffffff, 0)                     = 0
event_del(0x48ac40, 1, 0, 0)                                        = 0
event_set(0x48ac40, 0xffffffff, 0, 0x414d1a)                        = 0
event_base_set(0x18f7890, 0x48ac40, 1, 0x7fd30f92420c)              = 0
event_add(0x48ac40, 0x7ffe83b2a100, 1, 0x7fd30f92420c)              = 0
clock_gettime(1, 0x7ffe83b2a110, 0x7fffffff, 0)                     = 0
event_del(0x48ac40, 1, 0, 0)                                        = 0
event_set(0x48ac40, 0xffffffff, 0, 0x414d1a)                        = 0
event_base_set(0x18f7890, 0x48ac40, 1, 0x7fd30f92420c)              = 0
event_add(0x48ac40, 0x7ffe83b2a100, 1, 0x7fd30f92420c)              = 0
clock_gettime(1, 0x7ffe83b2a110, 0x7fffffff, 0)                     = 0
event_del(0x48ac40, 1, 0, 0)                                        = 0
event_set(0x48ac40, 0xffffffff, 0, 0x414d1a)                        = 0
event_base_set(0x18f7890, 0x48ac40, 1, 0x7fd30f92420c)              = 0
event_add(0x48ac40, 0x7ffe83b2a100, 1, 0x7fd30f92420c)              = 0
clock_gettime(1, 0x7ffe83b2a110, 0x7fffffff, 0)                     = 0
event_del(0x48ac40, 1, 0, 0)                                        = 0
event_set(0x48ac40, 0xffffffff, 0, 0x414d1a)                        = 0
event_base_set(0x18f7890, 0x48ac40, 1, 0x7fd30f92420c)              = 0
event_add(0x48ac40, 0x7ffe83b2a100, 1, 0x7fd30f92420c)              = 0
clock_gettime(1, 0x7ffe83b2a110, 0x7fffffff, 0)                     = 0
event_del(0x48ac40, 1, 0, 0)                                        = 0
event_set(0x48ac40, 0xffffffff, 0, 0x414d1a)                        = 0
event_base_set(0x18f7890, 0x48ac40, 1, 0x7fd30f92420c)              = 0
event_add(0x48ac40, 0x7ffe83b2a100, 1, 0x7fd30f92420c)              = 0
clock_gettime(1, 0x7ffe83b2a110, 0x7fffffff, 0)                     = 0
event_del(0x48ac40, 1, 0, 0)                                        = 0
event_set(0x48ac40, 0xffffffff, 0, 0x414d1a)                        = 0
event_base_set(0x18f7890, 0x48ac40, 1, 0x7fd30f92420c)              = 0
event_add(0x48ac40, 0x7ffe83b2a100, 1, 0x7fd30f92420c)              = 0
clock_gettime(1, 0x7ffe83b2a110, 0x7fffffff, 0)                     = 0
event_del(0x48ac40, 1, 0, 0)                                        = 0
event_set(0x48ac40, 0xffffffff, 0, 0x414d1a)                        = 0
event_base_set(0x18f7890, 0x48ac40, 1, 0x7fd30f92420c)              = 0
event_add(0x48ac40, 0x7ffe83b2a100, 1, 0x7fd30f92420c)              = 0
clock_gettime(1, 0x7ffe83b2a110, 0x7fffffff, 0)                     = 0
event_del(0x48ac40, 1, 0, 0)                                        = 0
event_set(0x48ac40, 0xffffffff, 0, 0x414d1a)                        = 0
event_base_set(0x18f7890, 0x48ac40, 1, 0x7fd30f92420c)              = 0
event_add(0x48ac40, 0x7ffe83b2a100, 1, 0x7fd30f92420c)              = 0
clock_gettime(1, 0x7ffe83b2a110, 0x7fffffff, 0)                     = 0
event_del(0x48ac40, 1, 0, 0)                                        = 0
event_set(0x48ac40, 0xffffffff, 0, 0x414d1a)                        = 0
event_base_set(0x18f7890, 0x48ac40, 1, 0x7fd30f92420c)              = 0
event_add(0x48ac40, 0x7ffe83b2a100, 1, 0x7fd30f92420c)              = 0
clock_gettime(1, 0x7ffe83b2a110, 0x7fffffff, 0)                     = 0
event_del(0x48ac40, 1, 0, 0)                                        = 0
event_set(0x48ac40, 0xffffffff, 0, 0x414d1a)                        = 0
event_base_set(0x18f7890, 0x48ac40, 1, 0x7fd30f92420c)              = 0
event_add(0x48ac40, 0x7ffe83b2a100, 1, 0x7fd30f92420c)              = 0
clock_gettime(1, 0x7ffe83b2a110, 0x7fffffff, 0)                     = 0
event_del(0x48ac40, 1, 0, 0)                                        = 0
event_set(0x48ac40, 0xffffffff, 0, 0x414d1a)                        = 0
event_base_set(0x18f7890, 0x48ac40, 1, 0x7fd30f92420c)              = 0
event_add(0x48ac40, 0x7ffe83b2a100, 1, 0x7fd30f92420c)              = 0
clock_gettime(1, 0x7ffe83b2a110, 0x7fffffff, 0)                     = 0
event_del(0x48ac40, 1, 0, 0)                                        = 0
event_set(0x48ac40, 0xffffffff, 0, 0x414d1a)                        = 0
event_base_set(0x18f7890, 0x48ac40, 1, 0x7fd30f92420c)              = 0
event_add(0x48ac40, 0x7ffe83b2a100, 1, 0x7fd30f92420c)              = 0
clock_gettime(1, 0x7ffe83b2a110, 0x7fffffff, 0)                     = 0
event_del(0x48ac40, 1, 0, 0)                                        = 0
event_set(0x48ac40, 0xffffffff, 0, 0x414d1a)                        = 0
event_base_set(0x18f7890, 0x48ac40, 1, 0x7fd30f92420c)              = 0
event_add(0x48ac40, 0x7ffe83b2a100, 1, 0x7fd30f92420c)              = 0
clock_gettime(1, 0x7ffe83b2a110, 0x7fffffff, 0)                     = 0
event_del(0x48ac40, 1, 0, 0)                                        = 0
event_set(0x48ac40, 0xffffffff, 0, 0x414d1a)                        = 0
event_base_set(0x18f7890, 0x48ac40, 1, 0x7fd30f92420c)              = 0
event_add(0x48ac40, 0x7ffe83b2a100, 1, 0x7fd30f92420c)              = 0
clock_gettime(1, 0x7ffe83b2a110, 0x7fffffff, 0)                     = 0
event_del(0x48ac40, 1, 0, 0)                                        = 0
event_set(0x48ac40, 0xffffffff, 0, 0x414d1a)                        = 0
event_base_set(0x18f7890, 0x48ac40, 1, 0x7fd30f92420c)              = 0
event_add(0x48ac40, 0x7ffe83b2a100, 1, 0x7fd30f92420c)              = 0
clock_gettime(1, 0x7ffe83b2a110, 0x7fffffff, 0)                     = 0
event_del(0x48ac40, 1, 0, 0)                                        = 0
event_set(0x48ac40, 0xffffffff, 0, 0x414d1a)                        = 0
event_base_set(0x18f7890, 0x48ac40, 1, 0x7fd30f92420c)              = 0
event_add(0x48ac40, 0x7ffe83b2a100, 1, 0x7fd30f92420c)              = 0
clock_gettime(1, 0x7ffe83b2a110, 0x7fffffff, 0)                     = 0
event_del(0x48ac40, 1, 0, 0)                                        = 0
event_set(0x48ac40, 0xffffffff, 0, 0x414d1a)                        = 0
event_base_set(0x18f7890, 0x48ac40, 1, 0x7fd30f92420c)              = 0
event_add(0x48ac40, 0x7ffe83b2a100, 1, 0x7fd30f92420c)              = 0
clock_gettime(1, 0x7ffe83b2a110, 0x7fffffff, 0)                     = 0
event_del(0x48ac40, 1, 0, 0)                                        = 0
event_set(0x48ac40, 0xffffffff, 0, 0x414d1a)                        = 0
event_base_set(0x18f7890, 0x48ac40, 1, 0x7fd30f92420c)              = 0
event_add(0x48ac40, 0x7ffe83b2a100, 1, 0x7fd30f92420c)              = 0
clock_gettime(1, 0x7ffe83b2a110, 0x7fffffff, 0)                     = 0
event_del(0x48ac40, 1, 0, 0)                                        = 0
event_set(0x48ac40, 0xffffffff, 0, 0x414d1a)                        = 0
event_base_set(0x18f7890, 0x48ac40, 1, 0x7fd30f92420c)              = 0
event_add(0x48ac40, 0x7ffe83b2a100, 1, 0x7fd30f92420c)              = 0
clock_gettime(1, 0x7ffe83b2a110, 0x7fffffff, 0)                     = 0
event_del(0x48ac40, 1, 0, 0)                                        = 0
event_set(0x48ac40, 0xffffffff, 0, 0x414d1a)                        = 0
event_base_set(0x18f7890, 0x48ac40, 1, 0x7fd30f92420c)              = 0
event_add(0x48ac40, 0x7ffe83b2a100, 1, 0x7fd30f92420c)              = 0
clock_gettime(1, 0x7ffe83b2a110, 0x7fffffff, 0)                     = 0
event_del(0x48ac40, 1, 0, 0)                                        = 0
event_set(0x48ac40, 0xffffffff, 0, 0x414d1a)                        = 0
event_base_set(0x18f7890, 0x48ac40, 1, 0x7fd30f92420c)              = 0
event_add(0x48ac40, 0x7ffe83b2a100, 1, 0x7fd30f92420c)              = 0
clock_gettime(1, 0x7ffe83b2a110, 0x7fffffff, 0)                     = 0
event_del(0x48ac40, 1, 0, 0)                                        = 0
event_set(0x48ac40, 0xffffffff, 0, 0x414d1a)                        = 0
event_base_set(0x18f7890, 0x48ac40, 1, 0x7fd30f92420c)              = 0
event_add(0x48ac40, 0x7ffe83b2a100, 1, 0x7fd30f92420c)              = 0
clock_gettime(1, 0x7ffe83b2a110, 0x7fffffff, 0)                     = 0
event_del(0x48ac40, 1, 0, 0)                                        = 0
event_set(0x48ac40, 0xffffffff, 0, 0x414d1a)                        = 0
event_base_set(0x18f7890, 0x48ac40, 1, 0x7fd30f92420c)              = 0
event_add(0x48ac40, 0x7ffe83b2a100, 1, 0x7fd30f92420c)              = 0
clock_gettime(1, 0x7ffe83b2a110, 0x7fffffff, 0)                     = 0
event_del(0x48ac40, 1, 0, 0)                                        = 0
event_set(0x48ac40, 0xffffffff, 0, 0x414d1a)                        = 0
event_base_set(0x18f7890, 0x48ac40, 1, 0x7fd30f92420c)              = 0
event_add(0x48ac40, 0x7ffe83b2a100, 1, 0x7fd30f92420c)              = 0
clock_gettime(1, 0x7ffe83b2a110, 0x7fffffff, 0)                     = 0
event_del(0x48ac40, 1, 0, 0)                                        = 0
event_set(0x48ac40, 0xffffffff, 0, 0x414d1a)                        = 0
event_base_set(0x18f7890, 0x48ac40, 1, 0x7fd30f92420c)              = 0
event_add(0x48ac40, 0x7ffe83b2a100, 1, 0x7fd30f92420c)              = 0
clock_gettime(1, 0x7ffe83b2a110, 0x7fffffff, 0)                     = 0
event_del(0x48ac40, 1, 0, 0)                                        = 0
event_set(0x48ac40, 0xffffffff, 0, 0x414d1a)                        = 0
event_base_set(0x18f7890, 0x48ac40, 1, 0x7fd30f92420c)              = 0
event_add(0x48ac40, 0x7ffe83b2a100, 1, 0x7fd30f92420c)              = 0
clock_gettime(1, 0x7ffe83b2a110, 0x7fffffff, 0)                     = 0
event_del(0x48ac40, 1, 0, 0)                                        = 0
event_set(0x48ac40, 0xffffffff, 0, 0x414d1a)                        = 0
event_base_set(0x18f7890, 0x48ac40, 1, 0x7fd30f92420c)              = 0
event_add(0x48ac40, 0x7ffe83b2a100, 1, 0x7fd30f92420c)              = 0
clock_gettime(1, 0x7ffe83b2a110, 0x7fffffff, 0)                     = 0
event_del(0x48ac40, 1, 0, 0)                                        = 0
event_set(0x48ac40, 0xffffffff, 0, 0x414d1a)                        = 0
event_base_set(0x18f7890, 0x48ac40, 1, 0x7fd30f92420c)              = 0
event_add(0x48ac40, 0x7ffe83b2a100, 1, 0x7fd30f92420c)              = 0
clock_gettime(1, 0x7ffe83b2a110, 0x7fffffff, 0)                     = 0
event_del(0x48ac40, 1, 0, 0)                                        = 0
event_set(0x48ac40, 0xffffffff, 0, 0x414d1a)                        = 0
event_base_set(0x18f7890, 0x48ac40, 1, 0x7fd30f92420c)              = 0
event_add(0x48ac40, 0x7ffe83b2a100, 1, 0x7fd30f92420c)              = 0
clock_gettime(1, 0x7ffe83b2a110, 0x7fffffff, 0)                     = 0
event_del(0x48ac40, 1, 0, 0)                                        = 0
event_set(0x48ac40, 0xffffffff, 0, 0x414d1a)                        = 0
event_base_set(0x18f7890, 0x48ac40, 1, 0x7fd30f92420c)              = 0
event_add(0x48ac40, 0x7ffe83b2a100, 1, 0x7fd30f92420c)              = 0
clock_gettime(1, 0x7ffe83b2a110, 0x7fffffff, 0)                     = 0
event_del(0x48ac40, 1, 0, 0)                                        = 0
event_set(0x48ac40, 0xffffffff, 0, 0x414d1a)                        = 0
event_base_set(0x18f7890, 0x48ac40, 1, 0x7fd30f92420c)              = 0
event_add(0x48ac40, 0x7ffe83b2a100, 1, 0x7fd30f92420c)              = 0
clock_gettime(1, 0x7ffe83b2a110, 0x7fffffff, 0)                     = 0
event_del(0x48ac40, 1, 0, 0)                                        = 0
event_set(0x48ac40, 0xffffffff, 0, 0x414d1a)                        = 0
event_base_set(0x18f7890, 0x48ac40, 1, 0x7fd30f92420c)              = 0
event_add(0x48ac40, 0x7ffe83b2a100, 1, 0x7fd30f92420c)              = 0
clock_gettime(1, 0x7ffe83b2a110, 0x7fffffff, 0)                     = 0
event_del(0x48ac40, 1, 0, 0)                                        = 0
event_set(0x48ac40, 0xffffffff, 0, 0x414d1a)                        = 0
event_base_set(0x18f7890, 0x48ac40, 1, 0x7fd30f92420c)              = 0
event_add(0x48ac40, 0x7ffe83b2a100, 1, 0x7fd30f92420c)              = 0
clock_gettime(1, 0x7ffe83b2a110, 0x7fffffff, 0)                     = 0
event_del(0x48ac40, 1, 0, 0)                                        = 0
event_set(0x48ac40, 0xffffffff, 0, 0x414d1a)                        = 0
event_base_set(0x18f7890, 0x48ac40, 1, 0x7fd30f92420c)              = 0
event_add(0x48ac40, 0x7ffe83b2a100, 1, 0x7fd30f92420c)              = 0
clock_gettime(1, 0x7ffe83b2a110, 0x7fffffff, 0)                     = 0
event_del(0x48ac40, 1, 0, 0)                                        = 0
event_set(0x48ac40, 0xffffffff, 0, 0x414d1a)                        = 0
event_base_set(0x18f7890, 0x48ac40, 1, 0x7fd30f92420c)              = 0
event_add(0x48ac40, 0x7ffe83b2a100, 1, 0x7fd30f92420c)              = 0
clock_gettime(1, 0x7ffe83b2a110, 0x7fffffff, 0)                     = 0
event_del(0x48ac40, 1, 0, 0)                                        = 0
event_set(0x48ac40, 0xffffffff, 0, 0x414d1a)                        = 0
event_base_set(0x18f7890, 0x48ac40, 1, 0x7fd30f92420c)              = 0
event_add(0x48ac40, 0x7ffe83b2a100, 1, 0x7fd30f92420c)              = 0
clock_gettime(1, 0x7ffe83b2a110, 0x7fffffff, 0)                     = 0
event_del(0x48ac40, 1, 0, 0)                                        = 0
event_set(0x48ac40, 0xffffffff, 0, 0x414d1a)                        = 0
event_base_set(0x18f7890, 0x48ac40, 1, 0x7fd30f92420c)              = 0
event_add(0x48ac40, 0x7ffe83b2a100, 1, 0x7fd30f92420c)              = 0
clock_gettime(1, 0x7ffe83b2a110, 0x7fffffff, 0)                     = 0
event_del(0x48ac40, 1, 0, 0)                                        = 0
event_set(0x48ac40, 0xffffffff, 0, 0x414d1a)                        = 0
event_base_set(0x18f7890, 0x48ac40, 1, 0x7fd30f92420c)              = 0
event_add(0x48ac40, 0x7ffe83b2a100, 1, 0x7fd30f92420c)              = 0
clock_gettime(1, 0x7ffe83b2a110, 0x7fffffff, 0)                     = 0
event_del(0x48ac40, 1, 0, 0)                                        = 0
event_set(0x48ac40, 0xffffffff, 0, 0x414d1a)                        = 0
event_base_set(0x18f7890, 0x48ac40, 1, 0x7fd30f92420c)              = 0
event_add(0x48ac40, 0x7ffe83b2a100, 1, 0x7fd30f92420c)              = 0
clock_gettime(1, 0x7ffe83b2a110, 0x7fffffff, 0)                     = 0
event_del(0x48ac40, 1, 0, 0)                                        = 0
event_set(0x48ac40, 0xffffffff, 0, 0x414d1a)                        = 0
event_base_set(0x18f7890, 0x48ac40, 1, 0x7fd30f92420c)              = 0
event_add(0x48ac40, 0x7ffe83b2a100, 1, 0x7fd30f92420c)              = 0
clock_gettime(1, 0x7ffe83b2a110, 0x7fffffff, 0)                     = 0
event_del(0x48ac40, 1, 0, 0)                                        = 0
event_set(0x48ac40, 0xffffffff, 0, 0x414d1a)                        = 0
event_base_set(0x18f7890, 0x48ac40, 1, 0x7fd30f92420c)              = 0
event_add(0x48ac40, 0x7ffe83b2a100, 1, 0x7fd30f92420c)              = 0
clock_gettime(1, 0x7ffe83b2a110, 0x7fffffff, 0)                     = 0
event_del(0x48ac40, 1, 0, 0)                                        = 0
event_set(0x48ac40, 0xffffffff, 0, 0x414d1a)                        = 0
event_base_set(0x18f7890, 0x48ac40, 1, 0x7fd30f92420c)              = 0
event_add(0x48ac40, 0x7ffe83b2a100, 1, 0x7fd30f92420c)              = 0
clock_gettime(1, 0x7ffe83b2a110, 0x7fffffff, 0)                     = 0
event_del(0x48ac40, 1, 0, 0)                                        = 0
event_set(0x48ac40, 0xffffffff, 0, 0x414d1a)                        = 0
event_base_set(0x18f7890, 0x48ac40, 1, 0x7fd30f92420c)              = 0
event_add(0x48ac40, 0x7ffe83b2a100, 1, 0x7fd30f92420c)              = 0
clock_gettime(1, 0x7ffe83b2a110, 0x7fffffff, 0)                     = 0
event_del(0x48ac40, 1, 0, 0)                                        = 0
event_set(0x48ac40, 0xffffffff, 0, 0x414d1a)                        = 0
event_base_set(0x18f7890, 0x48ac40, 1, 0x7fd30f92420c)              = 0
event_add(0x48ac40, 0x7ffe83b2a100, 1, 0x7fd30f92420c)              = 0
clock_gettime(1, 0x7ffe83b2a110, 0x7fffffff, 0)                     = 0
event_del(0x48ac40, 1, 0, 0)                                        = 0
event_set(0x48ac40, 0xffffffff, 0, 0x414d1a)                        = 0
event_base_set(0x18f7890, 0x48ac40, 1, 0x7fd30f92420c)              = 0
event_add(0x48ac40, 0x7ffe83b2a100, 1, 0x7fd30f92420c)              = 0
clock_gettime(1, 0x7ffe83b2a110, 0x7fffffff, 0)                     = 0
event_del(0x48ac40, 1, 0, 0)                                        = 0
event_set(0x48ac40, 0xffffffff, 0, 0x414d1a)                        = 0
event_base_set(0x18f7890, 0x48ac40, 1, 0x7fd30f92420c)              = 0
event_add(0x48ac40, 0x7ffe83b2a100, 1, 0x7fd30f92420c)              = 0
clock_gettime(1, 0x7ffe83b2a110, 0x7fffffff, 0)                     = 0
event_del(0x48ac40, 1, 0, 0)                                        = 0
event_set(0x48ac40, 0xffffffff, 0, 0x414d1a)                        = 0
event_base_set(0x18f7890, 0x48ac40, 1, 0x7fd30f92420c)              = 0
event_add(0x48ac40, 0x7ffe83b2a100, 1, 0x7fd30f92420c)              = 0
clock_gettime(1, 0x7ffe83b2a110, 0x7fffffff, 0)                     = 0
event_del(0x48ac40, 1, 0, 0)                                        = 0
event_set(0x48ac40, 0xffffffff, 0, 0x414d1a)                        = 0
event_base_set(0x18f7890, 0x48ac40, 1, 0x7fd30f92420c)              = 0
event_add(0x48ac40, 0x7ffe83b2a100, 1, 0x7fd30f92420c)              = 0
clock_gettime(1, 0x7ffe83b2a110, 0x7fffffff, 0)                     = 0
event_del(0x48ac40, 1, 0, 0)                                        = 0
event_set(0x48ac40, 0xffffffff, 0, 0x414d1a)                        = 0
event_base_set(0x18f7890, 0x48ac40, 1, 0x7fd30f92420c)              = 0
event_add(0x48ac40, 0x7ffe83b2a100, 1, 0x7fd30f92420c)              = 0
clock_gettime(1, 0x7ffe83b2a110, 0x7fffffff, 0)                     = 0
event_del(0x48ac40, 1, 0, 0)                                        = 0
event_set(0x48ac40, 0xffffffff, 0, 0x414d1a)                        = 0
event_base_set(0x18f7890, 0x48ac40, 1, 0x7fd30f92420c)              = 0
event_add(0x48ac40, 0x7ffe83b2a100, 1, 0x7fd30f92420c)              = 0
clock_gettime(1, 0x7ffe83b2a110, 0x7fffffff, 0)                     = 0
event_del(0x48ac40, 1, 0, 0)                                        = 0
event_set(0x48ac40, 0xffffffff, 0, 0x414d1a)                        = 0
event_base_set(0x18f7890, 0x48ac40, 1, 0x7fd30f92420c)              = 0
event_add(0x48ac40, 0x7ffe83b2a100, 1, 0x7fd30f92420c)              = 0
clock_gettime(1, 0x7ffe83b2a110, 0x7fffffff, 0)                     = 0
event_del(0x48ac40, 1, 0, 0)                                        = 0
event_set(0x48ac40, 0xffffffff, 0, 0x414d1a)                        = 0
event_base_set(0x18f7890, 0x48ac40, 1, 0x7fd30f92420c)              = 0
event_add(0x48ac40, 0x7ffe83b2a100, 1, 0x7fd30f92420c)              = 0
clock_gettime(1, 0x7ffe83b2a110, 0x7fffffff, 0)                     = 0
event_del(0x48ac40, 1, 0, 0)                                        = 0
event_set(0x48ac40, 0xffffffff, 0, 0x414d1a)                        = 0
event_base_set(0x18f7890, 0x48ac40, 1, 0x7fd30f92420c)              = 0
event_add(0x48ac40, 0x7ffe83b2a100, 1, 0x7fd30f92420c)              = 0
clock_gettime(1, 0x7ffe83b2a110, 0x7fffffff, 0)                     = 0
event_del(0x48ac40, 1, 0, 0)                                        = 0
event_set(0x48ac40, 0xffffffff, 0, 0x414d1a)                        = 0
event_base_set(0x18f7890, 0x48ac40, 1, 0x7fd30f92420c)              = 0
event_add(0x48ac40, 0x7ffe83b2a100, 1, 0x7fd30f92420c)              = 0
clock_gettime(1, 0x7ffe83b2a110, 0x7fffffff, 0)                     = 0
event_del(0x48ac40, 1, 0, 0)                                        = 0
event_set(0x48ac40, 0xffffffff, 0, 0x414d1a)                        = 0
event_base_set(0x18f7890, 0x48ac40, 1, 0x7fd30f92420c)              = 0
event_add(0x48ac40, 0x7ffe83b2a100, 1, 0x7fd30f92420c)              = 0
clock_gettime(1, 0x7ffe83b2a110, 0x7fffffff, 0)                     = 0
event_del(0x48ac40, 1, 0, 0)                                        = 0
event_set(0x48ac40, 0xffffffff, 0, 0x414d1a)                        = 0
event_base_set(0x18f7890, 0x48ac40, 1, 0x7fd30f92420c)              = 0
event_add(0x48ac40, 0x7ffe83b2a100, 1, 0x7fd30f92420c)              = 0
clock_gettime(1, 0x7ffe83b2a110, 0x7fffffff, 0)                     = 0
event_del(0x48ac40, 1, 0, 0)                                        = 0
event_set(0x48ac40, 0xffffffff, 0, 0x414d1a)                        = 0
event_base_set(0x18f7890, 0x48ac40, 1, 0x7fd30f92420c)              = 0
event_add(0x48ac40, 0x7ffe83b2a100, 1, 0x7fd30f92420c)              = 0
clock_gettime(1, 0x7ffe83b2a110, 0x7fffffff, 0)                     = 0
event_del(0x48ac40, 1, 0, 0)                                        = 0
event_set(0x48ac40, 0xffffffff, 0, 0x414d1a)                        = 0
event_base_set(0x18f7890, 0x48ac40, 1, 0x7fd30f92420c)              = 0
event_add(0x48ac40, 0x7ffe83b2a100, 1, 0x7fd30f92420c)              = 0
clock_gettime(1, 0x7ffe83b2a110, 0x7fffffff, 0)                     = 0
event_del(0x48ac40, 1, 0, 0)                                        = 0
event_set(0x48ac40, 0xffffffff, 0, 0x414d1a)                        = 0
event_base_set(0x18f7890, 0x48ac40, 1, 0x7fd30f92420c)              = 0
event_add(0x48ac40, 0x7ffe83b2a100, 1, 0x7fd30f92420c)              = 0
clock_gettime(1, 0x7ffe83b2a110, 0x7fffffff, 0)                     = 0
event_del(0x48ac40, 1, 0, 0)                                        = 0
event_set(0x48ac40, 0xffffffff, 0, 0x414d1a)                        = 0
event_base_set(0x18f7890, 0x48ac40, 1, 0x7fd30f92420c)              = 0
event_add(0x48ac40, 0x7ffe83b2a100, 1, 0x7fd30f92420c)              = 0
clock_gettime(1, 0x7ffe83b2a110, 0x7fffffff, 0)                     = 0
event_del(0x48ac40, 1, 0, 0)                                        = 0
event_set(0x48ac40, 0xffffffff, 0, 0x414d1a)                        = 0
event_base_set(0x18f7890, 0x48ac40, 1, 0x7fd30f92420c)              = 0
event_add(0x48ac40, 0x7ffe83b2a100, 1, 0x7fd30f92420c)              = 0
clock_gettime(1, 0x7ffe83b2a110, 0x7fffffff, 0)                     = 0
event_del(0x48ac40, 1, 0, 0)                                        = 0
event_set(0x48ac40, 0xffffffff, 0, 0x414d1a)                        = 0
event_base_set(0x18f7890, 0x48ac40, 1, 0x7fd30f92420c)              = 0
event_add(0x48ac40, 0x7ffe83b2a100, 1, 0x7fd30f92420c)              = 0
clock_gettime(1, 0x7ffe83b2a110, 0x7fffffff, 0)                     = 0
event_del(0x48ac40, 1, 0, 0)                                        = 0
event_set(0x48ac40, 0xffffffff, 0, 0x414d1a)                        = 0
event_base_set(0x18f7890, 0x48ac40, 1, 0x7fd30f92420c)              = 0
event_add(0x48ac40, 0x7ffe83b2a100, 1, 0x7fd30f92420c)              = 0
clock_gettime(1, 0x7ffe83b2a110, 0x7fffffff, 0)                     = 0
event_del(0x48ac40, 1, 0, 0)                                        = 0
event_set(0x48ac40, 0xffffffff, 0, 0x414d1a)                        = 0
event_base_set(0x18f7890, 0x48ac40, 1, 0x7fd30f92420c)              = 0
event_add(0x48ac40, 0x7ffe83b2a100, 1, 0x7fd30f92420c)              = 0
clock_gettime(1, 0x7ffe83b2a110, 0x7fffffff, 0)                     = 0
event_del(0x48ac40, 1, 0, 0)                                        = 0
event_set(0x48ac40, 0xffffffff, 0, 0x414d1a)                        = 0
event_base_set(0x18f7890, 0x48ac40, 1, 0x7fd30f92420c)              = 0
event_add(0x48ac40, 0x7ffe83b2a100, 1, 0x7fd30f92420c)              = 0
clock_gettime(1, 0x7ffe83b2a110, 0x7fffffff, 0)                     = 0
event_del(0x48ac40, 1, 0, 0)                                        = 0
event_set(0x48ac40, 0xffffffff, 0, 0x414d1a)                        = 0
event_base_set(0x18f7890, 0x48ac40, 1, 0x7fd30f92420c)              = 0
event_add(0x48ac40, 0x7ffe83b2a100, 1, 0x7fd30f92420c)              = 0
clock_gettime(1, 0x7ffe83b2a110, 0x7fffffff, 0)                     = 0
event_del(0x48ac40, 1, 0, 0)                                        = 0
event_set(0x48ac40, 0xffffffff, 0, 0x414d1a)                        = 0
event_base_set(0x18f7890, 0x48ac40, 1, 0x7fd30f92420c)              = 0
event_add(0x48ac40, 0x7ffe83b2a100, 1, 0x7fd30f92420c)              = 0
clock_gettime(1, 0x7ffe83b2a110, 0x7fffffff, 0)                     = 0
event_del(0x48ac40, 1, 0, 0)                                        = 0
event_set(0x48ac40, 0xffffffff, 0, 0x414d1a)                        = 0
event_base_set(0x18f7890, 0x48ac40, 1, 0x7fd30f92420c)              = 0
event_add(0x48ac40, 0x7ffe83b2a100, 1, 0x7fd30f92420c)              = 0
clock_gettime(1, 0x7ffe83b2a110, 0x7fffffff, 0)                     = 0
event_del(0x48ac40, 1, 0, 0)                                        = 0
event_set(0x48ac40, 0xffffffff, 0, 0x414d1a)                        = 0
event_base_set(0x18f7890, 0x48ac40, 1, 0x7fd30f92420c)              = 0
event_add(0x48ac40, 0x7ffe83b2a100, 1, 0x7fd30f92420c)              = 0
clock_gettime(1, 0x7ffe83b2a110, 0x7fffffff, 0)                     = 0
event_del(0x48ac40, 1, 0, 0)                                        = 0
event_set(0x48ac40, 0xffffffff, 0, 0x414d1a)                        = 0
event_base_set(0x18f7890, 0x48ac40, 1, 0x7fd30f92420c)              = 0
event_add(0x48ac40, 0x7ffe83b2a100, 1, 0x7fd30f92420c)              = 0
clock_gettime(1, 0x7ffe83b2a110, 0x7fffffff, 0)                     = 0
event_del(0x48ac40, 1, 0, 0)                                        = 0
event_set(0x48ac40, 0xffffffff, 0, 0x414d1a)                        = 0
event_base_set(0x18f7890, 0x48ac40, 1, 0x7fd30f92420c)              = 0
event_add(0x48ac40, 0x7ffe83b2a100, 1, 0x7fd30f92420c)              = 0
clock_gettime(1, 0x7ffe83b2a110, 0x7fffffff, 0)                     = 0
event_del(0x48ac40, 1, 0, 0)                                        = 0
event_set(0x48ac40, 0xffffffff, 0, 0x414d1a)                        = 0
event_base_set(0x18f7890, 0x48ac40, 1, 0x7fd30f92420c)              = 0
event_add(0x48ac40, 0x7ffe83b2a100, 1, 0x7fd30f92420c)              = 0
clock_gettime(1, 0x7ffe83b2a110, 0x7fffffff, 0)                     = 0
event_del(0x48ac40, 1, 0, 0)                                        = 0
event_set(0x48ac40, 0xffffffff, 0, 0x414d1a)                        = 0
event_base_set(0x18f7890, 0x48ac40, 1, 0x7fd30f92420c)              = 0
event_add(0x48ac40, 0x7ffe83b2a100, 1, 0x7fd30f92420c)              = 0
clock_gettime(1, 0x7ffe83b2a110, 0x7fffffff, 0)                     = 0
event_del(0x48ac40, 1, 0, 0)                                        = 0
event_set(0x48ac40, 0xffffffff, 0, 0x414d1a)                        = 0
event_base_set(0x18f7890, 0x48ac40, 1, 0x7fd30f92420c)              = 0
event_add(0x48ac40, 0x7ffe83b2a100, 1, 0x7fd30f92420c)              = 0
clock_gettime(1, 0x7ffe83b2a110, 0x7fffffff, 0)                     = 0
event_del(0x48ac40, 1, 0, 0)                                        = 0
event_set(0x48ac40, 0xffffffff, 0, 0x414d1a)                        = 0
event_base_set(0x18f7890, 0x48ac40, 1, 0x7fd30f92420c)              = 0
event_add(0x48ac40, 0x7ffe83b2a100, 1, 0x7fd30f92420c)              = 0
clock_gettime(1, 0x7ffe83b2a110, 0x7fffffff, 0)                     = 0
event_del(0x48ac40, 1, 0, 0)                                        = 0
event_set(0x48ac40, 0xffffffff, 0, 0x414d1a)                        = 0
event_base_set(0x18f7890, 0x48ac40, 1, 0x7fd30f92420c)              = 0
event_add(0x48ac40, 0x7ffe83b2a100, 1, 0x7fd30f92420c)              = 0
clock_gettime(1, 0x7ffe83b2a110, 0x7fffffff, 0)                     = 0
event_del(0x48ac40, 1, 0, 0)                                        = 0
event_set(0x48ac40, 0xffffffff, 0, 0x414d1a)                        = 0
event_base_set(0x18f7890, 0x48ac40, 1, 0x7fd30f92420c)              = 0
event_add(0x48ac40, 0x7ffe83b2a100, 1, 0x7fd30f92420c)              = 0
clock_gettime(1, 0x7ffe83b2a110, 0x7fffffff, 0)                     = 0
event_del(0x48ac40, 1, 0, 0)                                        = 0
event_set(0x48ac40, 0xffffffff, 0, 0x414d1a)                        = 0
event_base_set(0x18f7890, 0x48ac40, 1, 0x7fd30f92420c)              = 0
event_add(0x48ac40, 0x7ffe83b2a100, 1, 0x7fd30f92420c)              = 0
clock_gettime(1, 0x7ffe83b2a110, 0x7fffffff, 0)                     = 0
event_del(0x48ac40, 1, 0, 0)                                        = 0
event_set(0x48ac40, 0xffffffff, 0, 0x414d1a)                        = 0
event_base_set(0x18f7890, 0x48ac40, 1, 0x7fd30f92420c)              = 0
event_add(0x48ac40, 0x7ffe83b2a100, 1, 0x7fd30f92420c)              = 0
clock_gettime(1, 0x7ffe83b2a110, 0x7fffffff, 0)                     = 0
event_del(0x48ac40, 1, 0, 0)                                        = 0
event_set(0x48ac40, 0xffffffff, 0, 0x414d1a)                        = 0
event_base_set(0x18f7890, 0x48ac40, 1, 0x7fd30f92420c)              = 0
event_add(0x48ac40, 0x7ffe83b2a100, 1, 0x7fd30f92420c)              = 0
clock_gettime(1, 0x7ffe83b2a110, 0x7fffffff, 0)                     = 0
event_del(0x48ac40, 1, 0, 0)                                        = 0
event_set(0x48ac40, 0xffffffff, 0, 0x414d1a)                        = 0
event_base_set(0x18f7890, 0x48ac40, 1, 0x7fd30f92420c)              = 0
event_add(0x48ac40, 0x7ffe83b2a100, 1, 0x7fd30f92420c)              = 0
clock_gettime(1, 0x7ffe83b2a110, 0x7fffffff, 0)                     = 0
event_del(0x48ac40, 1, 0, 0)                                        = 0
event_set(0x48ac40, 0xffffffff, 0, 0x414d1a)                        = 0
event_base_set(0x18f7890, 0x48ac40, 1, 0x7fd30f92420c)              = 0
event_add(0x48ac40, 0x7ffe83b2a100, 1, 0x7fd30f92420c)              = 0
clock_gettime(1, 0x7ffe83b2a110, 0x7fffffff, 0)                     = 0
event_del(0x48ac40, 1, 0, 0)                                        = 0
event_set(0x48ac40, 0xffffffff, 0, 0x414d1a)                        = 0
event_base_set(0x18f7890, 0x48ac40, 1, 0x7fd30f92420c)              = 0
event_add(0x48ac40, 0x7ffe83b2a100, 1, 0x7fd30f92420c)              = 0
clock_gettime(1, 0x7ffe83b2a110, 0x7fffffff, 0)                     = 0
event_del(0x48ac40, 1, 0, 0)                                        = 0
event_set(0x48ac40, 0xffffffff, 0, 0x414d1a)                        = 0
event_base_set(0x18f7890, 0x48ac40, 1, 0x7fd30f92420c)              = 0
event_add(0x48ac40, 0x7ffe83b2a100, 1, 0x7fd30f92420c)              = 0
clock_gettime(1, 0x7ffe83b2a110, 0x7fffffff, 0)                     = 0
event_del(0x48ac40, 1, 0, 0)                                        = 0
event_set(0x48ac40, 0xffffffff, 0, 0x414d1a)                        = 0
event_base_set(0x18f7890, 0x48ac40, 1, 0x7fd30f92420c)              = 0
event_add(0x48ac40, 0x7ffe83b2a100, 1, 0x7fd30f92420c)              = 0
clock_gettime(1, 0x7ffe83b2a110, 0x7fffffff, 0)                     = 0
event_del(0x48ac40, 1, 0, 0)                                        = 0
event_set(0x48ac40, 0xffffffff, 0, 0x414d1a)                        = 0
event_base_set(0x18f7890, 0x48ac40, 1, 0x7fd30f92420c)              = 0
event_add(0x48ac40, 0x7ffe83b2a100, 1, 0x7fd30f92420c)              = 0
clock_gettime(1, 0x7ffe83b2a110, 0x7fffffff, 0)                     = 0
event_del(0x48ac40, 1, 0, 0)                                        = 0
event_set(0x48ac40, 0xffffffff, 0, 0x414d1a)                        = 0
event_base_set(0x18f7890, 0x48ac40, 1, 0x7fd30f92420c)              = 0
event_add(0x48ac40, 0x7ffe83b2a100, 1, 0x7fd30f92420c)              = 0
clock_gettime(1, 0x7ffe83b2a110, 0x7fffffff, 0)                     = 0
event_del(0x48ac40, 1, 0, 0)                                        = 0
event_set(0x48ac40, 0xffffffff, 0, 0x414d1a)                        = 0
event_base_set(0x18f7890, 0x48ac40, 1, 0x7fd30f92420c)              = 0
event_add(0x48ac40, 0x7ffe83b2a100, 1, 0x7fd30f92420c)              = 0
clock_gettime(1, 0x7ffe83b2a110, 0x7fffffff, 0)                     = 0
event_del(0x48ac40, 1, 0, 0)                                        = 0
event_set(0x48ac40, 0xffffffff, 0, 0x414d1a)                        = 0
event_base_set(0x18f7890, 0x48ac40, 1, 0x7fd30f92420c)              = 0
event_add(0x48ac40, 0x7ffe83b2a100, 1, 0x7fd30f92420c)              = 0
clock_gettime(1, 0x7ffe83b2a110, 0x7fffffff, 0)                     = 0
event_del(0x48ac40, 1, 0, 0)                                        = 0
event_set(0x48ac40, 0xffffffff, 0, 0x414d1a)                        = 0
event_base_set(0x18f7890, 0x48ac40, 1, 0x7fd30f92420c)              = 0
event_add(0x48ac40, 0x7ffe83b2a100, 1, 0x7fd30f92420c)              = 0
clock_gettime(1, 0x7ffe83b2a110, 0x7fffffff, 0)                     = 0
event_del(0x48ac40, 1, 0, 0)                                        = 0
event_set(0x48ac40, 0xffffffff, 0, 0x414d1a)                        = 0
event_base_set(0x18f7890, 0x48ac40, 1, 0x7fd30f92420c)              = 0
event_add(0x48ac40, 0x7ffe83b2a100, 1, 0x7fd30f92420c)              = 0
clock_gettime(1, 0x7ffe83b2a110, 0x7fffffff, 0)                     = 0
event_del(0x48ac40, 1, 0, 0)                                        = 0
event_set(0x48ac40, 0xffffffff, 0, 0x414d1a)                        = 0
event_base_set(0x18f7890, 0x48ac40, 1, 0x7fd30f92420c)              = 0
event_add(0x48ac40, 0x7ffe83b2a100, 1, 0x7fd30f92420c)              = 0
clock_gettime(1, 0x7ffe83b2a110, 0x7fffffff, 0)                     = 0
event_del(0x48ac40, 1, 0, 0)                                        = 0
event_set(0x48ac40, 0xffffffff, 0, 0x414d1a)                        = 0
event_base_set(0x18f7890, 0x48ac40, 1, 0x7fd30f92420c)              = 0
event_add(0x48ac40, 0x7ffe83b2a100, 1, 0x7fd30f92420c)              = 0
clock_gettime(1, 0x7ffe83b2a110, 0x7fffffff, 0)                     = 0
event_del(0x48ac40, 1, 0, 0)                                        = 0
event_set(0x48ac40, 0xffffffff, 0, 0x414d1a)                        = 0
event_base_set(0x18f7890, 0x48ac40, 1, 0x7fd30f92420c)              = 0
event_add(0x48ac40, 0x7ffe83b2a100, 1, 0x7fd30f92420c)              = 0
clock_gettime(1, 0x7ffe83b2a110, 0x7fffffff, 0)                     = 0
event_del(0x48ac40, 1, 0, 0)                                        = 0
event_set(0x48ac40, 0xffffffff, 0, 0x414d1a)                        = 0
event_base_set(0x18f7890, 0x48ac40, 1, 0x7fd30f92420c)              = 0
event_add(0x48ac40, 0x7ffe83b2a100, 1, 0x7fd30f92420c)              = 0
clock_gettime(1, 0x7ffe83b2a110, 0x7fffffff, 0)                     = 0
event_del(0x48ac40, 1, 0, 0)                                        = 0
event_set(0x48ac40, 0xffffffff, 0, 0x414d1a)                        = 0
event_base_set(0x18f7890, 0x48ac40, 1, 0x7fd30f92420c)              = 0
event_add(0x48ac40, 0x7ffe83b2a100, 1, 0x7fd30f92420c)              = 0
clock_gettime(1, 0x7ffe83b2a110, 0x7fffffff, 0)                     = 0
event_del(0x48ac40, 1, 0, 0)                                        = 0
event_set(0x48ac40, 0xffffffff, 0, 0x414d1a)                        = 0
event_base_set(0x18f7890, 0x48ac40, 1, 0x7fd30f92420c)              = 0
event_add(0x48ac40, 0x7ffe83b2a100, 1, 0x7fd30f92420c)              = 0
clock_gettime(1, 0x7ffe83b2a110, 0x7fffffff, 0)                     = 0
event_del(0x48ac40, 1, 0, 0)                                        = 0
event_set(0x48ac40, 0xffffffff, 0, 0x414d1a)                        = 0
event_base_set(0x18f7890, 0x48ac40, 1, 0x7fd30f92420c)              = 0
event_add(0x48ac40, 0x7ffe83b2a100, 1, 0x7fd30f92420c)              = 0
clock_gettime(1, 0x7ffe83b2a110, 0x7fffffff, 0)                     = 0
event_del(0x48ac40, 1, 0, 0)                                        = 0
event_set(0x48ac40, 0xffffffff, 0, 0x414d1a)                        = 0
event_base_set(0x18f7890, 0x48ac40, 1, 0x7fd30f92420c)              = 0
event_add(0x48ac40, 0x7ffe83b2a100, 1, 0x7fd30f92420c)              = 0
clock_gettime(1, 0x7ffe83b2a110, 0x7fffffff, 0)                     = 0
event_del(0x48ac40, 1, 0, 0)                                        = 0
event_set(0x48ac40, 0xffffffff, 0, 0x414d1a)                        = 0
event_base_set(0x18f7890, 0x48ac40, 1, 0x7fd30f92420c)              = 0
event_add(0x48ac40, 0x7ffe83b2a100, 1, 0x7fd30f92420c)              = 0
clock_gettime(1, 0x7ffe83b2a110, 0x7fffffff, 0)                     = 0
event_del(0x48ac40, 1, 0, 0)                                        = 0
event_set(0x48ac40, 0xffffffff, 0, 0x414d1a)                        = 0
event_base_set(0x18f7890, 0x48ac40, 1, 0x7fd30f92420c)              = 0
event_add(0x48ac40, 0x7ffe83b2a100, 1, 0x7fd30f92420c)              = 0
clock_gettime(1, 0x7ffe83b2a110, 0x7fffffff, 0)                     = 0
event_del(0x48ac40, 1, 0, 0)                                        = 0
event_set(0x48ac40, 0xffffffff, 0, 0x414d1a)                        = 0
event_base_set(0x18f7890, 0x48ac40, 1, 0x7fd30f92420c)              = 0
event_add(0x48ac40, 0x7ffe83b2a100, 1, 0x7fd30f92420c)              = 0
clock_gettime(1, 0x7ffe83b2a110, 0x7fffffff, 0)                     = 0
event_del(0x48ac40, 1, 0, 0)                                        = 0
event_set(0x48ac40, 0xffffffff, 0, 0x414d1a)                        = 0
event_base_set(0x18f7890, 0x48ac40, 1, 0x7fd30f92420c)              = 0
event_add(0x48ac40, 0x7ffe83b2a100, 1, 0x7fd30f92420c)              = 0
clock_gettime(1, 0x7ffe83b2a110, 0x7fffffff, 0)                     = 0
event_del(0x48ac40, 1, 0, 0)                                        = 0
event_set(0x48ac40, 0xffffffff, 0, 0x414d1a)                        = 0
event_base_set(0x18f7890, 0x48ac40, 1, 0x7fd30f92420c)              = 0
event_add(0x48ac40, 0x7ffe83b2a100, 1, 0x7fd30f92420c)              = 0
clock_gettime(1, 0x7ffe83b2a110, 0x7fffffff, 0)                     = 0
event_del(0x48ac40, 1, 0, 0)                                        = 0
event_set(0x48ac40, 0xffffffff, 0, 0x414d1a)                        = 0
event_base_set(0x18f7890, 0x48ac40, 1, 0x7fd30f92420c)              = 0
event_add(0x48ac40, 0x7ffe83b2a100, 1, 0x7fd30f92420c)              = 0
clock_gettime(1, 0x7ffe83b2a110, 0x7fffffff, 0)                     = 0
event_del(0x48ac40, 1, 0, 0)                                        = 0
event_set(0x48ac40, 0xffffffff, 0, 0x414d1a)                        = 0
event_base_set(0x18f7890, 0x48ac40, 1, 0x7fd30f92420c)              = 0
event_add(0x48ac40, 0x7ffe83b2a100, 1, 0x7fd30f92420c)              = 0
clock_gettime(1, 0x7ffe83b2a110, 0x7fffffff, 0)                     = 0
event_del(0x48ac40, 1, 0, 0)                                        = 0
event_set(0x48ac40, 0xffffffff, 0, 0x414d1a)                        = 0
event_base_set(0x18f7890, 0x48ac40, 1, 0x7fd30f92420c)              = 0
event_add(0x48ac40, 0x7ffe83b2a100, 1, 0x7fd30f92420c)              = 0
clock_gettime(1, 0x7ffe83b2a110, 0x7fffffff, 0)                     = 0
event_del(0x48ac40, 1, 0, 0)                                        = 0
event_set(0x48ac40, 0xffffffff, 0, 0x414d1a)                        = 0
event_base_set(0x18f7890, 0x48ac40, 1, 0x7fd30f92420c)              = 0
event_add(0x48ac40, 0x7ffe83b2a100, 1, 0x7fd30f92420c)              = 0
clock_gettime(1, 0x7ffe83b2a110, 0x7fffffff, 0)                     = 0
event_del(0x48ac40, 1, 0, 0)                                        = 0
event_set(0x48ac40, 0xffffffff, 0, 0x414d1a)                        = 0
event_base_set(0x18f7890, 0x48ac40, 1, 0x7fd30f92420c)              = 0
event_add(0x48ac40, 0x7ffe83b2a100, 1, 0x7fd30f92420c)              = 0
clock_gettime(1, 0x7ffe83b2a110, 0x7fffffff, 0)                     = 0
event_del(0x48ac40, 1, 0, 0)                                        = 0
event_set(0x48ac40, 0xffffffff, 0, 0x414d1a)                        = 0
event_base_set(0x18f7890, 0x48ac40, 1, 0x7fd30f92420c)              = 0
event_add(0x48ac40, 0x7ffe83b2a100, 1, 0x7fd30f92420c)              = 0
clock_gettime(1, 0x7ffe83b2a110, 0x7fffffff, 0)                     = 0
event_del(0x48ac40, 1, 0, 0)                                        = 0
event_set(0x48ac40, 0xffffffff, 0, 0x414d1a)                        = 0
event_base_set(0x18f7890, 0x48ac40, 1, 0x7fd30f92420c)              = 0
event_add(0x48ac40, 0x7ffe83b2a100, 1, 0x7fd30f92420c)              = 0
clock_gettime(1, 0x7ffe83b2a110, 0x7fffffff, 0)                     = 0
event_del(0x48ac40, 1, 0, 0)                                        = 0
event_set(0x48ac40, 0xffffffff, 0, 0x414d1a)                        = 0
event_base_set(0x18f7890, 0x48ac40, 1, 0x7fd30f92420c)              = 0
event_add(0x48ac40, 0x7ffe83b2a100, 1, 0x7fd30f92420c)              = 0
clock_gettime(1, 0x7ffe83b2a110, 0x7fffffff, 0)                     = 0
event_del(0x48ac40, 1, 0, 0)                                        = 0
event_set(0x48ac40, 0xffffffff, 0, 0x414d1a)                        = 0
event_base_set(0x18f7890, 0x48ac40, 1, 0x7fd30f92420c)              = 0
event_add(0x48ac40, 0x7ffe83b2a100, 1, 0x7fd30f92420c)              = 0
clock_gettime(1, 0x7ffe83b2a110, 0x7fffffff, 0)                     = 0
event_del(0x48ac40, 1, 0, 0)                                        = 0
event_set(0x48ac40, 0xffffffff, 0, 0x414d1a)                        = 0
event_base_set(0x18f7890, 0x48ac40, 1, 0x7fd30f92420c)              = 0
event_add(0x48ac40, 0x7ffe83b2a100, 1, 0x7fd30f92420c)              = 0
clock_gettime(1, 0x7ffe83b2a110, 0x7fffffff, 0)                     = 0
event_del(0x48ac40, 1, 0, 0)                                        = 0
event_set(0x48ac40, 0xffffffff, 0, 0x414d1a)                        = 0
event_base_set(0x18f7890, 0x48ac40, 1, 0x7fd30f92420c)              = 0
event_add(0x48ac40, 0x7ffe83b2a100, 1, 0x7fd30f92420c)              = 0
clock_gettime(1, 0x7ffe83b2a110, 0x7fffffff, 0)                     = 0
event_del(0x48ac40, 1, 0, 0)                                        = 0
event_set(0x48ac40, 0xffffffff, 0, 0x414d1a)                        = 0
event_base_set(0x18f7890, 0x48ac40, 1, 0x7fd30f92420c)              = 0
event_add(0x48ac40, 0x7ffe83b2a100, 1, 0x7fd30f92420c)              = 0
clock_gettime(1, 0x7ffe83b2a110, 0x7fffffff, 0)                     = 0
event_del(0x48ac40, 1, 0, 0)                                        = 0
event_set(0x48ac40, 0xffffffff, 0, 0x414d1a)                        = 0
event_base_set(0x18f7890, 0x48ac40, 1, 0x7fd30f92420c)              = 0
event_add(0x48ac40, 0x7ffe83b2a100, 1, 0x7fd30f92420c)              = 0
clock_gettime(1, 0x7ffe83b2a110, 0x7fffffff, 0)                     = 0
event_del(0x48ac40, 1, 0, 0)                                        = 0
event_set(0x48ac40, 0xffffffff, 0, 0x414d1a)                        = 0
event_base_set(0x18f7890, 0x48ac40, 1, 0x7fd30f92420c)              = 0
event_add(0x48ac40, 0x7ffe83b2a100, 1, 0x7fd30f92420c)              = 0
clock_gettime(1, 0x7ffe83b2a110, 0x7fffffff, 0)                     = 0
event_del(0x48ac40, 1, 0, 0)                                        = 0
event_set(0x48ac40, 0xffffffff, 0, 0x414d1a)                        = 0
event_base_set(0x18f7890, 0x48ac40, 1, 0x7fd30f92420c)              = 0
event_add(0x48ac40, 0x7ffe83b2a100, 1, 0x7fd30f92420c)              = 0
clock_gettime(1, 0x7ffe83b2a110, 0x7fffffff, 0)                     = 0
event_del(0x48ac40, 1, 0, 0)                                        = 0
event_set(0x48ac40, 0xffffffff, 0, 0x414d1a)                        = 0
event_base_set(0x18f7890, 0x48ac40, 1, 0x7fd30f92420c)              = 0
event_add(0x48ac40, 0x7ffe83b2a100, 1, 0x7fd30f92420c)              = 0
clock_gettime(1, 0x7ffe83b2a110, 0x7fffffff, 0)                     = 0
event_del(0x48ac40, 1, 0, 0)                                        = 0
event_set(0x48ac40, 0xffffffff, 0, 0x414d1a)                        = 0
event_base_set(0x18f7890, 0x48ac40, 1, 0x7fd30f92420c)              = 0
event_add(0x48ac40, 0x7ffe83b2a100, 1, 0x7fd30f92420c)              = 0
clock_gettime(1, 0x7ffe83b2a110, 0x7fffffff, 0)                     = 0
event_del(0x48ac40, 1, 0, 0)                                        = 0
event_set(0x48ac40, 0xffffffff, 0, 0x414d1a)                        = 0
event_base_set(0x18f7890, 0x48ac40, 1, 0x7fd30f92420c)              = 0
event_add(0x48ac40, 0x7ffe83b2a100, 1, 0x7fd30f92420c)              = 0
clock_gettime(1, 0x7ffe83b2a110, 0x7fffffff, 0)                     = 0
event_del(0x48ac40, 1, 0, 0)                                        = 0
event_set(0x48ac40, 0xffffffff, 0, 0x414d1a)                        = 0
event_base_set(0x18f7890, 0x48ac40, 1, 0x7fd30f92420c)              = 0
event_add(0x48ac40, 0x7ffe83b2a100, 1, 0x7fd30f92420c)              = 0
clock_gettime(1, 0x7ffe83b2a110, 0x7fffffff, 0)                     = 0
event_del(0x48ac40, 1, 0, 0)                                        = 0
event_set(0x48ac40, 0xffffffff, 0, 0x414d1a)                        = 0
event_base_set(0x18f7890, 0x48ac40, 1, 0x7fd30f92420c)              = 0
event_add(0x48ac40, 0x7ffe83b2a100, 1, 0x7fd30f92420c)              = 0
clock_gettime(1, 0x7ffe83b2a110, 0x7fffffff, 0)                     = 0
event_del(0x48ac40, 1, 0, 0)                                        = 0
event_set(0x48ac40, 0xffffffff, 0, 0x414d1a)                        = 0
event_base_set(0x18f7890, 0x48ac40, 1, 0x7fd30f92420c)              = 0
event_add(0x48ac40, 0x7ffe83b2a100, 1, 0x7fd30f92420c)              = 0
clock_gettime(1, 0x7ffe83b2a110, 0x7fffffff, 0)                     = 0
event_del(0x48ac40, 1, 0, 0)                                        = 0
event_set(0x48ac40, 0xffffffff, 0, 0x414d1a)                        = 0
event_base_set(0x18f7890, 0x48ac40, 1, 0x7fd30f92420c)              = 0
event_add(0x48ac40, 0x7ffe83b2a100, 1, 0x7fd30f92420c)              = 0
clock_gettime(1, 0x7ffe83b2a110, 0x7fffffff, 0)                     = 0
event_del(0x48ac40, 1, 0, 0)                                        = 0
event_set(0x48ac40, 0xffffffff, 0, 0x414d1a)                        = 0
event_base_set(0x18f7890, 0x48ac40, 1, 0x7fd30f92420c)              = 0
event_add(0x48ac40, 0x7ffe83b2a100, 1, 0x7fd30f92420c)              = 0
clock_gettime(1, 0x7ffe83b2a110, 0x7fffffff, 0)                     = 0
event_del(0x48ac40, 1, 0, 0)                                        = 0
event_set(0x48ac40, 0xffffffff, 0, 0x414d1a)                        = 0
event_base_set(0x18f7890, 0x48ac40, 1, 0x7fd30f92420c)              = 0
event_add(0x48ac40, 0x7ffe83b2a100, 1, 0x7fd30f92420c)              = 0
clock_gettime(1, 0x7ffe83b2a110, 0x7fffffff, 0)                     = 0
event_del(0x48ac40, 1, 0, 0)                                        = 0
event_set(0x48ac40, 0xffffffff, 0, 0x414d1a)                        = 0
event_base_set(0x18f7890, 0x48ac40, 1, 0x7fd30f92420c)              = 0
event_add(0x48ac40, 0x7ffe83b2a100, 1, 0x7fd30f92420c)              = 0
clock_gettime(1, 0x7ffe83b2a110, 0x7fffffff, 0)                     = 0
event_del(0x48ac40, 1, 0, 0)                                        = 0
event_set(0x48ac40, 0xffffffff, 0, 0x414d1a)                        = 0
event_base_set(0x18f7890, 0x48ac40, 1, 0x7fd30f92420c)              = 0
event_add(0x48ac40, 0x7ffe83b2a100, 1, 0x7fd30f92420c)              = 0
clock_gettime(1, 0x7ffe83b2a110, 0x7fffffff, 0)                     = 0
event_del(0x48ac40, 1, 0, 0)                                        = 0
event_set(0x48ac40, 0xffffffff, 0, 0x414d1a)                        = 0
event_base_set(0x18f7890, 0x48ac40, 1, 0x7fd30f92420c)              = 0
event_add(0x48ac40, 0x7ffe83b2a100, 1, 0x7fd30f92420c)              = 0
clock_gettime(1, 0x7ffe83b2a110, 0x7fffffff, 0)                     = 0
event_del(0x48ac40, 1, 0, 0)                                        = 0
event_set(0x48ac40, 0xffffffff, 0, 0x414d1a)                        = 0
event_base_set(0x18f7890, 0x48ac40, 1, 0x7fd30f92420c)              = 0
event_add(0x48ac40, 0x7ffe83b2a100, 1, 0x7fd30f92420c)              = 0
clock_gettime(1, 0x7ffe83b2a110, 0x7fffffff, 0)                     = 0
event_del(0x48ac40, 1, 0, 0)                                        = 0
event_set(0x48ac40, 0xffffffff, 0, 0x414d1a)                        = 0
event_base_set(0x18f7890, 0x48ac40, 1, 0x7fd30f92420c)              = 0
event_add(0x48ac40, 0x7ffe83b2a100, 1, 0x7fd30f92420c)              = 0
clock_gettime(1, 0x7ffe83b2a110, 0x7fffffff, 0)                     = 0
event_del(0x48ac40, 1, 0, 0)                                        = 0
event_set(0x48ac40, 0xffffffff, 0, 0x414d1a)                        = 0
event_base_set(0x18f7890, 0x48ac40, 1, 0x7fd30f92420c)              = 0
event_add(0x48ac40, 0x7ffe83b2a100, 1, 0x7fd30f92420c)              = 0
clock_gettime(1, 0x7ffe83b2a110, 0x7fffffff, 0)                     = 0
event_del(0x48ac40, 1, 0, 0)                                        = 0
event_set(0x48ac40, 0xffffffff, 0, 0x414d1a)                        = 0
event_base_set(0x18f7890, 0x48ac40, 1, 0x7fd30f92420c)              = 0
event_add(0x48ac40, 0x7ffe83b2a100, 1, 0x7fd30f92420c)              = 0
clock_gettime(1, 0x7ffe83b2a110, 0x7fffffff, 0)                     = 0
event_del(0x48ac40, 1, 0, 0)                                        = 0
event_set(0x48ac40, 0xffffffff, 0, 0x414d1a)                        = 0
event_base_set(0x18f7890, 0x48ac40, 1, 0x7fd30f92420c)              = 0
event_add(0x48ac40, 0x7ffe83b2a100, 1, 0x7fd30f92420c)              = 0
clock_gettime(1, 0x7ffe83b2a110, 0x7fffffff, 0)                     = 0
event_del(0x48ac40, 1, 0, 0)                                        = 0
event_set(0x48ac40, 0xffffffff, 0, 0x414d1a)                        = 0
event_base_set(0x18f7890, 0x48ac40, 1, 0x7fd30f92420c)              = 0
event_add(0x48ac40, 0x7ffe83b2a100, 1, 0x7fd30f92420c)              = 0
clock_gettime(1, 0x7ffe83b2a110, 0x7fffffff, 0)                     = 0
event_del(0x48ac40, 1, 0, 0)                                        = 0
event_set(0x48ac40, 0xffffffff, 0, 0x414d1a)                        = 0
event_base_set(0x18f7890, 0x48ac40, 1, 0x7fd30f92420c)              = 0
event_add(0x48ac40, 0x7ffe83b2a100, 1, 0x7fd30f92420c)              = 0
clock_gettime(1, 0x7ffe83b2a110, 0x7fffffff, 0)                     = 0
event_del(0x48ac40, 1, 0, 0)                                        = 0
event_set(0x48ac40, 0xffffffff, 0, 0x414d1a)                        = 0
event_base_set(0x18f7890, 0x48ac40, 1, 0x7fd30f92420c)              = 0
event_add(0x48ac40, 0x7ffe83b2a100, 1, 0x7fd30f92420c)              = 0
clock_gettime(1, 0x7ffe83b2a110, 0x7fffffff, 0)                     = 0
event_del(0x48ac40, 1, 0, 0)                                        = 0
event_set(0x48ac40, 0xffffffff, 0, 0x414d1a)                        = 0
event_base_set(0x18f7890, 0x48ac40, 1, 0x7fd30f92420c)              = 0
event_add(0x48ac40, 0x7ffe83b2a100, 1, 0x7fd30f92420c)              = 0
clock_gettime(1, 0x7ffe83b2a110, 0x7fffffff, 0)                     = 0
event_del(0x48ac40, 1, 0, 0)                                        = 0
event_set(0x48ac40, 0xffffffff, 0, 0x414d1a)                        = 0
event_base_set(0x18f7890, 0x48ac40, 1, 0x7fd30f92420c)              = 0
event_add(0x48ac40, 0x7ffe83b2a100, 1, 0x7fd30f92420c)              = 0
clock_gettime(1, 0x7ffe83b2a110, 0x7fffffff, 0)                     = 0
event_del(0x48ac40, 1, 0, 0)                                        = 0
event_set(0x48ac40, 0xffffffff, 0, 0x414d1a)                        = 0
event_base_set(0x18f7890, 0x48ac40, 1, 0x7fd30f92420c)              = 0
event_add(0x48ac40, 0x7ffe83b2a100, 1, 0x7fd30f92420c)              = 0
clock_gettime(1, 0x7ffe83b2a110, 0x7fffffff, 0)                     = 0
event_del(0x48ac40, 1, 0, 0)                                        = 0
event_set(0x48ac40, 0xffffffff, 0, 0x414d1a)                        = 0
event_base_set(0x18f7890, 0x48ac40, 1, 0x7fd30f92420c)              = 0
event_add(0x48ac40, 0x7ffe83b2a100, 1, 0x7fd30f92420c)              = 0
clock_gettime(1, 0x7ffe83b2a110, 0x7fffffff, 0)                     = 0
event_del(0x48ac40, 1, 0, 0)                                        = 0
event_set(0x48ac40, 0xffffffff, 0, 0x414d1a)                        = 0
event_base_set(0x18f7890, 0x48ac40, 1, 0x7fd30f92420c)              = 0
event_add(0x48ac40, 0x7ffe83b2a100, 1, 0x7fd30f92420c)              = 0
clock_gettime(1, 0x7ffe83b2a110, 0x7fffffff, 0)                     = 0
event_del(0x48ac40, 1, 0, 0)                                        = 0
event_set(0x48ac40, 0xffffffff, 0, 0x414d1a)                        = 0
event_base_set(0x18f7890, 0x48ac40, 1, 0x7fd30f92420c)              = 0
event_add(0x48ac40, 0x7ffe83b2a100, 1, 0x7fd30f92420c)              = 0
clock_gettime(1, 0x7ffe83b2a110, 0x7fffffff, 0)                     = 0
event_del(0x48ac40, 1, 0, 0)                                        = 0
event_set(0x48ac40, 0xffffffff, 0, 0x414d1a)                        = 0
event_base_set(0x18f7890, 0x48ac40, 1, 0x7fd30f92420c)              = 0
event_add(0x48ac40, 0x7ffe83b2a100, 1, 0x7fd30f92420c)              = 0
clock_gettime(1, 0x7ffe83b2a110, 0x7fffffff, 0)                     = 0
event_del(0x48ac40, 1, 0, 0)                                        = 0
event_set(0x48ac40, 0xffffffff, 0, 0x414d1a)                        = 0
event_base_set(0x18f7890, 0x48ac40, 1, 0x7fd30f92420c)              = 0
event_add(0x48ac40, 0x7ffe83b2a100, 1, 0x7fd30f92420c)              = 0
clock_gettime(1, 0x7ffe83b2a110, 0x7fffffff, 0)                     = 0
event_del(0x48ac40, 1, 0, 0)                                        = 0
event_set(0x48ac40, 0xffffffff, 0, 0x414d1a)                        = 0
event_base_set(0x18f7890, 0x48ac40, 1, 0x7fd30f92420c)              = 0
event_add(0x48ac40, 0x7ffe83b2a100, 1, 0x7fd30f92420c)              = 0
clock_gettime(1, 0x7ffe83b2a110, 0x7fffffff, 0)                     = 0
event_del(0x48ac40, 1, 0, 0)                                        = 0
event_set(0x48ac40, 0xffffffff, 0, 0x414d1a)                        = 0
event_base_set(0x18f7890, 0x48ac40, 1, 0x7fd30f92420c)              = 0
event_add(0x48ac40, 0x7ffe83b2a100, 1, 0x7fd30f92420c)              = 0
clock_gettime(1, 0x7ffe83b2a110, 0x7fffffff, 0)                     = 0
event_del(0x48ac40, 1, 0, 0)                                        = 0
event_set(0x48ac40, 0xffffffff, 0, 0x414d1a)                        = 0
event_base_set(0x18f7890, 0x48ac40, 1, 0x7fd30f92420c)              = 0
event_add(0x48ac40, 0x7ffe83b2a100, 1, 0x7fd30f92420c)              = 0
clock_gettime(1, 0x7ffe83b2a110, 0x7fffffff, 0)                     = 0
event_del(0x48ac40, 1, 0, 0)                                        = 0
event_set(0x48ac40, 0xffffffff, 0, 0x414d1a)                        = 0
event_base_set(0x18f7890, 0x48ac40, 1, 0x7fd30f92420c)              = 0
event_add(0x48ac40, 0x7ffe83b2a100, 1, 0x7fd30f92420c)              = 0
clock_gettime(1, 0x7ffe83b2a110, 0x7fffffff, 0)                     = 0
event_del(0x48ac40, 1, 0, 0)                                        = 0
event_set(0x48ac40, 0xffffffff, 0, 0x414d1a)                        = 0
event_base_set(0x18f7890, 0x48ac40, 1, 0x7fd30f92420c)              = 0
event_add(0x48ac40, 0x7ffe83b2a100, 1, 0x7fd30f92420c)              = 0
clock_gettime(1, 0x7ffe83b2a110, 0x7fffffff, 0)                     = 0
event_del(0x48ac40, 1, 0, 0)                                        = 0
event_set(0x48ac40, 0xffffffff, 0, 0x414d1a)                        = 0
event_base_set(0x18f7890, 0x48ac40, 1, 0x7fd30f92420c)              = 0
event_add(0x48ac40, 0x7ffe83b2a100, 1, 0x7fd30f92420c)              = 0
clock_gettime(1, 0x7ffe83b2a110, 0x7fffffff, 0)                     = 0
event_del(0x48ac40, 1, 0, 0)                                        = 0
event_set(0x48ac40, 0xffffffff, 0, 0x414d1a)                        = 0
event_base_set(0x18f7890, 0x48ac40, 1, 0x7fd30f92420c)              = 0
event_add(0x48ac40, 0x7ffe83b2a100, 1, 0x7fd30f92420c)              = 0
clock_gettime(1, 0x7ffe83b2a110, 0x7fffffff, 0)                     = 0
event_del(0x48ac40, 1, 0, 0)                                        = 0
event_set(0x48ac40, 0xffffffff, 0, 0x414d1a)                        = 0
event_base_set(0x18f7890, 0x48ac40, 1, 0x7fd30f92420c)              = 0
event_add(0x48ac40, 0x7ffe83b2a100, 1, 0x7fd30f92420c)              = 0
clock_gettime(1, 0x7ffe83b2a110, 0x7fffffff, 0)                     = 0
event_del(0x48ac40, 1, 0, 0)                                        = 0
event_set(0x48ac40, 0xffffffff, 0, 0x414d1a)                        = 0
event_base_set(0x18f7890, 0x48ac40, 1, 0x7fd30f92420c)              = 0
event_add(0x48ac40, 0x7ffe83b2a100, 1, 0x7fd30f92420c)              = 0
clock_gettime(1, 0x7ffe83b2a110, 0x7fffffff, 0)                     = 0
event_del(0x48ac40, 1, 0, 0)                                        = 0
event_set(0x48ac40, 0xffffffff, 0, 0x414d1a)                        = 0
event_base_set(0x18f7890, 0x48ac40, 1, 0x7fd30f92420c)              = 0
event_add(0x48ac40, 0x7ffe83b2a100, 1, 0x7fd30f92420c)              = 0
clock_gettime(1, 0x7ffe83b2a110, 0x7fffffff, 0)                     = 0
event_del(0x48ac40, 1, 0, 0)                                        = 0
event_set(0x48ac40, 0xffffffff, 0, 0x414d1a)                        = 0
event_base_set(0x18f7890, 0x48ac40, 1, 0x7fd30f92420c)              = 0
event_add(0x48ac40, 0x7ffe83b2a100, 1, 0x7fd30f92420c)              = 0
clock_gettime(1, 0x7ffe83b2a110, 0x7fffffff, 0)                     = 0
event_del(0x48ac40, 1, 0, 0)                                        = 0
event_set(0x48ac40, 0xffffffff, 0, 0x414d1a)                        = 0
event_base_set(0x18f7890, 0x48ac40, 1, 0x7fd30f92420c)              = 0
event_add(0x48ac40, 0x7ffe83b2a100, 1, 0x7fd30f92420c)              = 0
clock_gettime(1, 0x7ffe83b2a110, 0x7fffffff, 0)                     = 0
event_del(0x48ac40, 1, 0, 0)                                        = 0
event_set(0x48ac40, 0xffffffff, 0, 0x414d1a)                        = 0
event_base_set(0x18f7890, 0x48ac40, 1, 0x7fd30f92420c)              = 0
event_add(0x48ac40, 0x7ffe83b2a100, 1, 0x7fd30f92420c)              = 0
clock_gettime(1, 0x7ffe83b2a110, 0x7fffffff, 0)                     = 0
event_del(0x48ac40, 1, 0, 0)                                        = 0
event_set(0x48ac40, 0xffffffff, 0, 0x414d1a)                        = 0
event_base_set(0x18f7890, 0x48ac40, 1, 0x7fd30f92420c)              = 0
event_add(0x48ac40, 0x7ffe83b2a100, 1, 0x7fd30f92420c)              = 0
clock_gettime(1, 0x7ffe83b2a110, 0x7fffffff, 0)                     = 0
event_del(0x48ac40, 1, 0, 0)                                        = 0
event_set(0x48ac40, 0xffffffff, 0, 0x414d1a)                        = 0
event_base_set(0x18f7890, 0x48ac40, 1, 0x7fd30f92420c)              = 0
event_add(0x48ac40, 0x7ffe83b2a100, 1, 0x7fd30f92420c)              = 0
clock_gettime(1, 0x7ffe83b2a110, 0x7fffffff, 0)                     = 0
event_del(0x48ac40, 1, 0, 0)                                        = 0
event_set(0x48ac40, 0xffffffff, 0, 0x414d1a)                        = 0
event_base_set(0x18f7890, 0x48ac40, 1, 0x7fd30f92420c)              = 0
event_add(0x48ac40, 0x7ffe83b2a100, 1, 0x7fd30f92420c)              = 0
clock_gettime(1, 0x7ffe83b2a110, 0x7fffffff, 0)                     = 0
event_del(0x48ac40, 1, 0, 0)                                        = 0
event_set(0x48ac40, 0xffffffff, 0, 0x414d1a)                        = 0
event_base_set(0x18f7890, 0x48ac40, 1, 0x7fd30f92420c)              = 0
event_add(0x48ac40, 0x7ffe83b2a100, 1, 0x7fd30f92420c)              = 0
clock_gettime(1, 0x7ffe83b2a110, 0x7fffffff, 0)                     = 0
event_del(0x48ac40, 1, 0, 0)                                        = 0
event_set(0x48ac40, 0xffffffff, 0, 0x414d1a)                        = 0
event_base_set(0x18f7890, 0x48ac40, 1, 0x7fd30f92420c)              = 0
event_add(0x48ac40, 0x7ffe83b2a100, 1, 0x7fd30f92420c)              = 0
clock_gettime(1, 0x7ffe83b2a110, 0x7fffffff, 0)                     = 0
event_del(0x48ac40, 1, 0, 0)                                        = 0
event_set(0x48ac40, 0xffffffff, 0, 0x414d1a)                        = 0
event_base_set(0x18f7890, 0x48ac40, 1, 0x7fd30f92420c)              = 0
event_add(0x48ac40, 0x7ffe83b2a100, 1, 0x7fd30f92420c)              = 0
clock_gettime(1, 0x7ffe83b2a110, 0x7fffffff, 0)                     = 0
event_del(0x48ac40, 1, 0, 0)                                        = 0
event_set(0x48ac40, 0xffffffff, 0, 0x414d1a)                        = 0
event_base_set(0x18f7890, 0x48ac40, 1, 0x7fd30f92420c)              = 0
event_add(0x48ac40, 0x7ffe83b2a100, 1, 0x7fd30f92420c)              = 0
clock_gettime(1, 0x7ffe83b2a110, 0x7fffffff, 0)                     = 0
event_del(0x48ac40, 1, 0, 0)                                        = 0
event_set(0x48ac40, 0xffffffff, 0, 0x414d1a)                        = 0
event_base_set(0x18f7890, 0x48ac40, 1, 0x7fd30f92420c)              = 0
event_add(0x48ac40, 0x7ffe83b2a100, 1, 0x7fd30f92420c)              = 0
clock_gettime(1, 0x7ffe83b2a110, 0x7fffffff, 0)                     = 0
event_del(0x48ac40, 1, 0, 0)                                        = 0
event_set(0x48ac40, 0xffffffff, 0, 0x414d1a)                        = 0
event_base_set(0x18f7890, 0x48ac40, 1, 0x7fd30f92420c)              = 0
event_add(0x48ac40, 0x7ffe83b2a100, 1, 0x7fd30f92420c)              = 0
clock_gettime(1, 0x7ffe83b2a110, 0x7fffffff, 0)                     = 0
event_del(0x48ac40, 1, 0, 0)                                        = 0
event_set(0x48ac40, 0xffffffff, 0, 0x414d1a)                        = 0
event_base_set(0x18f7890, 0x48ac40, 1, 0x7fd30f92420c)              = 0
event_add(0x48ac40, 0x7ffe83b2a100, 1, 0x7fd30f92420c)              = 0
clock_gettime(1, 0x7ffe83b2a110, 0x7fffffff, 0)                     = 0
event_del(0x48ac40, 1, 0, 0)                                        = 0
event_set(0x48ac40, 0xffffffff, 0, 0x414d1a)                        = 0
event_base_set(0x18f7890, 0x48ac40, 1, 0x7fd30f92420c)              = 0
event_add(0x48ac40, 0x7ffe83b2a100, 1, 0x7fd30f92420c)              = 0
clock_gettime(1, 0x7ffe83b2a110, 0x7fffffff, 0)                     = 0
event_del(0x48ac40, 1, 0, 0)                                        = 0
event_set(0x48ac40, 0xffffffff, 0, 0x414d1a)                        = 0
event_base_set(0x18f7890, 0x48ac40, 1, 0x7fd30f92420c)              = 0
event_add(0x48ac40, 0x7ffe83b2a100, 1, 0x7fd30f92420c)              = 0
clock_gettime(1, 0x7ffe83b2a110, 0x7fffffff, 0)                     = 0
event_del(0x48ac40, 1, 0, 0)                                        = 0
event_set(0x48ac40, 0xffffffff, 0, 0x414d1a)                        = 0
event_base_set(0x18f7890, 0x48ac40, 1, 0x7fd30f92420c)              = 0
event_add(0x48ac40, 0x7ffe83b2a100, 1, 0x7fd30f92420c)              = 0
clock_gettime(1, 0x7ffe83b2a110, 0x7fffffff, 0)                     = 0
event_del(0x48ac40, 1, 0, 0)                                        = 0
event_set(0x48ac40, 0xffffffff, 0, 0x414d1a)                        = 0
event_base_set(0x18f7890, 0x48ac40, 1, 0x7fd30f92420c)              = 0
event_add(0x48ac40, 0x7ffe83b2a100, 1, 0x7fd30f92420c)              = 0
clock_gettime(1, 0x7ffe83b2a110, 0x7fffffff, 0)                     = 0
event_del(0x48ac40, 1, 0, 0)                                        = 0
event_set(0x48ac40, 0xffffffff, 0, 0x414d1a)                        = 0
event_base_set(0x18f7890, 0x48ac40, 1, 0x7fd30f92420c)              = 0
event_add(0x48ac40, 0x7ffe83b2a100, 1, 0x7fd30f92420c)              = 0
clock_gettime(1, 0x7ffe83b2a110, 0x7fffffff, 0)                     = 0
event_del(0x48ac40, 1, 0, 0)                                        = 0
event_set(0x48ac40, 0xffffffff, 0, 0x414d1a)                        = 0
event_base_set(0x18f7890, 0x48ac40, 1, 0x7fd30f92420c)              = 0
event_add(0x48ac40, 0x7ffe83b2a100, 1, 0x7fd30f92420c)              = 0
clock_gettime(1, 0x7ffe83b2a110, 0x7fffffff, 0)                     = 0
event_del(0x48ac40, 1, 0, 0)                                        = 0
event_set(0x48ac40, 0xffffffff, 0, 0x414d1a)                        = 0
event_base_set(0x18f7890, 0x48ac40, 1, 0x7fd30f92420c)              = 0
event_add(0x48ac40, 0x7ffe83b2a100, 1, 0x7fd30f92420c)              = 0
clock_gettime(1, 0x7ffe83b2a110, 0x7fffffff, 0)                     = 0
event_del(0x48ac40, 1, 0, 0)                                        = 0
event_set(0x48ac40, 0xffffffff, 0, 0x414d1a)                        = 0
event_base_set(0x18f7890, 0x48ac40, 1, 0x7fd30f92420c)              = 0
event_add(0x48ac40, 0x7ffe83b2a100, 1, 0x7fd30f92420c)              = 0
clock_gettime(1, 0x7ffe83b2a110, 0x7fffffff, 0)                     = 0
event_del(0x48ac40, 1, 0, 0)                                        = 0
event_set(0x48ac40, 0xffffffff, 0, 0x414d1a)                        = 0
event_base_set(0x18f7890, 0x48ac40, 1, 0x7fd30f92420c)              = 0
event_add(0x48ac40, 0x7ffe83b2a100, 1, 0x7fd30f92420c)              = 0
clock_gettime(1, 0x7ffe83b2a110, 0x7fffffff, 0)                     = 0
event_del(0x48ac40, 1, 0, 0)                                        = 0
event_set(0x48ac40, 0xffffffff, 0, 0x414d1a)                        = 0
event_base_set(0x18f7890, 0x48ac40, 1, 0x7fd30f92420c)              = 0
event_add(0x48ac40, 0x7ffe83b2a100, 1, 0x7fd30f92420c)              = 0
clock_gettime(1, 0x7ffe83b2a110, 0x7fffffff, 0)                     = 0
event_del(0x48ac40, 1, 0, 0)                                        = 0
event_set(0x48ac40, 0xffffffff, 0, 0x414d1a)                        = 0
event_base_set(0x18f7890, 0x48ac40, 1, 0x7fd30f92420c)              = 0
event_add(0x48ac40, 0x7ffe83b2a100, 1, 0x7fd30f92420c)              = 0
clock_gettime(1, 0x7ffe83b2a110, 0x7fffffff, 0)                     = 0
event_del(0x48ac40, 1, 0, 0)                                        = 0
event_set(0x48ac40, 0xffffffff, 0, 0x414d1a)                        = 0
event_base_set(0x18f7890, 0x48ac40, 1, 0x7fd30f92420c)              = 0
event_add(0x48ac40, 0x7ffe83b2a100, 1, 0x7fd30f92420c)              = 0
clock_gettime(1, 0x7ffe83b2a110, 0x7fffffff, 0)                     = 0
event_del(0x48ac40, 1, 0, 0)                                        = 0
event_set(0x48ac40, 0xffffffff, 0, 0x414d1a)                        = 0
event_base_set(0x18f7890, 0x48ac40, 1, 0x7fd30f92420c)              = 0
event_add(0x48ac40, 0x7ffe83b2a100, 1, 0x7fd30f92420c)              = 0
clock_gettime(1, 0x7ffe83b2a110, 0x7fffffff, 0)                     = 0
event_del(0x48ac40, 1, 0, 0)                                        = 0
event_set(0x48ac40, 0xffffffff, 0, 0x414d1a)                        = 0
event_base_set(0x18f7890, 0x48ac40, 1, 0x7fd30f92420c)              = 0
event_add(0x48ac40, 0x7ffe83b2a100, 1, 0x7fd30f92420c)              = 0
clock_gettime(1, 0x7ffe83b2a110, 0x7fffffff, 0)                     = 0
event_del(0x48ac40, 1, 0, 0)                                        = 0
event_set(0x48ac40, 0xffffffff, 0, 0x414d1a)                        = 0
event_base_set(0x18f7890, 0x48ac40, 1, 0x7fd30f92420c)              = 0
event_add(0x48ac40, 0x7ffe83b2a100, 1, 0x7fd30f92420c)              = 0
clock_gettime(1, 0x7ffe83b2a110, 0x7fffffff, 0)                     = 0
event_del(0x48ac40, 1, 0, 0)                                        = 0
event_set(0x48ac40, 0xffffffff, 0, 0x414d1a)                        = 0
event_base_set(0x18f7890, 0x48ac40, 1, 0x7fd30f92420c)              = 0
event_add(0x48ac40, 0x7ffe83b2a100, 1, 0x7fd30f92420c)              = 0
clock_gettime(1, 0x7ffe83b2a110, 0x7fffffff, 0)                     = 0
event_del(0x48ac40, 1, 0, 0)                                        = 0
event_set(0x48ac40, 0xffffffff, 0, 0x414d1a)                        = 0
event_base_set(0x18f7890, 0x48ac40, 1, 0x7fd30f92420c)              = 0
event_add(0x48ac40, 0x7ffe83b2a100, 1, 0x7fd30f92420c)              = 0
clock_gettime(1, 0x7ffe83b2a110, 0x7fffffff, 0)                     = 0
event_del(0x48ac40, 1, 0, 0)                                        = 0
event_set(0x48ac40, 0xffffffff, 0, 0x414d1a)                        = 0
event_base_set(0x18f7890, 0x48ac40, 1, 0x7fd30f92420c)              = 0
event_add(0x48ac40, 0x7ffe83b2a100, 1, 0x7fd30f92420c)              = 0
clock_gettime(1, 0x7ffe83b2a110, 0x7fffffff, 0)                     = 0
event_del(0x48ac40, 1, 0, 0)                                        = 0
event_set(0x48ac40, 0xffffffff, 0, 0x414d1a)                        = 0
event_base_set(0x18f7890, 0x48ac40, 1, 0x7fd30f92420c)              = 0
event_add(0x48ac40, 0x7ffe83b2a100, 1, 0x7fd30f92420c)              = 0
clock_gettime(1, 0x7ffe83b2a110, 0x7fffffff, 0)                     = 0
event_del(0x48ac40, 1, 0, 0)                                        = 0
event_set(0x48ac40, 0xffffffff, 0, 0x414d1a)                        = 0
event_base_set(0x18f7890, 0x48ac40, 1, 0x7fd30f92420c)              = 0
event_add(0x48ac40, 0x7ffe83b2a100, 1, 0x7fd30f92420c)              = 0
clock_gettime(1, 0x7ffe83b2a110, 0x7fffffff, 0)                     = 0
event_del(0x48ac40, 1, 0, 0)                                        = 0
event_set(0x48ac40, 0xffffffff, 0, 0x414d1a)                        = 0
event_base_set(0x18f7890, 0x48ac40, 1, 0x7fd30f92420c)              = 0
event_add(0x48ac40, 0x7ffe83b2a100, 1, 0x7fd30f92420c)              = 0
clock_gettime(1, 0x7ffe83b2a110, 0x7fffffff, 0)                     = 0
event_del(0x48ac40, 1, 0, 0)                                        = 0
event_set(0x48ac40, 0xffffffff, 0, 0x414d1a)                        = 0
event_base_set(0x18f7890, 0x48ac40, 1, 0x7fd30f92420c)              = 0
event_add(0x48ac40, 0x7ffe83b2a100, 1, 0x7fd30f92420c)              = 0
clock_gettime(1, 0x7ffe83b2a110, 0x7fffffff, 0)                     = 0
event_del(0x48ac40, 1, 0, 0)                                        = 0
event_set(0x48ac40, 0xffffffff, 0, 0x414d1a)                        = 0
event_base_set(0x18f7890, 0x48ac40, 1, 0x7fd30f92420c)              = 0
event_add(0x48ac40, 0x7ffe83b2a100, 1, 0x7fd30f92420c)              = 0
clock_gettime(1, 0x7ffe83b2a110, 0x7fffffff, 0)                     = 0
event_del(0x48ac40, 1, 0, 0)                                        = 0
event_set(0x48ac40, 0xffffffff, 0, 0x414d1a)                        = 0
event_base_set(0x18f7890, 0x48ac40, 1, 0x7fd30f92420c)              = 0
event_add(0x48ac40, 0x7ffe83b2a100, 1, 0x7fd30f92420c)              = 0
clock_gettime(1, 0x7ffe83b2a110, 0x7fffffff, 0)                     = 0
event_del(0x48ac40, 1, 0, 0)                                        = 0
event_set(0x48ac40, 0xffffffff, 0, 0x414d1a)                        = 0
event_base_set(0x18f7890, 0x48ac40, 1, 0x7fd30f92420c)              = 0
event_add(0x48ac40, 0x7ffe83b2a100, 1, 0x7fd30f92420c)              = 0
clock_gettime(1, 0x7ffe83b2a110, 0x7fffffff, 0)                     = 0
event_del(0x48ac40, 1, 0, 0)                                        = 0
event_set(0x48ac40, 0xffffffff, 0, 0x414d1a)                        = 0
event_base_set(0x18f7890, 0x48ac40, 1, 0x7fd30f92420c)              = 0
event_add(0x48ac40, 0x7ffe83b2a100, 1, 0x7fd30f92420c)              = 0
clock_gettime(1, 0x7ffe83b2a110, 0x7fffffff, 0)                     = 0
event_del(0x48ac40, 1, 0, 0)                                        = 0
event_set(0x48ac40, 0xffffffff, 0, 0x414d1a)                        = 0
event_base_set(0x18f7890, 0x48ac40, 1, 0x7fd30f92420c)              = 0
event_add(0x48ac40, 0x7ffe83b2a100, 1, 0x7fd30f92420c)              = 0
clock_gettime(1, 0x7ffe83b2a110, 0x7fffffff, 0)                     = 0
event_del(0x48ac40, 1, 0, 0)                                        = 0
event_set(0x48ac40, 0xffffffff, 0, 0x414d1a)                        = 0
event_base_set(0x18f7890, 0x48ac40, 1, 0x7fd30f92420c)              = 0
event_add(0x48ac40, 0x7ffe83b2a100, 1, 0x7fd30f92420c)              = 0
clock_gettime(1, 0x7ffe83b2a110, 0x7fffffff, 0)                     = 0
event_del(0x48ac40, 1, 0, 0)                                        = 0
event_set(0x48ac40, 0xffffffff, 0, 0x414d1a)                        = 0
event_base_set(0x18f7890, 0x48ac40, 1, 0x7fd30f92420c)              = 0
event_add(0x48ac40, 0x7ffe83b2a100, 1, 0x7fd30f92420c)              = 0
clock_gettime(1, 0x7ffe83b2a110, 0x7fffffff, 0)                     = 0
event_del(0x48ac40, 1, 0, 0)                                        = 0
event_set(0x48ac40, 0xffffffff, 0, 0x414d1a)                        = 0
event_base_set(0x18f7890, 0x48ac40, 1, 0x7fd30f92420c)              = 0
event_add(0x48ac40, 0x7ffe83b2a100, 1, 0x7fd30f92420c)              = 0
clock_gettime(1, 0x7ffe83b2a110, 0x7fffffff, 0)                     = 0
event_del(0x48ac40, 1, 0, 0)                                        = 0
event_set(0x48ac40, 0xffffffff, 0, 0x414d1a)                        = 0
event_base_set(0x18f7890, 0x48ac40, 1, 0x7fd30f92420c)              = 0
event_add(0x48ac40, 0x7ffe83b2a100, 1, 0x7fd30f92420c)              = 0
clock_gettime(1, 0x7ffe83b2a110, 0x7fffffff, 0)                     = 0
event_del(0x48ac40, 1, 0, 0)                                        = 0
event_set(0x48ac40, 0xffffffff, 0, 0x414d1a)                        = 0
event_base_set(0x18f7890, 0x48ac40, 1, 0x7fd30f92420c)              = 0
event_add(0x48ac40, 0x7ffe83b2a100, 1, 0x7fd30f92420c)              = 0
clock_gettime(1, 0x7ffe83b2a110, 0x7fffffff, 0)                     = 0
event_del(0x48ac40, 1, 0, 0)                                        = 0
event_set(0x48ac40, 0xffffffff, 0, 0x414d1a)                        = 0
event_base_set(0x18f7890, 0x48ac40, 1, 0x7fd30f92420c)              = 0
event_add(0x48ac40, 0x7ffe83b2a100, 1, 0x7fd30f92420c)              = 0
clock_gettime(1, 0x7ffe83b2a110, 0x7fffffff, 0)                     = 0
event_del(0x48ac40, 1, 0, 0)                                        = 0
event_set(0x48ac40, 0xffffffff, 0, 0x414d1a)                        = 0
event_base_set(0x18f7890, 0x48ac40, 1, 0x7fd30f92420c)              = 0
event_add(0x48ac40, 0x7ffe83b2a100, 1, 0x7fd30f92420c)              = 0
clock_gettime(1, 0x7ffe83b2a110, 0x7fffffff, 0)                     = 0
event_del(0x48ac40, 1, 0, 0)                                        = 0
event_set(0x48ac40, 0xffffffff, 0, 0x414d1a)                        = 0
event_base_set(0x18f7890, 0x48ac40, 1, 0x7fd30f92420c)              = 0
event_add(0x48ac40, 0x7ffe83b2a100, 1, 0x7fd30f92420c)              = 0
clock_gettime(1, 0x7ffe83b2a110, 0x7fffffff, 0)                     = 0
event_del(0x48ac40, 1, 0, 0)                                        = 0
event_set(0x48ac40, 0xffffffff, 0, 0x414d1a)                        = 0
event_base_set(0x18f7890, 0x48ac40, 1, 0x7fd30f92420c)              = 0
event_add(0x48ac40, 0x7ffe83b2a100, 1, 0x7fd30f92420c)              = 0
clock_gettime(1, 0x7ffe83b2a110, 0x7fffffff, 0)                     = 0
event_del(0x48ac40, 1, 0, 0)                                        = 0
event_set(0x48ac40, 0xffffffff, 0, 0x414d1a)                        = 0
event_base_set(0x18f7890, 0x48ac40, 1, 0x7fd30f92420c)              = 0
event_add(0x48ac40, 0x7ffe83b2a100, 1, 0x7fd30f92420c)              = 0
clock_gettime(1, 0x7ffe83b2a110, 0x7fffffff, 0)                     = 0
event_del(0x48ac40, 1, 0, 0)                                        = 0
event_set(0x48ac40, 0xffffffff, 0, 0x414d1a)                        = 0
event_base_set(0x18f7890, 0x48ac40, 1, 0x7fd30f92420c)              = 0
event_add(0x48ac40, 0x7ffe83b2a100, 1, 0x7fd30f92420c)              = 0
clock_gettime(1, 0x7ffe83b2a110, 0x7fffffff, 0)                     = 0
event_del(0x48ac40, 1, 0, 0)                                        = 0
event_set(0x48ac40, 0xffffffff, 0, 0x414d1a)                        = 0
event_base_set(0x18f7890, 0x48ac40, 1, 0x7fd30f92420c)              = 0
event_add(0x48ac40, 0x7ffe83b2a100, 1, 0x7fd30f92420c)              = 0
clock_gettime(1, 0x7ffe83b2a110, 0x7fffffff, 0)                     = 0
event_del(0x48ac40, 1, 0, 0)                                        = 0
event_set(0x48ac40, 0xffffffff, 0, 0x414d1a)                        = 0
event_base_set(0x18f7890, 0x48ac40, 1, 0x7fd30f92420c)              = 0
event_add(0x48ac40, 0x7ffe83b2a100, 1, 0x7fd30f92420c)              = 0
clock_gettime(1, 0x7ffe83b2a110, 0x7fffffff, 0)                     = 0
event_del(0x48ac40, 1, 0, 0)                                        = 0
event_set(0x48ac40, 0xffffffff, 0, 0x414d1a)                        = 0
event_base_set(0x18f7890, 0x48ac40, 1, 0x7fd30f92420c)              = 0
event_add(0x48ac40, 0x7ffe83b2a100, 1, 0x7fd30f92420c)              = 0
clock_gettime(1, 0x7ffe83b2a110, 0x7fffffff, 0)                     = 0
event_del(0x48ac40, 1, 0, 0)                                        = 0
event_set(0x48ac40, 0xffffffff, 0, 0x414d1a)                        = 0
event_base_set(0x18f7890, 0x48ac40, 1, 0x7fd30f92420c)              = 0
event_add(0x48ac40, 0x7ffe83b2a100, 1, 0x7fd30f92420c)              = 0
clock_gettime(1, 0x7ffe83b2a110, 0x7fffffff, 0)                     = 0
event_del(0x48ac40, 1, 0, 0)                                        = 0
event_set(0x48ac40, 0xffffffff, 0, 0x414d1a)                        = 0
event_base_set(0x18f7890, 0x48ac40, 1, 0x7fd30f92420c)              = 0
event_add(0x48ac40, 0x7ffe83b2a100, 1, 0x7fd30f92420c)              = 0
clock_gettime(1, 0x7ffe83b2a110, 0x7fffffff, 0)                     = 0
event_del(0x48ac40, 1, 0, 0)                                        = 0
event_set(0x48ac40, 0xffffffff, 0, 0x414d1a)                        = 0
event_base_set(0x18f7890, 0x48ac40, 1, 0x7fd30f92420c)              = 0
event_add(0x48ac40, 0x7ffe83b2a100, 1, 0x7fd30f92420c)              = 0
clock_gettime(1, 0x7ffe83b2a110, 0x7fffffff, 0)                     = 0
event_del(0x48ac40, 1, 0, 0)                                        = 0
event_set(0x48ac40, 0xffffffff, 0, 0x414d1a)                        = 0
event_base_set(0x18f7890, 0x48ac40, 1, 0x7fd30f92420c)              = 0
event_add(0x48ac40, 0x7ffe83b2a100, 1, 0x7fd30f92420c)              = 0
clock_gettime(1, 0x7ffe83b2a110, 0x7fffffff, 0)                     = 0
event_del(0x48ac40, 1, 0, 0)                                        = 0
event_set(0x48ac40, 0xffffffff, 0, 0x414d1a)                        = 0
event_base_set(0x18f7890, 0x48ac40, 1, 0x7fd30f92420c)              = 0
event_add(0x48ac40, 0x7ffe83b2a100, 1, 0x7fd30f92420c)              = 0
clock_gettime(1, 0x7ffe83b2a110, 0x7fffffff, 0)                     = 0
event_del(0x48ac40, 1, 0, 0)                                        = 0
event_set(0x48ac40, 0xffffffff, 0, 0x414d1a)                        = 0
event_base_set(0x18f7890, 0x48ac40, 1, 0x7fd30f92420c)              = 0
event_add(0x48ac40, 0x7ffe83b2a100, 1, 0x7fd30f92420c)              = 0
clock_gettime(1, 0x7ffe83b2a110, 0x7fffffff, 0)                     = 0
event_del(0x48ac40, 1, 0, 0)                                        = 0
event_set(0x48ac40, 0xffffffff, 0, 0x414d1a)                        = 0
event_base_set(0x18f7890, 0x48ac40, 1, 0x7fd30f92420c)              = 0
event_add(0x48ac40, 0x7ffe83b2a100, 1, 0x7fd30f92420c)              = 0
clock_gettime(1, 0x7ffe83b2a110, 0x7fffffff, 0)                     = 0
event_del(0x48ac40, 1, 0, 0)                                        = 0
event_set(0x48ac40, 0xffffffff, 0, 0x414d1a)                        = 0
event_base_set(0x18f7890, 0x48ac40, 1, 0x7fd30f92420c)              = 0
event_add(0x48ac40, 0x7ffe83b2a100, 1, 0x7fd30f92420c)              = 0
clock_gettime(1, 0x7ffe83b2a110, 0x7fffffff, 0)                     = 0
event_del(0x48ac40, 1, 0, 0)                                        = 0
event_set(0x48ac40, 0xffffffff, 0, 0x414d1a)                        = 0
event_base_set(0x18f7890, 0x48ac40, 1, 0x7fd30f92420c)              = 0
event_add(0x48ac40, 0x7ffe83b2a100, 1, 0x7fd30f92420c)              = 0
clock_gettime(1, 0x7ffe83b2a110, 0x7fffffff, 0)                     = 0
event_del(0x48ac40, 1, 0, 0)                                        = 0
event_set(0x48ac40, 0xffffffff, 0, 0x414d1a)                        = 0
event_base_set(0x18f7890, 0x48ac40, 1, 0x7fd30f92420c)              = 0
event_add(0x48ac40, 0x7ffe83b2a100, 1, 0x7fd30f92420c)              = 0
clock_gettime(1, 0x7ffe83b2a110, 0x7fffffff, 0)                     = 0
event_del(0x48ac40, 1, 0, 0)                                        = 0
event_set(0x48ac40, 0xffffffff, 0, 0x414d1a)                        = 0
event_base_set(0x18f7890, 0x48ac40, 1, 0x7fd30f92420c)              = 0
event_add(0x48ac40, 0x7ffe83b2a100, 1, 0x7fd30f92420c)              = 0
clock_gettime(1, 0x7ffe83b2a110, 0x7fffffff, 0)                     = 0
event_del(0x48ac40, 1, 0, 0)                                        = 0
event_set(0x48ac40, 0xffffffff, 0, 0x414d1a)                        = 0
event_base_set(0x18f7890, 0x48ac40, 1, 0x7fd30f92420c)              = 0
event_add(0x48ac40, 0x7ffe83b2a100, 1, 0x7fd30f92420c)              = 0
clock_gettime(1, 0x7ffe83b2a110, 0x7fffffff, 0)                     = 0
event_del(0x48ac40, 1, 0, 0)                                        = 0
event_set(0x48ac40, 0xffffffff, 0, 0x414d1a)                        = 0
event_base_set(0x18f7890, 0x48ac40, 1, 0x7fd30f92420c)              = 0
event_add(0x48ac40, 0x7ffe83b2a100, 1, 0x7fd30f92420c)              = 0
clock_gettime(1, 0x7ffe83b2a110, 0x7fffffff, 0)                     = 0
event_del(0x48ac40, 1, 0, 0)                                        = 0
event_set(0x48ac40, 0xffffffff, 0, 0x414d1a)                        = 0
event_base_set(0x18f7890, 0x48ac40, 1, 0x7fd30f92420c)              = 0
event_add(0x48ac40, 0x7ffe83b2a100, 1, 0x7fd30f92420c)              = 0
clock_gettime(1, 0x7ffe83b2a110, 0x7fffffff, 0)                     = 0
event_del(0x48ac40, 1, 0, 0)                                        = 0
event_set(0x48ac40, 0xffffffff, 0, 0x414d1a)                        = 0
event_base_set(0x18f7890, 0x48ac40, 1, 0x7fd30f92420c)              = 0
event_add(0x48ac40, 0x7ffe83b2a100, 1, 0x7fd30f92420c)              = 0
clock_gettime(1, 0x7ffe83b2a110, 0x7fffffff, 0)                     = 0
event_del(0x48ac40, 1, 0, 0)                                        = 0
event_set(0x48ac40, 0xffffffff, 0, 0x414d1a)                        = 0
event_base_set(0x18f7890, 0x48ac40, 1, 0x7fd30f92420c)              = 0
event_add(0x48ac40, 0x7ffe83b2a100, 1, 0x7fd30f92420c)              = 0
clock_gettime(1, 0x7ffe83b2a110, 0x7fffffff, 0)                     = 0
event_del(0x48ac40, 1, 0, 0)                                        = 0
event_set(0x48ac40, 0xffffffff, 0, 0x414d1a)                        = 0
event_base_set(0x18f7890, 0x48ac40, 1, 0x7fd30f92420c)              = 0
event_add(0x48ac40, 0x7ffe83b2a100, 1, 0x7fd30f92420c)              = 0
clock_gettime(1, 0x7ffe83b2a110, 0x7fffffff, 0)                     = 0
event_del(0x48ac40, 1, 0, 0)                                        = 0
event_set(0x48ac40, 0xffffffff, 0, 0x414d1a)                        = 0
event_base_set(0x18f7890, 0x48ac40, 1, 0x7fd30f92420c)              = 0
event_add(0x48ac40, 0x7ffe83b2a100, 1, 0x7fd30f92420c)              = 0
clock_gettime(1, 0x7ffe83b2a110, 0x7fffffff, 0)                     = 0
event_del(0x48ac40, 1, 0, 0)                                        = 0
event_set(0x48ac40, 0xffffffff, 0, 0x414d1a)                        = 0
event_base_set(0x18f7890, 0x48ac40, 1, 0x7fd30f92420c)              = 0
event_add(0x48ac40, 0x7ffe83b2a100, 1, 0x7fd30f92420c)              = 0
clock_gettime(1, 0x7ffe83b2a110, 0x7fffffff, 0)                     = 0
event_del(0x48ac40, 1, 0, 0)                                        = 0
event_set(0x48ac40, 0xffffffff, 0, 0x414d1a)                        = 0
event_base_set(0x18f7890, 0x48ac40, 1, 0x7fd30f92420c)              = 0
event_add(0x48ac40, 0x7ffe83b2a100, 1, 0x7fd30f92420c)              = 0
clock_gettime(1, 0x7ffe83b2a110, 0x7fffffff, 0)                     = 0
event_del(0x48ac40, 1, 0, 0)                                        = 0
event_set(0x48ac40, 0xffffffff, 0, 0x414d1a)                        = 0
event_base_set(0x18f7890, 0x48ac40, 1, 0x7fd30f92420c)              = 0
event_add(0x48ac40, 0x7ffe83b2a100, 1, 0x7fd30f92420c)              = 0
clock_gettime(1, 0x7ffe83b2a110, 0x7fffffff, 0)                     = 0
event_del(0x48ac40, 1, 0, 0)                                        = 0
event_set(0x48ac40, 0xffffffff, 0, 0x414d1a)                        = 0
event_base_set(0x18f7890, 0x48ac40, 1, 0x7fd30f92420c)              = 0
event_add(0x48ac40, 0x7ffe83b2a100, 1, 0x7fd30f92420c)              = 0
clock_gettime(1, 0x7ffe83b2a110, 0x7fffffff, 0)                     = 0
event_del(0x48ac40, 1, 0, 0)                                        = 0
event_set(0x48ac40, 0xffffffff, 0, 0x414d1a)                        = 0
event_base_set(0x18f7890, 0x48ac40, 1, 0x7fd30f92420c)              = 0
event_add(0x48ac40, 0x7ffe83b2a100, 1, 0x7fd30f92420c)              = 0
clock_gettime(1, 0x7ffe83b2a110, 0x7fffffff, 0)                     = 0
event_del(0x48ac40, 1, 0, 0)                                        = 0
event_set(0x48ac40, 0xffffffff, 0, 0x414d1a)                        = 0
event_base_set(0x18f7890, 0x48ac40, 1, 0x7fd30f92420c)              = 0
event_add(0x48ac40, 0x7ffe83b2a100, 1, 0x7fd30f92420c)              = 0
clock_gettime(1, 0x7ffe83b2a110, 0x7fffffff, 0)                     = 0
event_del(0x48ac40, 1, 0, 0)                                        = 0
event_set(0x48ac40, 0xffffffff, 0, 0x414d1a)                        = 0
event_base_set(0x18f7890, 0x48ac40, 1, 0x7fd30f92420c)              = 0
event_add(0x48ac40, 0x7ffe83b2a100, 1, 0x7fd30f92420c)              = 0
clock_gettime(1, 0x7ffe83b2a110, 0x7fffffff, 0)                     = 0
